{"t":[{"r":"BLACK FOREST DRIVE","v":4106,"h":5,"c":[[144.52665,-37.36918],[144.52635,-37.37472],[144.52761,-37.3802],[144.52627,-37.38509],[144.52623,-37.38674],[144.52692,-37.39207]]},{"r":"BLACK FOREST DRIVE","v":4168,"h":4,"c":[[144.52692,-37.39207],[144.52623,-37.38674],[144.52627,-37.38509],[144.52761,-37.3802],[144.52635,-37.37472],[144.52665,-37.36918]]}]}