{"t":[{"r":"FOREST STREET","v":1560,"h":6,"c":[[144.51149,-37.35075],[144.51776,-37.35313]]},{"r":"AVENUE OF HONOUR","v":4579,"h":5,"c":[[144.5353,-37.34824],[144.53509,-37.3493],[144.53364,-37.35165],[144.52918,-37.35508]]},{"r":"TYLDEN-WOODEND ROAD","v":1561,"h":8,"c":[[144.51776,-37.35313],[144.51168,-37.3508]]},{"r":"AVENUE OF HONOUR","v":4615,"h":3,"c":[[144.52918,-37.35508],[144.53364,-37.35165],[144.53509,-37.3493],[144.5353,-37.34824]]}]}