{"t":[{"r":"BLACK FOREST DRIVE","v":4106,"h":5,"c":[[144.52623,-37.38674],[144.52692,-37.39207],[144.52841,-37.39527],[144.529,-37.39862],[144.53033,-37.40042],[144.53737,-37.40481]]},{"r":"BLACK FOREST DRIVE","v":4168,"h":4,"c":[[144.53737,-37.40481],[144.53033,-37.40042],[144.529,-37.39862],[144.52841,-37.39527],[144.52692,-37.39207],[144.52623,-37.38674]]}]}