{"t":[{"r":"ROBERTSON STREET","v":1797,"h":11,"c":[[144.55563,-37.48077],[144.53461,-37.47631],[144.53186,-37.47635],[144.53035,-37.47691],[144.4964,-37.49855]]},{"r":"GISBORNE ROAD","v":1724,"h":12,"c":[[144.4964,-37.49855],[144.53035,-37.47691],[144.53186,-37.47635],[144.53461,-37.47631],[144.55563,-37.48077]]}]}