{"t":[{"r":"ROBERTSON STREET","v":1797,"h":11,"c":[[144.53035,-37.47691],[144.4964,-37.49855]]},{"r":"GISBORNE ROAD","v":1724,"h":12,"c":[[144.4964,-37.49855],[144.53035,-37.47691]]}]}