{"t":[{"r":"DIGGERS REST-COIMADAI ROAD","v":1312,"h":25,"c":[[144.51375,-37.61136],[144.51621,-37.61138],[144.51971,-37.61229],[144.52208,-37.61357],[144.52454,-37.6143]]},{"r":"DIGGERS REST-COIMADAI ROAD","v":1312,"h":25,"c":[[144.52806,-37.61696],[144.56818,-37.61198]]},{"r":"DIGGERS REST-COIMADAI ROAD","v":1524,"h":17,"c":[[144.56818,-37.61198],[144.52806,-37.61696]]},{"r":"DIGGERS REST-COIMADAI ROAD","v":1524,"h":17,"c":[[144.52454,-37.6143],[144.52208,-37.61357],[144.51971,-37.61229],[144.51621,-37.61138],[144.51375,-37.61136]]}]}