{"t":[{"r":"DIGGERS REST-COIMADAI ROAD","v":1312,"h":25,"c":[[144.52208,-37.61357],[144.52454,-37.6143],[144.5266,-37.61648],[144.52806,-37.61696],[144.56818,-37.61198]]},{"r":"DIGGERS REST-COIMADAI ROAD","v":1524,"h":17,"c":[[144.56818,-37.61198],[144.52806,-37.61696],[144.5266,-37.61648],[144.52454,-37.6143],[144.52208,-37.61357]]}]}