{"t":[{"r":"BALLAN ROAD","v":1798,"h":13,"c":[[144.5454,-37.83402],[144.52954,-37.82064]]},{"r":"BALLAN ROAD","v":1842,"h":14,"c":[[144.52954,-37.82064],[144.5454,-37.83402]]}]}