{"t":[{"r":"LITTLE RIVER ROAD","v":490,"h":6,"c":[[144.5042,-37.9615],[144.51906,-37.96323]]},{"r":"LITTLE RIVER ROAD","v":534,"h":6,"c":[[144.5042,-37.9615],[144.51906,-37.96323]]}]}