{"t":[{"r":"PRINCES FREEWAY","v":29461,"h":13,"c":[[144.53348,-37.9818],[144.53763,-37.97965]]},{"r":"PRINCES FREEWAY","v":36115,"h":9,"c":[[144.51277,-37.9924],[144.53348,-37.9818]]},{"r":"PRINCES FREEWAY","v":36811,"h":8,"c":[[144.53354,-37.98198],[144.51395,-37.99208]]},{"r":"PRINCES FREEWAY","v":29850,"h":14,"c":[[144.53683,-37.98031],[144.53354,-37.98198]]}]}