{"t":[{"r":"GRUBB ROAD","v":6814,"h":6,"c":[[144.53657,-38.25257],[144.53558,-38.25756]]},{"r":"GRUBB ROAD","v":6834,"h":6,"c":[[144.53558,-38.25756],[144.53657,-38.25257]]}]}