{"t":[{"r":"PLENTY ROAD","v":3803,"h":14,"c":[[145.17431,-37.48961],[145.17048,-37.48899],[145.16698,-37.48898],[145.16428,-37.49008],[145.15972,-37.49081],[145.15842,-37.49143],[145.15685,-37.49339]]},{"r":"WHITTLESEA-YEA ROAD","v":3742,"h":18,"c":[[145.15685,-37.49339],[145.15842,-37.49143],[145.15972,-37.49081],[145.16428,-37.49008],[145.16698,-37.48898],[145.17048,-37.48899],[145.17431,-37.48961]]}]}