{"t":[{"r":"PLENTY ROAD","v":3803,"h":14,"c":[[145.15842,-37.49143],[145.15685,-37.49339],[145.15519,-37.4946],[145.14128,-37.50253]]},{"r":"WHITTLESEA-YEA ROAD","v":3742,"h":18,"c":[[145.14128,-37.50253],[145.15519,-37.4946],[145.15685,-37.49339],[145.15842,-37.49143]]}]}