{"t":[{"r":"ARTHURS CREEK ROAD","v":3717,"h":6,"c":[[145.14403,-37.57261],[145.16312,-37.57137]]},{"r":"ARTHURS CREEK ROAD","v":3717,"h":6,"c":[[145.14403,-37.57261],[145.16312,-37.57137]]}]}