{"t":[{"r":"WATTLETREE ROAD","v":9628,"h":6,"c":[[145.1502,-37.69772],[145.15143,-37.69901],[145.15164,-37.70206]]},{"r":"RYANS ROAD","v":9382,"h":6,"c":[[145.15164,-37.70206],[145.15143,-37.69901],[145.1502,-37.69772]]}]}