{"t":[{"r":"HEIDELBERG-KINGLAKE ROAD","v":8912,"h":5,"c":[[145.15066,-37.6725],[145.15179,-37.67303],[145.15547,-37.67367],[145.15718,-37.67427],[145.16518,-37.67468],[145.1677,-37.67317],[145.16881,-37.67104],[145.1754,-37.66891]]},{"r":"BROAD GULLY ROAD","v":196,"h":6,"c":[[145.16407,-37.6657],[145.16386,-37.66692],[145.16279,-37.6684],[145.16096,-37.66938],[145.15634,-37.66874],[145.1529,-37.6695],[145.14969,-37.66941]]},{"r":"MAIN HURSTBRIDGE ROAD","v":11368,"h":5,"c":[[145.1754,-37.66891],[145.16881,-37.67104],[145.1677,-37.67317],[145.16518,-37.67468],[145.15705,-37.67425],[145.15547,-37.67367],[145.15179,-37.67303],[145.15066,-37.6725]]},{"r":"BROAD GULLY ROAD","v":202,"h":6,"c":[[145.16407,-37.6657],[145.16386,-37.66692],[145.16279,-37.6684],[145.16096,-37.66938],[145.15634,-37.66874],[145.1529,-37.6695],[145.14969,-37.66941]]}]}