{"t":[{"r":"BLACK GULLY ROAD","v":3717,"h":6,"c":[[145.1504,-37.64896],[145.15501,-37.64975]]},{"r":"BROAD GULLY ROAD","v":196,"h":6,"c":[[145.16877,-37.63139],[145.16781,-37.6324],[145.16698,-37.63398],[145.16608,-37.63744],[145.16475,-37.63918],[145.1643,-37.64105],[145.16493,-37.64248],[145.16743,-37.64347],[145.16795,-37.64428],[145.16758,-37.6455],[145.16773,-37.64624],[145.16991,-37.64837],[145.17113,-37.64906]]},{"r":"BLACK GULLY ROAD","v":3717,"h":6,"c":[[145.1504,-37.64896],[145.15501,-37.64975]]},{"r":"BROAD GULLY ROAD","v":202,"h":6,"c":[[145.16877,-37.63139],[145.16781,-37.6324],[145.16698,-37.63398],[145.16608,-37.63744],[145.16475,-37.63918],[145.1643,-37.64105],[145.16493,-37.64248],[145.16743,-37.64347],[145.16795,-37.64428],[145.16758,-37.6455],[145.16773,-37.64624],[145.16991,-37.64837],[145.17113,-37.64906]]}]}