{"t":[{"r":"DOCTORS GULLY ROAD","v":2262,"h":9,"c":[[145.15118,-37.60909],[145.1526,-37.6101],[145.15426,-37.61021],[145.15581,-37.6098],[145.15679,-37.61016],[145.15745,-37.61099],[145.15857,-37.61168],[145.16082,-37.61243],[145.16491,-37.6125],[145.16949,-37.61063],[145.17476,-37.61082]]},{"r":"DOCTORS GULLY ROAD","v":2428,"h":4,"c":[[145.15118,-37.60909],[145.1526,-37.6101],[145.15426,-37.61021],[145.15581,-37.6098],[145.15679,-37.61016],[145.15745,-37.61099],[145.15857,-37.61168],[145.16082,-37.61243],[145.16491,-37.6125],[145.16949,-37.61063],[145.17476,-37.61082]]}]}