{"t":[{"r":"MORNINGTON PENINSULA OUT-THOMPSON RAMP OF","v":10320,"h":7,"c":[[145.15342,-38.06707],[145.17838,-38.07015]]},{"r":"THOMPSON ROAD","v":8788,"h":6,"c":[[145.15025,-38.06709],[145.153,-38.06702]]},{"r":"THOMPSON ROAD","v":11786,"h":7,"c":[[145.17838,-38.07015],[145.15757,-38.06758],[145.15337,-38.06732]]},{"r":"THOMPSON ROAD","v":7737,"h":5,"c":[[145.153,-38.06729],[145.15025,-38.06709]]}]}