{"t":[{"r":"PERRY ROAD","v":3130,"h":6,"c":[[145.17165,-38.01156],[145.18017,-38.01888]]},{"r":"PERRY ROAD","v":4851,"h":6,"c":[[145.17165,-38.01156],[145.18017,-38.01888]]}]}