{"t":[{"r":"SOUTH BEACH ROAD","v":3717,"h":6,"c":[[145.16586,-38.35352],[145.18101,-38.38633]]},{"r":"FRANKSTON-FLINDERS ROAD","v":3100,"h":8,"c":[[145.155,-38.35375],[145.14581,-38.36036]]},{"r":"FRANKSTON-FLINDERS ROAD","v":2844,"h":8,"c":[[145.14581,-38.36036],[145.155,-38.35375]]},{"r":"SOUTH BEACH ROAD","v":3717,"h":6,"c":[[145.16586,-38.35352],[145.18101,-38.38633]]}]}