{"t":[{"r":"VENTNOR ROAD","v":583,"h":8,"c":[[145.16481,-38.49216],[145.18614,-38.47342]]},{"r":"VENTNOR ROAD","v":585,"h":7,"c":[[145.18614,-38.47342],[145.16481,-38.49216]]}]}