{"n":{"rail":[[[145.24554,-37.83017],[145.23897,-37.81815]],[[145.23902,-37.81813],[145.24567,-37.83029]]],"freeway":[[[145.21817,-37.83229],[145.21818,-37.83253]],[[145.21749,-37.83623],[145.21739,-37.82808]],[[145.21818,-37.83177],[145.21846,-37.83229]],[[145.21747,-37.82116],[145.21767,-37.82784]],[[145.21732,-37.82372],[145.2167,-37.81744]],[[145.21905,-37.83251],[145.21817,-37.8328]],[[145.21756,-37.83836],[145.21756,-37.83778]],[[145.21783,-37.83778],[145.21784,-37.83835]],[[145.21739,-37.82808],[145.21734,-37.82544]],[[145.21773,-37.82971],[145.21784,-37.83636]],[[145.21767,-37.82784],[145.21791,-37.8294]],[[145.21749,-37.83623],[145.21715,-37.8336]],[[145.21814,-37.8337],[145.21784,-37.83636]],[[145.21718,-37.83019],[145.21739,-37.82808]],[[145.21818,-37.83177],[145.21817,-37.83229]],[[145.21784,-37.83835],[145.21785,-37.83865]],[[145.2176,-37.84037],[145.21756,-37.83836]],[[145.21818,-37.83253],[145.21817,-37.8328]],[[145.21815,-37.83148],[145.21818,-37.83177]],[[145.21732,-37.82372],[145.21699,-37.82155]],[[145.21791,-37.8294],[145.21811,-37.83101]],[[145.21811,-37.83101],[145.21815,-37.83148]],[[145.21784,-37.83636],[145.21783,-37.83778]],[[145.21767,-37.82784],[145.21773,-37.82971]],[[145.21756,-37.83778],[145.21749,-37.83623]],[[145.21785,-37.83865],[145.21783,-37.84235]],[[145.21734,-37.82544],[145.21732,-37.82372]],[[145.21817,-37.8328],[145.21814,-37.8337]]]}}