{"n":{"rail":[[[145.23108,-37.81493],[145.23133,-37.81481]],[[145.23112,-37.81499],[145.23059,-37.81522]],[[145.24554,-37.83017],[145.23897,-37.81815]],[[145.23771,-37.81596],[145.23662,-37.81503],[145.23512,-37.81445],[145.23323,-37.81423],[145.23212,-37.81451]],[[145.24106,-37.81415],[145.23451,-37.81376],[145.23177,-37.81467]],[[145.23137,-37.81488],[145.23112,-37.81499]],[[145.22731,-37.81662],[145.22709,-37.81671]],[[145.22709,-37.81671],[145.22381,-37.81801],[145.2205,-37.81842]],[[145.2205,-37.81842],[145.22034,-37.81843]],[[145.22034,-37.81843],[145.21761,-37.8186]],[[145.21761,-37.8186],[145.21636,-37.81868]],[[145.23258,-37.81435],[145.23479,-37.81378],[145.2375,-37.81397]],[[145.21636,-37.81865],[145.21761,-37.81857]],[[145.21761,-37.81857],[145.22034,-37.8184]],[[145.22034,-37.8184],[145.22049,-37.81839]],[[145.22049,-37.81839],[145.22372,-37.818],[145.22707,-37.81668]],[[145.22707,-37.81668],[145.22729,-37.81659]],[[145.2274,-37.81654],[145.23016,-37.81533]],[[145.2274,-37.81654],[145.22789,-37.81637]],[[145.22789,-37.81637],[145.22737,-37.81659]],[[145.22998,-37.81548],[145.22828,-37.81623]],[[145.22998,-37.81548],[145.23063,-37.81516]],[[145.23101,-37.815],[145.23059,-37.81522]],[[145.23198,-37.81453],[145.23141,-37.81482]],[[145.23902,-37.81813],[145.24567,-37.83029]],[[145.23358,-37.81423],[145.23599,-37.81467],[145.23775,-37.81594]],[[145.23779,-37.81592],[145.23586,-37.81459],[145.2331,-37.81424]],[[145.23313,-37.81419],[145.23512,-37.81433],[145.23677,-37.81498]],[[145.2375,-37.81401],[145.23491,-37.81381],[145.23349,-37.8141]],[[145.23101,-37.815],[145.23063,-37.81516]],[[145.23135,-37.81485],[145.2311,-37.81496]],[[145.23133,-37.81481],[145.2345,-37.81373],[145.24118,-37.81411]],[[145.23016,-37.81533],[145.23108,-37.81493]],[[145.23059,-37.81522],[145.22833,-37.81629]],[[145.23016,-37.81533],[145.23063,-37.81516]],[[145.23059,-37.81522],[145.22998,-37.81548]],[[145.22833,-37.81629],[145.22737,-37.81659]],[[145.23177,-37.81467],[145.23135,-37.81485]],[[145.2311,-37.81496],[145.23101,-37.815]],[[145.23897,-37.81815],[145.23748,-37.81587],[145.23605,-37.81484]],[[145.23606,-37.81481],[145.23742,-37.81574],[145.23902,-37.81813]],[[145.23605,-37.81484],[145.23363,-37.81436],[145.23137,-37.81488]],[[145.23177,-37.81467],[145.23396,-37.81433],[145.23606,-37.81481]],[[145.22828,-37.81623],[145.22789,-37.81637]],[[145.22729,-37.81659],[145.2274,-37.81654]],[[145.22737,-37.81659],[145.22731,-37.81662]]],"freeway":[[[145.24004,-37.80911],[145.23918,-37.80979]],[[145.21959,-37.81073],[145.22262,-37.81013],[145.22666,-37.81035]],[[145.21713,-37.81708],[145.21758,-37.81701]],[[145.23048,-37.81474],[145.23095,-37.81459]],[[145.23114,-37.81465],[145.23102,-37.81469]],[[145.23319,-37.81369],[145.23311,-37.81359]],[[145.22666,-37.81035],[145.22719,-37.81025]],[[145.21563,-37.81185],[145.21959,-37.81073]],[[145.21983,-37.81703],[145.21736,-37.8174]],[[145.21744,-37.81947],[145.21747,-37.82116]],[[145.2173,-37.81681],[145.21744,-37.81695]],[[145.22252,-37.81029],[145.22041,-37.81061]],[[145.21783,-37.81236],[145.21694,-37.81376]],[[145.21792,-37.81224],[145.21777,-37.81236]],[[145.21643,-37.81209],[145.21959,-37.81073]],[[145.2181,-37.81176],[145.21751,-37.81229]],[[145.21842,-37.8117],[145.21792,-37.81224]],[[145.21751,-37.81229],[145.21616,-37.81333]],[[145.22766,-37.81063],[145.22735,-37.81061]],[[145.22734,-37.81041],[145.22764,-37.81043]],[[145.2302,-37.81055],[145.23071,-37.81055]],[[145.21777,-37.81236],[145.21673,-37.81381]],[[145.21747,-37.82116],[145.21767,-37.82784]],[[145.21732,-37.82372],[145.2167,-37.81744]],[[145.21724,-37.81577],[145.2173,-37.81681]],[[145.22736,-37.81577],[145.23048,-37.81474]],[[145.22907,-37.81527],[145.22774,-37.81572]],[[145.22734,-37.81008],[145.22764,-37.81043]],[[145.22795,-37.81064],[145.22735,-37.81086]],[[145.22735,-37.81061],[145.22719,-37.8106]],[[145.22049,-37.81695],[145.22255,-37.81703],[145.22576,-37.81634]],[[145.22049,-37.81706],[145.21983,-37.81703]],[[145.22666,-37.81035],[145.22718,-37.8104]],[[145.22703,-37.81059],[145.22503,-37.81044]],[[145.22991,-37.81074],[145.22795,-37.81064]],[[145.22764,-37.81043],[145.22845,-37.8105]],[[145.2173,-37.81681],[145.21713,-37.81708]],[[145.21983,-37.81703],[145.21731,-37.81723]],[[145.21758,-37.81701],[145.21839,-37.8169]],[[145.2342,-37.81065],[145.23672,-37.81091]],[[145.23678,-37.81108],[145.23071,-37.81073]],[[145.23711,-37.81141],[145.23617,-37.81206]],[[145.23891,-37.8098],[145.24589,-37.80404]],[[145.23722,-37.81111],[145.23741,-37.81098]],[[145.23766,-37.81101],[145.23749,-37.81114]],[[145.23741,-37.81098],[145.23766,-37.81101]],[[145.23675,-37.81146],[145.23678,-37.81108]],[[145.23672,-37.81091],[145.23739,-37.81079]],[[145.22581,-37.81646],[145.22273,-37.81713],[145.22049,-37.81706]],[[145.23749,-37.81114],[145.23722,-37.81111]],[[145.23599,-37.81199],[145.23675,-37.81146]],[[145.22774,-37.81572],[145.22733,-37.8159]],[[145.23102,-37.81469],[145.23083,-37.81475]],[[145.23095,-37.81459],[145.23109,-37.81454]],[[145.2267,-37.81607],[145.22736,-37.81577]],[[145.22733,-37.8159],[145.2266,-37.81623]],[[145.23083,-37.81475],[145.23034,-37.81489]],[[145.21731,-37.81723],[145.21714,-37.81717]],[[145.23722,-37.81111],[145.23705,-37.81111]],[[145.23717,-37.81096],[145.23741,-37.81098]],[[145.23741,-37.81098],[145.23766,-37.81079]],[[145.23779,-37.81091],[145.23766,-37.81101]],[[145.23736,-37.81123],[145.23711,-37.81141]],[[145.23749,-37.81114],[145.23736,-37.81123]],[[145.23712,-37.8112],[145.23722,-37.81111]],[[145.23835,-37.81027],[145.23878,-37.80991]],[[145.23766,-37.81079],[145.23772,-37.81074]],[[145.23848,-37.81039],[145.23808,-37.81071]],[[145.23853,-37.81035],[145.23848,-37.81039]],[[145.23071,-37.81073],[145.23041,-37.81074]],[[145.23705,-37.81111],[145.23678,-37.81108]],[[145.23808,-37.81071],[145.23779,-37.81091]],[[145.21731,-37.81752],[145.21743,-37.81791]],[[145.21717,-37.8174],[145.21731,-37.81752]],[[145.21839,-37.8169],[145.22049,-37.81695]],[[145.21732,-37.82372],[145.21699,-37.82155]],[[145.22795,-37.81064],[145.22766,-37.81063]],[[145.23675,-37.81146],[145.23707,-37.81124]],[[145.23672,-37.81091],[145.23712,-37.81096]],[[145.23772,-37.81074],[145.23835,-37.81027]],[[145.21792,-37.81224],[145.21783,-37.81236]],[[145.23109,-37.81454],[145.23534,-37.81245]],[[145.23245,-37.81405],[145.23114,-37.81465]],[[145.23209,-37.81056],[145.2342,-37.81065]],[[145.23617,-37.81206],[145.23542,-37.81254]],[[145.23098,-37.81054],[145.23209,-37.81056]],[[145.23071,-37.81055],[145.23098,-37.81054]],[[145.23041,-37.81074],[145.22991,-37.81074]],[[145.22576,-37.81634],[145.2267,-37.81607]],[[145.22845,-37.8105],[145.2302,-37.81055]],[[145.22503,-37.81044],[145.22252,-37.81029]],[[145.22041,-37.81061],[145.2181,-37.81176]],[[145.22041,-37.81061],[145.21842,-37.8117]],[[145.22935,-37.81519],[145.22907,-37.81527]],[[145.21743,-37.81791],[145.21744,-37.81947]],[[145.23534,-37.81245],[145.23552,-37.81235]],[[145.23552,-37.81235],[145.23599,-37.81199]],[[145.23542,-37.81254],[145.23245,-37.81405]],[[145.22718,-37.8104],[145.22734,-37.81041]],[[145.22719,-37.8106],[145.22703,-37.81059]],[[145.22716,-37.81072],[145.22703,-37.81059]],[[145.21744,-37.81695],[145.21758,-37.81701]],[[145.21736,-37.8174],[145.21731,-37.81752]],[[145.21731,-37.81723],[145.21716,-37.81725]],[[145.23604,-37.81195],[145.23617,-37.81206]],[[145.21724,-37.81943],[145.21747,-37.82116]],[[145.2266,-37.81623],[145.22581,-37.81646]],[[145.23739,-37.81079],[145.23772,-37.81074]],[[145.23907,-37.8099],[145.23853,-37.81035]],[[145.23712,-37.81096],[145.23717,-37.81096]],[[145.23707,-37.81124],[145.23712,-37.8112]],[[145.23918,-37.80979],[145.23907,-37.8099]],[[145.23878,-37.80991],[145.23891,-37.8098]],[[145.22376,-37.81679],[145.22445,-37.81679]],[[145.22209,-37.81716],[145.22049,-37.81695]],[[145.23034,-37.81489],[145.22991,-37.81502]],[[145.22991,-37.81502],[145.22963,-37.8151]],[[145.22963,-37.8151],[145.22935,-37.81519]]]}}