{"n":{"rail":[[[145.21761,-37.99763],[145.21423,-37.9929]],[[145.21746,-37.9974],[145.21428,-37.99289]],[[145.21512,-37.9941],[145.21757,-37.99745]]],"freeway":[[[145.22103,-37.9836],[145.22178,-37.97966]],[[145.22064,-37.98643],[145.22046,-37.98696]],[[145.22083,-37.98514],[145.2208,-37.98536]],[[145.21747,-37.99466],[145.21717,-37.99478]],[[145.2168,-37.9937],[145.21747,-37.99466]],[[145.21798,-37.99601],[145.21717,-37.99478]],[[145.22062,-37.9856],[145.22066,-37.98541]],[[145.22005,-37.98723],[145.22044,-37.98655]],[[145.22058,-37.98586],[145.22045,-37.98558]],[[145.2203,-37.98556],[145.22066,-37.98541]],[[145.22066,-37.98541],[145.22071,-37.98506]],[[145.21998,-37.98731],[145.22005,-37.98723]],[[145.22005,-37.98723],[145.22015,-37.98735]],[[145.22015,-37.98735],[145.22,-37.98749]],[[145.21885,-37.98815],[145.21978,-37.98751]],[[145.2208,-37.98491],[145.22103,-37.9836]],[[145.2208,-37.98536],[145.22076,-37.98562]],[[145.21747,-37.99466],[145.21881,-37.99618]],[[145.2208,-37.98491],[145.22083,-37.98514]],[[145.22071,-37.98506],[145.2208,-37.98491]],[[145.22076,-37.98562],[145.22064,-37.98643]],[[145.22044,-37.98655],[145.22058,-37.98586]],[[145.22058,-37.98586],[145.22062,-37.9856]],[[145.22015,-37.98735],[145.21998,-37.98731]],[[145.22,-37.98749],[145.21885,-37.98815]],[[145.22046,-37.98696],[145.22015,-37.98735]],[[145.21829,-37.99641],[145.21798,-37.99601]],[[145.21687,-37.98933],[145.2178,-37.98878]],[[145.21825,-37.98851],[145.21885,-37.98815]],[[145.21811,-37.98859],[145.21825,-37.98851]],[[145.218,-37.98866],[145.21811,-37.98859]],[[145.2178,-37.98878],[145.218,-37.98866]],[[145.21978,-37.98751],[145.21998,-37.98731]],[[145.22178,-37.97966],[145.22215,-37.97769]]]}}