{"n":{"rail":[[[145.22927,-38.01476],[145.22338,-38.00124],[145.22225,-38.00021],[145.21761,-37.99763],[145.21423,-37.9929]],[[145.22241,-38.0035],[145.22461,-38.00436],[145.22594,-38.00694]],[[145.22302,-38.00364],[145.2224,-38.00355]],[[145.2224,-38.00359],[145.22322,-38.0037]],[[145.22361,-38.00383],[145.22237,-38.00371]],[[145.22285,-38.00372],[145.22186,-38.00379]],[[145.22437,-38.0042],[145.22018,-38.00359]],[[145.22582,-38.00657],[145.22594,-38.00694]],[[145.23503,-38.00588],[145.22184,-37.99993]],[[145.25752,-38.01598],[145.23531,-38.00601]],[[145.23504,-38.00585],[145.23532,-38.00597]],[[145.23531,-38.00601],[145.23503,-38.00588]],[[145.22594,-38.00694],[145.22889,-38.01412]],[[145.22136,-37.99971],[145.21746,-37.9974],[145.21428,-37.99289]],[[145.23532,-38.00597],[145.25757,-38.01596]],[[145.22238,-38.00367],[145.22318,-38.00373]],[[145.21512,-37.9941],[145.21757,-37.99745],[145.22059,-37.99932]],[[145.22184,-37.99993],[145.2237,-38.00149],[145.22935,-38.01474]],[[145.22059,-37.99932],[145.22136,-37.99971]],[[145.22184,-37.99993],[145.22136,-37.99971]],[[145.22059,-37.99932],[145.23504,-38.00585]],[[145.22257,-38.00326],[145.22294,-38.0033]],[[145.22256,-38.00332],[145.22293,-38.00336]],[[145.22255,-38.00339],[145.22291,-38.00343]],[[145.22254,-38.00344],[145.2229,-38.00348]],[[145.22244,-38.00338],[145.22255,-38.00339]],[[145.22243,-38.00343],[145.22254,-38.00344]],[[145.22245,-38.00331],[145.22256,-38.00332]],[[145.22246,-38.00325],[145.22257,-38.00326]],[[145.22198,-38.00345],[145.22209,-38.00346]],[[145.22208,-38.00351],[145.22197,-38.0035]],[[145.22197,-38.00355],[145.22207,-38.00356]],[[145.2204,-38.00343],[145.22162,-38.00358]],[[145.22161,-38.00362],[145.22039,-38.00348]],[[145.22207,-38.00356],[145.2224,-38.00359]],[[145.22197,-38.00355],[145.22041,-38.00337]],[[145.22197,-38.0035],[145.22042,-38.00332]],[[145.22205,-38.00367],[145.22161,-38.00362]],[[145.22162,-38.00358],[145.22206,-38.00363]],[[145.22198,-38.00345],[145.22043,-38.00327]],[[145.22044,-38.00321],[145.22179,-38.00338]],[[145.22018,-38.00359],[145.21998,-38.00357]],[[145.22039,-38.00348],[145.2202,-38.00346]],[[145.2204,-38.00343],[145.22021,-38.00341]],[[145.22041,-38.00337],[145.22022,-38.00335]],[[145.22042,-38.00332],[145.22023,-38.0033]],[[145.22043,-38.00327],[145.22024,-38.00324]],[[145.22044,-38.00321],[145.22025,-38.00319]]],"tram":[[[145.22362,-38.00237],[145.22332,-38.0034],[145.22373,-38.00368],[145.22405,-38.00336],[145.22362,-38.00237]],[[145.22125,-38.00067],[145.22175,-38.0004]],[[145.22219,-38.00109],[145.22284,-38.00092]],[[145.22221,-38.00089],[145.22169,-38.00083]],[[145.22077,-38.00042],[145.2213,-38.00048]],[[145.22074,-38.00057],[145.22117,-38.00063]],[[145.22073,-38.00061],[145.22117,-38.00067]],[[145.22075,-38.00053],[145.22118,-38.00059]],[[145.22075,-38.00049],[145.22119,-38.00055]],[[145.22076,-38.00046],[145.2212,-38.00051]],[[145.22124,-38.00038],[145.22086,-38.00033]],[[145.22169,-38.00083],[145.22079,-38.00073]],[[145.22362,-38.00237],[145.22262,-38.00068],[145.22124,-38.00038]],[[145.22086,-38.00033],[145.22078,-38.00032]],[[145.22079,-38.00073],[145.22071,-38.00072]],[[145.22078,-38.00078],[145.22165,-38.00089]],[[145.22076,-38.00084],[145.22116,-38.00089]],[[145.22075,-38.0009],[145.22114,-38.00094]],[[145.22073,-38.00101],[145.22251,-38.00121]],[[145.22072,-38.00106],[145.22249,-38.00127]],[[145.2207,-38.00077],[145.22078,-38.00078]],[[145.22069,-38.00084],[145.22076,-38.00084]],[[145.22068,-38.00089],[145.22075,-38.0009]],[[145.22066,-38.001],[145.22073,-38.00101]],[[145.22065,-38.00106],[145.22072,-38.00106]],[[145.22013,-38.0021],[145.21957,-38.00204]],[[145.22012,-38.00215],[145.21957,-38.00209]],[[145.22011,-38.00221],[145.21956,-38.00214]],[[145.22008,-38.00229],[145.21969,-38.00225]],[[145.22007,-38.00237],[145.21967,-38.00232]],[[145.22005,-38.00245],[145.21966,-38.0024]],[[145.22018,-38.00246],[145.22005,-38.00245]],[[145.2202,-38.00239],[145.22007,-38.00237]],[[145.22021,-38.00231],[145.22008,-38.00229]],[[145.22023,-38.00222],[145.22011,-38.00221]],[[145.22024,-38.00217],[145.22012,-38.00215]],[[145.22025,-38.00212],[145.22013,-38.0021]],[[145.22049,-38.00234],[145.22199,-38.00252]],[[145.22049,-38.00231],[145.22199,-38.00249]],[[145.2205,-38.00226],[145.222,-38.00245]],[[145.22051,-38.00221],[145.22044,-38.0022]],[[145.22053,-38.0021],[145.22046,-38.00209]],[[145.22055,-38.00203],[145.22047,-38.00202]],[[145.22055,-38.00203],[145.22204,-38.00221]],[[145.22053,-38.0021],[145.22203,-38.00227]],[[145.22051,-38.00221],[145.22201,-38.00239]],[[145.22043,-38.00226],[145.2205,-38.00226]],[[145.22042,-38.0023],[145.22049,-38.00231]],[[145.22041,-38.00233],[145.22049,-38.00234]]],