{"n":{"rail":[[[145.22927,-38.01476],[145.22338,-38.00124]],[[145.25752,-38.01598],[145.23531,-38.00601]],[[145.23289,-38.0226],[145.2375,-38.03291]],[[145.23267,-38.0221],[145.23289,-38.0226]],[[145.22594,-38.00694],[145.22889,-38.01412]],[[145.23532,-38.00597],[145.25757,-38.01596]],[[145.2237,-38.00149],[145.22935,-38.01474]],[[145.22935,-38.01474],[145.23111,-38.0187]],[[145.2328,-38.02265],[145.23256,-38.02209]],[[145.23743,-38.03293],[145.2328,-38.02265]],[[145.23103,-38.01872],[145.22927,-38.01476]],[[145.23111,-38.0187],[145.23267,-38.0221]],[[145.23256,-38.02209],[145.23103,-38.01872]]],"freeway":[[[145.23323,-38.01663],[145.23309,-38.01668]],[[145.23423,-38.01759],[145.2345,-38.01777]],[[145.2345,-38.01777],[145.23751,-38.01979]],[[145.2344,-38.01786],[145.23417,-38.01771]],[[145.23417,-38.01771],[145.23378,-38.01744]],[[145.23337,-38.01707],[145.23309,-38.01668]],[[145.23159,-38.01369],[145.2317,-38.01366]],[[145.23603,-38.01881],[145.23603,-38.01896]],[[145.23769,-38.01991],[145.23829,-38.0203]],[[145.23751,-38.01979],[145.23769,-38.01991]],[[145.23238,-38.01536],[145.23251,-38.01532]],[[145.23317,-38.01655],[145.23323,-38.01663]],[[145.23736,-38.01985],[145.23603,-38.01896]],[[145.23754,-38.01996],[145.23736,-38.01985]],[[145.23904,-38.02097],[145.23913,-38.02088]],[[145.23922,-38.02094],[145.23912,-38.02102]],[[145.2387,-38.02126],[145.23885,-38.02084]],[[145.23951,-38.02129],[145.23895,-38.02119]],[[145.23302,-38.01659],[145.23317,-38.01655]],[[145.23238,-38.01536],[145.23219,-38.01495]],[[145.23521,-38.0184],[145.2344,-38.01786]],[[145.23951,-38.02129],[145.23912,-38.02102]],[[145.23246,-38.01558],[145.23238,-38.01536]],[[145.23378,-38.01744],[145.23337,-38.01707]],[[145.23922,-38.02094],[145.23993,-38.02141]],[[145.23913,-38.02088],[145.23922,-38.02094]],[[145.23829,-38.0203],[145.23913,-38.02088]],[[145.23309,-38.01668],[145.23302,-38.01659]],[[145.23912,-38.02102],[145.23904,-38.02097]],[[145.23603,-38.01896],[145.2358,-38.01879]],[[145.2358,-38.01879],[145.23521,-38.0184]],[[145.23302,-38.01659],[145.23289,-38.01641]],[[145.23279,-38.01591],[145.23317,-38.01655]],[[145.23904,-38.02097],[145.23754,-38.01996]],[[145.23323,-38.01663],[145.23335,-38.01676]],[[145.23147,-38.01318],[145.2317,-38.01366]],[[145.23159,-38.01369],[145.23147,-38.01342]],[[145.23205,-38.01438],[145.23212,-38.01453]],[[145.23176,-38.01404],[145.23159,-38.01369]],[[145.2317,-38.01366],[145.23191,-38.01409]],[[145.23191,-38.01409],[145.23205,-38.01438]],[[145.23212,-38.01453],[145.2323,-38.01492]],[[145.2323,-38.01492],[145.23251,-38.01532]],[[145.23219,-38.01495],[145.23194,-38.0144]],[[145.23219,-38.01495],[145.2323,-38.01492]],[[145.23205,-38.01438],[145.23194,-38.0144]],[[145.23194,-38.0144],[145.23176,-38.01404]],[[145.23335,-38.01676],[145.23423,-38.01759]],[[145.23275,-38.01619],[145.23246,-38.01558]],[[145.23289,-38.01641],[145.23275,-38.01619]],[[145.23251,-38.01532],[145.23279,-38.01591]]]}}