{"b":[{"h":6,"g":[[145.808764,-37.267966],[145.808798,-37.268065],[145.808958,-37.268031],[145.808924,-37.267932],[145.808764,-37.267966]]}]}