{"b":[{"h":6,"g":[[145.803279,-38.080185],[145.803411,-38.080186],[145.803413,-38.079897],[145.803281,-38.079896],[145.803279,-38.080185]]}]}