{"b":[{"h":6,"g":[[145.802277,-38.028882],[145.802464,-38.028907],[145.802452,-38.028965],[145.802677,-38.028995],[145.80269,-38.028931],[145.802964,-38.028968],[145.803063,-38.02851],[145.802378,-38.028418],[145.802277,-38.028882]]}]}