{"b":[{"h":6.4,"g":[[145.80833,-38.40444],[145.808338,-38.404491],[145.8084,-38.404484],[145.808402,-38.404497],[145.808544,-38.404482],[145.808536,-38.404435],[145.808612,-38.404426],[145.808621,-38.404476],[145.808668,-38.404471],[145.808664,-38.404448],[145.808714,-38.404443],[145.808702,-38.404375],[145.808761,-38.404369],[145.808751,-38.404313],[145.808711,-38.404317],[145.808706,-38.404286],[145.808618,-38.404295],[145.808572,-38.404272],[145.808501,-38.404279],[145.808506,-38.404312],[145.808472,-38.404317],[145.808471,-38.404338],[145.808408,-38.404345],[145.808422,-38.404431],[145.80833,-38.40444]]}]}