{"b":[{"h":6,"g":[[145.794476,-38.30007],[145.794614,-38.300088],[145.794663,-38.299864],[145.794525,-38.299846],[145.794476,-38.30007]]}]}