{"b":[{"h":6,"g":[[144.339392,-37.209017],[144.339639,-37.209054],[144.339668,-37.208926],[144.339605,-37.208917],[144.339599,-37.208943],[144.339515,-37.208931],[144.33952,-37.20891],[144.33942,-37.208895],[144.339392,-37.209017]]}]}