{"b":[{"h":6,"g":[[144.339954,-37.357581],[144.340003,-37.35765],[144.340062,-37.357623],[144.340013,-37.357555],[144.339954,-37.357581]]},{"h":6,"g":[[144.339807,-37.357625],[144.339867,-37.357642],[144.339887,-37.357596],[144.339827,-37.35758],[144.339807,-37.357625]]},{"h":6,"g":[[144.338694,-37.370052],[144.338876,-37.370077],[144.338968,-37.369688],[144.338783,-37.36967],[144.338694,-37.370052]]},{"h":6,"g":[[144.352516,-37.368345],[144.35279,-37.368381],[144.352827,-37.368176],[144.352553,-37.36814],[144.352516,-37.368345]]}]}