{"b":[{"h":6.4,"g":[[144.350515,-37.712626],[144.350652,-37.712647],[144.350719,-37.71237],[144.350582,-37.712357],[144.350515,-37.712626]]},{"h":6.4,"g":[[144.350461,-37.712995],[144.350605,-37.713012],[144.350657,-37.712747],[144.350514,-37.712729],[144.350461,-37.712995]]},{"h":6,"g":[[144.34948,-37.712253],[144.34954,-37.712255],[144.349542,-37.712227],[144.34966,-37.712231],[144.349665,-37.712152],[144.34957,-37.712149],[144.349571,-37.712126],[144.349487,-37.712123],[144.34948,-37.712253]]},{"h":6,"g":[[144.339151,-37.713011],[144.339196,-37.713198],[144.339334,-37.713177],[144.339288,-37.71299],[144.339151,-37.713011]]}]}