{"b":[{"h":6,"g":[[144.338392,-37.666753],[144.338512,-37.666816],[144.338575,-37.66674],[144.338455,-37.666677],[144.338392,-37.666753]]}]}