{"b":[{"h":4.506,"g":[[144.360256,-37.847553],[144.360336,-37.847561],[144.360364,-37.847384],[144.360284,-37.847376],[144.360256,-37.847553]]},{"h":2.952,"g":[[144.360239,-37.847165],[144.36035,-37.847179],[144.360376,-37.84705],[144.360266,-37.847035],[144.360239,-37.847165]]},{"h":3.874,"g":[[144.360118,-37.847457],[144.360216,-37.847467],[144.360245,-37.847282],[144.360147,-37.847273],[144.360118,-37.847457]]}]}