{"b":[{"h":5.88,"g":[[144.348809,-37.866999],[144.348919,-37.867012],[144.348943,-37.866887],[144.348834,-37.866873],[144.348809,-37.866999]]},{"h":4.411,"g":[[144.348797,-37.864051],[144.348903,-37.86406],[144.348913,-37.863989],[144.348807,-37.86398],[144.348797,-37.864051]]},{"h":3.531,"g":[[144.349425,-37.864989],[144.349554,-37.865007],[144.349583,-37.864882],[144.349454,-37.864863],[144.349425,-37.864989]]},{"h":4.474,"g":[[144.35027,-37.865149],[144.350412,-37.865158],[144.350416,-37.865128],[144.350449,-37.865131],[144.350451,-37.865113],[144.350468,-37.865114],[144.350473,-37.865069],[144.35028,-37.865056],[144.35027,-37.865149]]}]}