{"b":[{"h":7.099,"g":[[144.342412,-37.88555],[144.342726,-37.885675],[144.342811,-37.885541],[144.342496,-37.885416],[144.342412,-37.88555]]},{"h":4.812,"g":[[144.343214,-37.886593],[144.343311,-37.886665],[144.343414,-37.886578],[144.343454,-37.886609],[144.343459,-37.886605],[144.343483,-37.88649],[144.343406,-37.886432],[144.343214,-37.886593]]}]}