{"b":[{"h":8.748,"g":[[144.346021,-37.960706],[144.346493,-37.960787],[144.346524,-37.960675],[144.346051,-37.960595],[144.346021,-37.960706]]},{"h":7.877,"g":[[144.339806,-37.960356],[144.340017,-37.960417],[144.340066,-37.960311],[144.339855,-37.96025],[144.339806,-37.960356]]},{"h":8.889,"g":[[144.338939,-37.959995],[144.339136,-37.960052],[144.339175,-37.959971],[144.339166,-37.959968],[144.339184,-37.95993],[144.339039,-37.959887],[144.339021,-37.959926],[144.338977,-37.959913],[144.338939,-37.959995]]}]}