{"t":[{"r":"GRANTS ROAD","v":351,"h":6,"c":[[145.04651,-37.52136],[145.05692,-37.52253],[145.05884,-37.52311],[145.06125,-37.52301],[145.08258,-37.52529]]},{"r":"GRANTS ROAD","v":275,"h":6,"c":[[145.04651,-37.52136],[145.05692,-37.52253],[145.05884,-37.52311],[145.06125,-37.52301],[145.08258,-37.52529]]}]}