{"t":[{"r":"WALLAN-WHITTLESEA ROAD","v":1246,"h":15,"c":[[145.03925,-37.41917],[145.0446,-37.41831],[145.04617,-37.41832],[145.04826,-37.419],[145.05609,-37.42332]]},{"r":"WALLAN-WHITTLESEA ROAD","v":1414,"h":13,"c":[[145.05609,-37.42332],[145.04826,-37.419],[145.04617,-37.41832],[145.0446,-37.41831],[145.03925,-37.41917]]}]}