{"t":[{"r":"GLENBURNIE ROAD","v":3717,"h":6,"c":[[145.04733,-37.49198],[145.04923,-37.49263],[145.05207,-37.49296],[145.05333,-37.494],[145.05504,-37.49468],[145.05662,-37.49393],[145.05796,-37.4943],[145.05998,-37.49396],[145.06068,-37.49284],[145.06218,-37.49176],[145.06399,-37.49297]]},{"r":"GLENBURNIE ROAD","v":3717,"h":6,"c":[[145.04733,-37.49198],[145.04923,-37.49263],[145.05207,-37.49296],[145.05333,-37.494],[145.05504,-37.49468],[145.05662,-37.49393],[145.05796,-37.4943],[145.05998,-37.49396],[145.06068,-37.49284],[145.06218,-37.49176],[145.06399,-37.49297]]}]}