{"t":[{"r":"GLENBURNIE ROAD","v":3717,"h":6,"c":[[145.04733,-37.49198],[145.04923,-37.49263]]},{"r":"GLENBURNIE ROAD","v":3717,"h":6,"c":[[145.06068,-37.49284],[145.06218,-37.49176],[145.06399,-37.49297]]},{"r":"GLENBURNIE ROAD","v":3717,"h":6,"c":[[145.04733,-37.49198],[145.04923,-37.49263]]},{"r":"GLENBURNIE ROAD","v":3717,"h":6,"c":[[145.06068,-37.49284],[145.06218,-37.49176],[145.06399,-37.49297]]}]}