{"t":[{"r":"WALLAN-WHITTLESEA ROAD","v":1246,"h":15,"c":[[145.04826,-37.419],[145.05609,-37.42332],[145.05688,-37.42452],[145.05727,-37.42681],[145.05993,-37.43534],[145.0626,-37.43821],[145.06321,-37.43928],[145.06372,-37.44245]]},{"r":"WALLAN-WHITTLESEA ROAD","v":1414,"h":13,"c":[[145.06372,-37.44245],[145.06321,-37.43928],[145.0626,-37.43821],[145.05993,-37.43534],[145.05727,-37.42681],[145.05688,-37.42452],[145.05609,-37.42332],[145.04826,-37.419]]}]}