{"t":[{"r":"CHILDS ROAD","v":13955,"h":3,"c":[[145.03062,-37.66085],[145.04498,-37.66232],[145.05444,-37.66232],[145.05698,-37.66376],[145.05958,-37.66691]]},{"r":"CHILDS ROAD","v":12891,"h":3,"c":[[145.05939,-37.66703],[145.05698,-37.66404],[145.05455,-37.66262],[145.04496,-37.66251],[145.03062,-37.66085]]}]}