{"t":[{"r":"MCDONALDS ROAD","v":10903,"h":9,"c":[[145.06613,-37.6488],[145.02632,-37.64462]]},{"r":"MEMORIAL AVENUE","v":6856,"h":9,"c":[[145.02632,-37.64462],[145.06613,-37.6488]]}]}