{"t":[{"r":"BRIDGE INN ROAD","v":5880,"h":6,"c":[[145.05964,-37.59652],[145.09574,-37.60064]]},{"r":"BRIDGE INN ROAD","v":6025,"h":6,"c":[[145.05964,-37.59652],[145.09574,-37.60064]]}]}