{"t":[{"r":"FRANKSTON-FLINDERS ROAD","v":1285,"h":8,"c":[[145.06523,-38.40676],[145.05636,-38.41305]]},{"r":"POINT LEO ROAD","v":3717,"h":6,"c":[[145.03485,-38.39466],[145.04765,-38.39976],[145.05235,-38.4006],[145.06209,-38.4038],[145.06523,-38.40676]]},{"r":"FRANKSTON-FLINDERS ROAD","v":1274,"h":8,"c":[[145.05636,-38.41305],[145.06523,-38.40676]]},{"r":"POINT LEO ROAD","v":3717,"h":6,"c":[[145.03485,-38.39466],[145.04765,-38.39976],[145.05235,-38.4006],[145.06209,-38.4038],[145.06523,-38.40676]]}]}