{"t":[{"r":"DUNNS CREEK ROAD","v":1251,"h":10,"c":[[145.0401,-38.33747],[145.04195,-38.33859],[145.0442,-38.34136],[145.04583,-38.34454]]},{"r":"DUNNS CREEK ROAD","v":1233,"h":14,"c":[[145.04583,-38.34454],[145.0442,-38.34136],[145.04195,-38.33859],[145.0401,-38.33747]]}]}