{"t":[{"r":"OLD MOOROODUC ROAD","v":327,"h":6,"c":[[145.0401,-38.30465],[145.04622,-38.29588],[145.06787,-38.28326]]},{"r":"MORNINGTON PENINSULA FREEWAY","v":14799,"h":7,"c":[[145.03644,-38.29802],[145.04304,-38.29098],[145.05098,-38.28548]]},{"r":"OLD MOOROODUC ROAD","v":255,"h":6,"c":[[145.0401,-38.30465],[145.04622,-38.29588],[145.06787,-38.28326]]},{"r":"MORNINGTON PENINSULA FREEWAY","v":13646,"h":9,"c":[[145.05248,-38.28517],[145.04426,-38.2904],[145.03661,-38.29832]]}]}