{"t":[{"r":"NORTHERN HIGHWAY","v":6705,"h":9,"c":[[144.95691,-37.32509],[144.96132,-37.342]]},{"r":"WANDONG ROAD","v":2054,"h":9,"c":[[144.95692,-37.32509],[144.98216,-37.32819]]},{"r":"HIGH STREET","v":12854,"h":9,"c":[[144.96132,-37.342],[144.95691,-37.32509]]},{"r":"WANDONG ROAD","v":2116,"h":11,"c":[[144.98216,-37.32819],[144.95692,-37.32509]]}]}