{"t":[{"r":"NORTHERN HIGHWAY","v":6705,"h":9,"c":[[144.96121,-37.35008],[144.96384,-37.36549],[144.96687,-37.37278]]},{"r":"HIGH STREET","v":12854,"h":9,"c":[[144.96687,-37.37278],[144.96384,-37.36549],[144.96121,-37.35008]]}]}