{"t":[{"r":"NORTHERN HIGHWAY","v":6705,"h":9,"c":[[144.95691,-37.32509],[144.96132,-37.342],[144.96121,-37.35008],[144.96384,-37.36549]]},{"r":"HIGH STREET","v":12854,"h":9,"c":[[144.96384,-37.36549],[144.96121,-37.35008],[144.96132,-37.342],[144.95691,-37.32509]]}]}