{"t":[{"r":"NORTHERN HIGHWAY","v":6705,"h":9,"c":[[144.96384,-37.36549],[144.96687,-37.37278],[144.97213,-37.37685],[144.97367,-37.37874],[144.97579,-37.38686]]},{"r":"HIGH STREET","v":12854,"h":9,"c":[[144.97579,-37.38686],[144.97367,-37.37874],[144.97228,-37.37698],[144.96687,-37.37278],[144.96384,-37.36549]]}]}