{"t":[{"r":"HUME FREEWAY","v":25094,"h":17,"c":[[144.95612,-37.49864],[144.96458,-37.4909]]},{"r":"HUME FREEWAY","v":36255,"h":12,"c":[[144.95238,-37.50205],[144.95612,-37.49864]]},{"r":"HUME FREEWAY","v":22548,"h":19,"c":[[144.95653,-37.49883],[144.95267,-37.50236]]},{"r":"HUME FREEWAY","v":25449,"h":17,"c":[[144.96479,-37.49144],[144.95653,-37.49883]]}]}