{"t":[{"r":"HUME FREEWAY","v":25094,"h":17,"c":[[144.95612,-37.49864],[144.96458,-37.4909],[144.97232,-37.47636]]},{"r":"HUME FREEWAY","v":23935,"h":16,"c":[[144.97232,-37.47636],[144.97302,-37.47363]]},{"r":"HUME FREEWAY","v":25449,"h":17,"c":[[144.97273,-37.47661],[144.96479,-37.49144],[144.95653,-37.49883]]},{"r":"HUME FREEWAY","v":20541,"h":15,"c":[[144.97343,-37.47367],[144.97273,-37.47661]]}]}