{"t":[{"r":"HUME FREEWAY","v":22777,"h":16,"c":[[144.97136,-37.46186],[144.97553,-37.4549],[144.97844,-37.4508]]},{"r":"HUME FREEWAY","v":15633,"h":14,"c":[[144.9763,-37.45437],[144.97245,-37.46048]]}]}