{"t":[{"r":"SYDNEY ROAD","v":21195,"h":11,"c":[[144.95479,-37.66725],[144.95116,-37.64333]]},{"r":"BARRY ROAD","v":10752,"h":6,"c":[[144.93312,-37.66504],[144.95479,-37.66725]]},{"r":"BARRY ROAD","v":10972,"h":6,"c":[[144.95479,-37.66725],[144.93312,-37.66504]]},{"r":"SYDNEY ROAD","v":26665,"h":11,"c":[[144.95147,-37.64335],[144.9551,-37.66723]]}]}