{"t":[{"r":"HUME FREEWAY","v":15633,"h":12,"c":[[144.95522,-37.59923],[144.95247,-37.59668]]}]}