{"t":[{"r":"MARINE DRIVE","v":4447,"h":9,"c":[[144.9735,-38.32851],[144.98506,-38.32083]]}]}