{"t":[{"r":"PURVES ROAD","v":299,"h":6,"c":[[144.95838,-38.37524],[144.95787,-38.37754],[144.95837,-38.37937],[144.95766,-38.38669],[144.95572,-38.39075],[144.95604,-38.39167],[144.95738,-38.39339]]},{"r":"MAIN CREEK ROAD","v":653,"h":6,"c":[[144.97598,-38.37976],[144.9751,-38.38404],[144.97251,-38.39005],[144.97219,-38.39196],[144.9726,-38.39558]]},{"r":"MAIN CREEK ROAD","v":597,"h":6,"c":[[144.97598,-38.37976],[144.9751,-38.38404],[144.97251,-38.39005],[144.97219,-38.39196],[144.9726,-38.39558]]},{"r":"PURVES ROAD","v":325,"h":6,"c":[[144.95838,-38.37524],[144.95787,-38.37754],[144.95837,-38.37937],[144.95766,-38.38669],[144.95572,-38.39075],[144.95604,-38.39167],[144.95738,-38.39339]]}]}