{"t":[{"r":"BONEO ROAD","v":336,"h":7,"c":[[144.95036,-38.47953],[144.95407,-38.48024],[144.96766,-38.48187],[144.96867,-38.48178],[144.97059,-38.48094],[144.97734,-38.48171]]},{"r":"BONEO ROAD","v":340,"h":6,"c":[[144.97734,-38.48171],[144.97059,-38.48094],[144.96867,-38.48178],[144.96766,-38.48187],[144.95407,-38.48024],[144.95036,-38.47953]]}]}