{"t":[{"r":"BROADMEADOWS ROAD DV","v":7155,"h":9,"c":[[144.8871,-37.68056],[144.89379,-37.68105],[144.90039,-37.68081],[144.90543,-37.68121],[144.91109,-37.682]]},{"r":"JOHNSTONE STREET","v":11637,"h":9,"c":[[144.91109,-37.682],[144.90158,-37.68087],[144.89379,-37.68105],[144.88682,-37.68056]]}]}