{"t":[{"r":"SOMERTON ROAD","v":16252,"h":6,"c":[[144.88145,-37.63478],[144.89756,-37.63716],[144.90643,-37.63779],[144.92879,-37.64055]]},{"r":"SOMERTON ROAD","v":8103,"h":6,"c":[[144.92879,-37.64055],[144.90643,-37.63779],[144.89756,-37.63716],[144.88145,-37.63478]]}]}