{"t":[{"r":"BONEO ROAD","v":1952,"h":9,"c":[[144.88784,-38.42655],[144.89655,-38.43496],[144.89696,-38.43661],[144.89667,-38.4507]]},{"r":"BONEO ROAD","v":1996,"h":9,"c":[[144.89667,-38.4507],[144.89696,-38.43661],[144.89655,-38.43496],[144.88784,-38.42655]]}]}