{"t":[{"r":"BONEO ROAD","v":1952,"h":9,"c":[[144.8882,-38.3981],[144.88745,-38.41264]]},{"r":"BONEO ROAD","v":1952,"h":9,"c":[[144.8872,-38.42563],[144.88784,-38.42655],[144.89655,-38.43496]]},{"r":"BONEO ROAD","v":1996,"h":9,"c":[[144.89655,-38.43496],[144.88784,-38.42655],[144.8872,-38.42563]]},{"r":"BONEO ROAD","v":1996,"h":9,"c":[[144.88745,-38.41264],[144.8882,-38.3981]]}]}