{"t":[{"r":"CAPE SCHANCK ROAD","v":3717,"h":6,"c":[[144.90422,-38.45978],[144.90096,-38.46403],[144.89777,-38.46719],[144.89501,-38.4722],[144.89471,-38.47336],[144.89508,-38.47737],[144.89266,-38.48198]]},{"r":"BONEO ROAD","v":336,"h":7,"c":[[144.90422,-38.45978],[144.91269,-38.46524]]},{"r":"CAPE SCHANCK ROAD","v":3717,"h":6,"c":[[144.90422,-38.45978],[144.90096,-38.46403],[144.89777,-38.46719],[144.89501,-38.4722],[144.89471,-38.47336],[144.89508,-38.47737],[144.89266,-38.48198]]},{"r":"BONEO ROAD","v":340,"h":6,"c":[[144.91269,-38.46524],[144.90422,-38.45978]]}]}