{"t":[{"r":"CAPE SCHANCK ROAD","v":3717,"h":6,"c":[[144.89508,-38.47737],[144.89266,-38.48198],[144.8924,-38.48552],[144.89106,-38.48841],[144.88961,-38.48959],[144.8882,-38.49173]]},{"r":"CAPE SCHANCK ROAD","v":3717,"h":6,"c":[[144.89508,-38.47737],[144.89266,-38.48198],[144.8924,-38.48552],[144.89106,-38.48841],[144.88961,-38.48959],[144.8882,-38.49173]]}]}