{"b":[{"h":6,"g":[[145.898389,-37.248035],[145.898657,-37.248372],[145.89875,-37.248325],[145.898581,-37.248112],[145.898618,-37.248094],[145.898551,-37.248008],[145.898505,-37.248031],[145.898474,-37.247992],[145.898389,-37.248035]]},{"h":6,"g":[[145.899341,-37.250311],[145.899365,-37.250364],[145.899464,-37.250336],[145.89944,-37.250283],[145.899341,-37.250311]]},{"h":6,"g":[[145.899057,-37.250514],[145.899098,-37.2506],[145.899205,-37.250567],[145.899164,-37.250481],[145.899057,-37.250514]]},{"h":6,"g":[[145.899567,-37.252499],[145.89961,-37.252513],[145.899593,-37.252546],[145.899656,-37.252568],[145.899701,-37.252485],[145.899595,-37.252448],[145.899567,-37.252499]]}]}