{"b":[{"h":6,"g":[[145.471871,-37.227131],[145.471911,-37.227194],[145.472059,-37.227134],[145.472019,-37.227071],[145.471871,-37.227131]]}]}