{"b":[{"h":6,"g":[[145.477202,-37.576086],[145.47756,-37.576564],[145.477666,-37.576515],[145.477301,-37.576041],[145.477202,-37.576086]]},{"h":6,"g":[[145.476805,-37.575871],[145.477127,-37.576011],[145.477181,-37.575929],[145.476863,-37.575788],[145.476805,-37.575871]]}]}