{"b":[{"h":6,"g":[[145.469351,-37.527082],[145.469555,-37.527151],[145.469598,-37.527072],[145.469394,-37.527003],[145.469351,-37.527082]]},{"h":6,"g":[[145.468908,-37.52703],[145.469007,-37.527062],[145.468952,-37.527165],[145.469159,-37.527234],[145.46926,-37.527043],[145.469058,-37.526976],[145.468954,-37.526942],[145.468908,-37.52703]]},{"h":6,"g":[[145.468338,-37.527042],[145.468566,-37.527123],[145.468609,-37.527046],[145.468382,-37.526965],[145.468338,-37.527042]]}]}