{"b":[{"h":6,"g":[[145.459247,-37.678343],[145.459255,-37.678486],[145.459325,-37.678484],[145.459317,-37.67834],[145.459247,-37.678343]]},{"h":6,"g":[[145.459267,-37.678007],[145.459306,-37.678017],[145.459332,-37.678023],[145.459357,-37.677958],[145.459323,-37.67795],[145.459293,-37.677942],[145.459267,-37.678007]]},{"h":6,"g":[[145.460126,-37.678969],[145.460547,-37.679025],[145.460536,-37.679078],[145.460774,-37.67911],[145.460785,-37.679058],[145.460837,-37.679065],[145.460819,-37.679147],[145.461022,-37.679175],[145.461038,-37.679099],[145.461275,-37.679131],[145.461388,-37.678612],[145.46093,-37.67855],[145.460942,-37.678492],[145.460725,-37.678462],[145.460708,-37.678542],[145.460691,-37.67854],[145.460726,-37.67838],[145.460501,-37.678349],[145.460464,-37.678518],[145.460229,-37.678485],[145.460126,-37.678969]]},{"h":6,"g":[[145.459874,-37.678394],[145.459957,-37.678417],[145.459987,-37.678348],[145.459904,-37.678326],[145.459874,-37.678394]]}]}