{"b":[{"h":6,"g":[[145.462858,-37.722368],[145.462864,-37.722856],[145.463596,-37.722865],[145.463585,-37.722814],[145.463933,-37.722793],[145.46416,-37.722789],[145.464078,-37.722428],[145.463738,-37.722444],[145.46376,-37.722637],[145.463585,-37.722654],[145.463565,-37.722417],[145.46346,-37.722414],[145.463468,-37.722666],[145.463281,-37.72267],[145.463267,-37.722383],[145.462858,-37.722368]]}]}