{"b":[{"h":6,"g":[[145.469844,-37.631445],[145.469874,-37.631447],[145.469872,-37.631465],[145.469938,-37.631469],[145.46994,-37.631451],[145.469997,-37.631455],[145.470005,-37.631387],[145.469851,-37.631377],[145.469844,-37.631445]]}]}