{"b":[{"h":6,"g":[[145.477393,-37.71432],[145.477763,-37.71432],[145.47776,-37.714171],[145.477393,-37.714172],[145.477393,-37.71432]]},{"h":6,"g":[[145.466757,-37.713319],[145.466763,-37.713674],[145.467112,-37.713665],[145.467113,-37.71332],[145.466757,-37.713319]]},{"h":6,"g":[[145.467008,-37.71752],[145.467852,-37.717518],[145.467855,-37.717354],[145.467008,-37.71736],[145.467008,-37.71752]]}]}