{"b":[{"h":6,"g":[[145.466832,-38.13033],[145.46711,-38.130364],[145.467252,-38.129642],[145.466974,-38.129608],[145.466832,-38.13033]]}]}