{"b":[{"h":6,"g":[[145.467013,-38.482613],[145.467069,-38.482644],[145.467064,-38.482649],[145.467188,-38.482718],[145.467261,-38.482636],[145.467081,-38.482538],[145.467013,-38.482613]]},{"h":6,"g":[[145.467014,-38.482566],[145.467016,-38.482571],[145.46702,-38.482575],[145.467025,-38.482578],[145.467032,-38.48258],[145.467038,-38.482579],[145.467045,-38.482577],[145.467049,-38.482574],[145.467052,-38.482569],[145.467053,-38.482565],[145.467052,-38.48256],[145.467049,-38.482556],[145.467045,-38.482552],[145.467039,-38.48255],[145.467033,-38.48255],[145.467027,-38.48255],[145.467022,-38.482553],[145.467018,-38.482556],[145.467015,-38.482561],[145.467014,-38.482566]]}]}