{"b":[{"h":6,"g":[[145.466335,-38.518564],[145.466539,-38.518594],[145.46656,-38.518507],[145.466356,-38.518477],[145.466335,-38.518564]]},{"h":6,"g":[[145.466228,-38.51899],[145.466279,-38.518992],[145.466282,-38.518955],[145.46623,-38.518953],[145.466228,-38.51899]]},{"h":6,"g":[[145.45899,-38.520631],[145.459027,-38.520708],[145.4591,-38.520687],[145.459063,-38.520609],[145.45899,-38.520631]]},{"h":6,"g":[[145.4704,-38.519017],[145.470503,-38.519022],[145.470515,-38.518873],[145.470412,-38.518867],[145.4704,-38.519017]]}]}