{"b":[{"h":6,"g":[[145.479481,-38.502835],[145.479653,-38.502856],[145.479667,-38.502786],[145.479494,-38.502765],[145.479481,-38.502835]]}]}