{"n":{"tram":[[[145.05981,-37.69544],[145.0573,-37.70244],[145.04947,-37.71017],[145.04524,-37.71346],[145.04227,-37.71781],[145.03493,-37.72078]],[[145.05569,-37.70398],[145.05769,-37.70178],[145.05987,-37.69527]],[[145.0433,-37.7165],[145.04339,-37.71627]],[[145.03491,-37.72075],[145.04224,-37.71778],[145.0452,-37.71344],[145.04944,-37.71015],[145.05569,-37.70398]]],"freeway":[[[145.05179,-37.70764],[145.05205,-37.70781]],[[145.03485,-37.72069],[145.0418,-37.71796]],[[145.05076,-37.70907],[145.05049,-37.70897]],[[145.05569,-37.70398],[145.05582,-37.70408]],[[145.05179,-37.70764],[145.05563,-37.70386]],[[145.04291,-37.71683],[145.04346,-37.71593]],[[145.04291,-37.71683],[145.04316,-37.71698]],[[145.04346,-37.7165],[145.04335,-37.71669]],[[145.04335,-37.71669],[145.04316,-37.71698]],[[145.0583,-37.70029],[145.05784,-37.70182]],[[145.05582,-37.70408],[145.05552,-37.70396]],[[145.05755,-37.70174],[145.05784,-37.70182]],[[145.04674,-37.71213],[145.04696,-37.71227]],[[145.04428,-37.7146],[145.04455,-37.71471]],[[145.05582,-37.70408],[145.05205,-37.70781]],[[145.05755,-37.70174],[145.05812,-37.70001]],[[145.04284,-37.71694],[145.04291,-37.71683]],[[145.04316,-37.71698],[145.04309,-37.71709]],[[145.04309,-37.71709],[145.04284,-37.71694]],[[145.05049,-37.70897],[145.05179,-37.70764]],[[145.05205,-37.70781],[145.05076,-37.70907]],[[145.05703,-37.70249],[145.05755,-37.70174]],[[145.05784,-37.70182],[145.05737,-37.70256]],[[145.05737,-37.70256],[145.05582,-37.70408]],[[145.0418,-37.71796],[145.04284,-37.71694]],[[145.04262,-37.71762],[145.04074,-37.71872]],[[145.04309,-37.71709],[145.04287,-37.71736]],[[145.04287,-37.71736],[145.04262,-37.71762]],[[145.04584,-37.71276],[145.05049,-37.70897]],[[145.05076,-37.70907],[145.04602,-37.71293]],[[145.04364,-37.7162],[145.04346,-37.7165]],[[145.04602,-37.71293],[145.04364,-37.7162]],[[145.05563,-37.70386],[145.05703,-37.70249]],[[145.05558,-37.7039],[145.05569,-37.70398]],[[145.04346,-37.71593],[145.04584,-37.71276]]]}}