{"n":{"tram":[[[145.06779,-37.68659],[145.05981,-37.69544],[145.0573,-37.70244]],[[145.05769,-37.70178],[145.05987,-37.69527],[145.06774,-37.68657]],[[145.06,-37.6951],[145.05986,-37.69537]]],"freeway":[[[145.0515,-37.68653],[145.05207,-37.68648]],[[145.05157,-37.68668],[145.04253,-37.68762],[145.02899,-37.68702]],[[145.05211,-37.68662],[145.05157,-37.68668]],[[145.02901,-37.6869],[145.04272,-37.68747],[145.0515,-37.68653]],[[145.05815,-37.69993],[145.05838,-37.69997]],[[145.05207,-37.68648],[145.06037,-37.68613]],[[145.06037,-37.68613],[145.06054,-37.68613]],[[145.06168,-37.68616],[145.0649,-37.68632]],[[145.06037,-37.68628],[145.05211,-37.68662]],[[145.06054,-37.68629],[145.06037,-37.68628]],[[145.06491,-37.68645],[145.06054,-37.68629]],[[145.06168,-37.68616],[145.06418,-37.68611]],[[145.05849,-37.69954],[145.05838,-37.69997]],[[145.05873,-37.69809],[145.0588,-37.69788]],[[145.05836,-37.70005],[145.0583,-37.70029]],[[145.05812,-37.70001],[145.05815,-37.69993]],[[145.05894,-37.6982],[145.05849,-37.69954]],[[145.0583,-37.70029],[145.05784,-37.70182]],[[145.05911,-37.69698],[145.05934,-37.69606]],[[145.06073,-37.69407],[145.06162,-37.69312]],[[145.05922,-37.69655],[145.05951,-37.69637]],[[145.06268,-37.69201],[145.06376,-37.69089]],[[145.0588,-37.69788],[145.05883,-37.69781]],[[145.05908,-37.69784],[145.05905,-37.69792]],[[145.05838,-37.69997],[145.05836,-37.70005]],[[145.06186,-37.69318],[145.06042,-37.69477]],[[145.05836,-37.70005],[145.05812,-37.70001]],[[145.05755,-37.70174],[145.05812,-37.70001]],[[145.06295,-37.69216],[145.06186,-37.69318]],[[145.05961,-37.6961],[145.05941,-37.69674]],[[145.06631,-37.68687],[145.06309,-37.68653]],[[145.06457,-37.69043],[145.06295,-37.69216]],[[145.06042,-37.69477],[145.06018,-37.69509]],[[145.06018,-37.69509],[145.05961,-37.6961]],[[145.0599,-37.69501],[145.06011,-37.69475]],[[145.05934,-37.69606],[145.0599,-37.69501]],[[145.05905,-37.69792],[145.05894,-37.6982]],[[145.05836,-37.69927],[145.05852,-37.69878]],[[145.05815,-37.69993],[145.05836,-37.69927]],[[145.05916,-37.69763],[145.05908,-37.69784]],[[145.0589,-37.69762],[145.05911,-37.69698]],[[145.05883,-37.69781],[145.0589,-37.69762]],[[145.05852,-37.69878],[145.05873,-37.69809]],[[145.05941,-37.69674],[145.05916,-37.69763]],[[145.06309,-37.68653],[145.061,-37.68629]],[[145.062,-37.69271],[145.06268,-37.69201]],[[145.06162,-37.69312],[145.06172,-37.69301]],[[145.06172,-37.69301],[145.062,-37.69271]],[[145.06011,-37.69475],[145.06044,-37.69438]],[[145.06056,-37.69425],[145.06073,-37.69407]],[[145.06044,-37.69438],[145.06056,-37.69425]],[[145.06054,-37.68613],[145.06168,-37.68616]]]}}