{"n":{"rail":[[[145.04858,-37.82298],[145.04517,-37.82248]],[[145.04517,-37.82248],[145.04492,-37.82245]],[[145.0452,-37.82237],[145.04494,-37.82235]],[[145.04495,-37.82231],[145.0452,-37.82233]],[[145.04859,-37.82293],[145.0452,-37.82237]],[[145.0452,-37.82233],[145.0486,-37.8229]],[[145.04492,-37.82245],[145.04257,-37.82226]],[[145.04257,-37.82226],[145.04233,-37.82224]],[[145.04235,-37.82215],[145.04259,-37.82217]],[[145.04258,-37.82221],[145.04234,-37.82219]],[[145.04494,-37.82235],[145.04258,-37.82221]],[[145.04259,-37.82217],[145.04495,-37.82231]],[[145.04006,-37.82188],[145.04235,-37.82215]],[[145.04006,-37.82192],[145.04234,-37.82219]],[[145.04233,-37.82224],[145.04005,-37.82197]]],"tram":[[[145.03052,-37.80688],[145.0607,-37.81035]],[[145.11997,-37.81753],[145.06069,-37.81038]],[[145.03052,-37.80688],[145.04617,-37.80124]],[[145.04659,-37.8011],[145.03051,-37.80692]],[[145.06051,-37.81132],[145.05765,-37.82652]],[[145.06051,-37.81132],[145.0606,-37.81085]],[[145.05761,-37.82651],[145.06051,-37.81132]],[[145.0607,-37.81035],[145.10703,-37.81591]],[[145.06069,-37.81038],[145.03051,-37.80692]]]}}