{"n":{"rail":[[[145.055,-37.85515],[145.05869,-37.85984],[145.06098,-37.86646],[145.0641,-37.87039]],[[145.06223,-37.86812],[145.06195,-37.86786]],[[145.06412,-37.8705],[145.06086,-37.8663],[145.05875,-37.86017],[145.05496,-37.85517]]],"tram":[[[145.04945,-37.86502],[145.02855,-37.8624]],[[145.0286,-37.86238],[145.04932,-37.86499]],[[145.05688,-37.86003],[145.05621,-37.85995]],[[145.05621,-37.85995],[145.02958,-37.85667]],[[145.0295,-37.85663],[145.05621,-37.85995]],[[145.04932,-37.86499],[145.04945,-37.86502]],[[145.04945,-37.86502],[145.05007,-37.86509]]],"freeway":[[[145.05842,-37.85646],[145.05917,-37.8584]],[[145.05881,-37.85917],[145.05873,-37.8588]],[[145.05861,-37.8592],[145.05881,-37.85917]],[[145.0606,-37.86463],[145.0593,-37.86016]],[[145.06438,-37.87033],[145.06239,-37.86788]],[[145.05923,-37.85993],[145.05885,-37.8586]],[[145.06319,-37.86849],[145.06466,-37.87043]],[[145.06239,-37.86788],[145.06174,-37.86716]],[[145.06174,-37.86716],[145.0606,-37.86463]],[[145.0619,-37.86706],[145.06319,-37.86849]],[[145.05995,-37.86173],[145.06111,-37.86565],[145.0619,-37.86706]],[[145.0595,-37.86016],[145.05995,-37.86173]],[[145.05929,-37.85886],[145.05961,-37.85999]],[[145.0584,-37.85774],[145.05834,-37.85692]],[[145.05873,-37.8588],[145.0585,-37.85817]],[[145.05884,-37.85941],[145.05881,-37.85917]],[[145.05961,-37.85999],[145.05961,-37.86011]],[[145.05917,-37.8584],[145.05929,-37.85886]],[[145.05842,-37.85646],[145.05943,-37.85993]],[[145.05885,-37.8586],[145.05834,-37.85692]],[[145.0585,-37.85817],[145.0584,-37.85774]],[[145.05943,-37.85993],[145.0595,-37.86016]],[[145.0593,-37.86016],[145.05923,-37.85993]]]}}