{"n":{"rail":[[[145.06249,-37.75593],[145.05805,-37.75937],[145.05487,-37.76293],[145.0513,-37.76554]],[[145.04271,-37.77011],[145.03791,-37.77568]],[[145.0513,-37.76554],[145.05114,-37.76566]],[[145.04288,-37.76997],[145.04271,-37.77011]],[[145.05114,-37.76566],[145.04787,-37.76799],[145.04288,-37.76997]],[[145.03768,-37.77585],[145.04268,-37.77009]],[[145.05877,-37.75874],[145.05841,-37.75907]],[[145.05127,-37.76551],[145.05481,-37.76291],[145.05789,-37.75944],[145.06243,-37.75592]],[[145.05111,-37.76564],[145.05127,-37.76551]],[[145.04268,-37.77009],[145.04285,-37.76995]],[[145.04285,-37.76995],[145.04787,-37.76793],[145.05111,-37.76564]],[[145.06243,-37.75592],[145.06279,-37.75564]],[[145.06291,-37.75563],[145.06249,-37.75593]],[[145.06279,-37.75564],[145.06472,-37.75415]],[[145.06482,-37.75423],[145.06291,-37.75563]],[[145.06333,-37.75532],[145.06408,-37.75464]]],"freeway":[[[145.05584,-37.75606],[145.05689,-37.7572]],[[145.05564,-37.75591],[145.05408,-37.75432]],[[145.05388,-37.75408],[145.05393,-37.7541]],[[145.05557,-37.75605],[145.05534,-37.75573]],[[145.05534,-37.75573],[145.05408,-37.75432]],[[145.05871,-37.75795],[145.0591,-37.75812]],[[145.05899,-37.75822],[145.05878,-37.75813]],[[145.05931,-37.75821],[145.05955,-37.75831]],[[145.06181,-37.75883],[145.06356,-37.75904]],[[145.05919,-37.7583],[145.05912,-37.75828]],[[145.06157,-37.75889],[145.05944,-37.75841]],[[145.06172,-37.75882],[145.06181,-37.75883]],[[145.05944,-37.75841],[145.05919,-37.7583]],[[145.05955,-37.75831],[145.06172,-37.75882]],[[145.05408,-37.75432],[145.05334,-37.75394]],[[145.05923,-37.75818],[145.05931,-37.75821]],[[145.0591,-37.75812],[145.05914,-37.75814]],[[145.05912,-37.75828],[145.05899,-37.75822]],[[145.0515,-37.75321],[145.05334,-37.75394]],[[145.05575,-37.75614],[145.05564,-37.75591]],[[145.05573,-37.75582],[145.05584,-37.75606]],[[145.05393,-37.7541],[145.05573,-37.75582]],[[145.06655,-37.75949],[145.0618,-37.75892]],[[145.0618,-37.75892],[145.06157,-37.75889]],[[145.05914,-37.75814],[145.05923,-37.75818]],[[145.05878,-37.75813],[145.05831,-37.75794]],[[145.05689,-37.7572],[145.05871,-37.75795]],[[145.05831,-37.75794],[145.05653,-37.75711],[145.05575,-37.75614]],[[145.05334,-37.75394],[145.05388,-37.75408]]]}}