{"n":{"rail":[[[145.07797,-37.89502],[145.05158,-37.88316]],[[145.05104,-37.88283],[145.07804,-37.89494]],[[145.04069,-37.89735],[145.04151,-37.89314]],[[145.04155,-37.89314],[145.04073,-37.89736]],[[145.0416,-37.89315],[145.04078,-37.89737]],[[145.04151,-37.89314],[145.04251,-37.88755]],[[145.04268,-37.88747],[145.04155,-37.89314]],[[145.04182,-37.89192],[145.0416,-37.89315]]],"tram":[[[145.05601,-37.89397],[145.05555,-37.89374]],[[145.05417,-37.89103],[145.05438,-37.89256],[145.05555,-37.89374]],[[145.05555,-37.89374],[145.05441,-37.8927],[145.05413,-37.89106]]],"freeway":[[[145.04452,-37.90457],[145.04408,-37.9048]],[[145.0582,-37.90627],[145.05822,-37.90618]],[[145.04507,-37.90463],[145.04469,-37.90459]],[[145.0462,-37.90467],[145.05074,-37.90524]],[[145.05425,-37.90566],[145.06048,-37.90645]],[[145.05343,-37.90571],[145.04617,-37.90476]],[[145.05392,-37.90577],[145.05343,-37.90571]],[[145.05346,-37.90556],[145.05395,-37.90562]],[[145.04405,-37.90439],[145.04423,-37.90441]],[[145.04395,-37.90451],[145.04375,-37.90449]],[[145.04249,-37.90419],[145.0435,-37.90432]],[[145.04349,-37.90446],[145.0435,-37.90432]],[[145.05235,-37.90554],[145.05235,-37.90544]],[[145.06138,-37.90661],[145.05392,-37.90577]],[[145.06186,-37.90663],[145.06167,-37.90662]],[[145.06314,-37.90664],[145.06424,-37.90678]],[[145.04393,-37.90437],[145.04405,-37.90439]],[[145.04406,-37.90453],[145.04395,-37.90451]],[[145.04452,-37.90457],[145.04406,-37.90453]],[[145.0617,-37.9065],[145.06186,-37.90651]],[[145.06186,-37.90651],[145.06215,-37.90652]],[[145.06157,-37.9065],[145.0616,-37.9065]],[[145.04375,-37.90449],[145.04088,-37.90412]],[[145.04423,-37.90441],[145.0462,-37.90467]],[[145.04469,-37.90459],[145.04452,-37.90457]],[[145.04617,-37.90476],[145.04507,-37.90463]],[[145.0435,-37.90432],[145.04393,-37.90437]],[[145.03975,-37.90384],[145.04249,-37.90419]],[[145.06313,-37.90677],[145.06186,-37.90663]],[[145.06142,-37.90661],[145.06138,-37.90661]],[[145.06167,-37.90662],[145.06142,-37.90661]],[[145.06215,-37.90652],[145.06314,-37.90664]],[[145.06064,-37.90646],[145.06076,-37.90646]],[[145.06048,-37.90645],[145.06064,-37.90646]],[[145.05074,-37.90524],[145.05214,-37.90541]],[[145.05214,-37.90541],[145.05346,-37.90556]],[[145.05395,-37.90562],[145.05425,-37.90566]],[[145.06076,-37.90646],[145.06141,-37.90649]],[[145.06418,-37.9069],[145.06313,-37.90677]],[[145.06141,-37.90649],[145.06157,-37.9065]],[[145.0616,-37.9065],[145.0617,-37.9065]]]}}