{"n":{"rail":[[[145.04271,-37.77011],[145.03791,-37.77568]],[[145.03768,-37.77585],[145.04268,-37.77009]]],"freeway":[[[145.05764,-37.78645],[145.06055,-37.78469]],[[145.06334,-37.7852],[145.06298,-37.78535]],[[145.0634,-37.78507],[145.06334,-37.7852]],[[145.06363,-37.78551],[145.06298,-37.78535]],[[145.0621,-37.78414],[145.06267,-37.7838]],[[145.0625,-37.78541],[145.06131,-37.78558]],[[145.05645,-37.7878],[145.05212,-37.79044]],[[145.06134,-37.78438],[145.0621,-37.78414]],[[145.06085,-37.78567],[145.05645,-37.7878]],[[145.06381,-37.78476],[145.06315,-37.78485]],[[145.06243,-37.78457],[145.06319,-37.7845]],[[145.0621,-37.78414],[145.06271,-37.78404]],[[145.06298,-37.78535],[145.0625,-37.78541]],[[145.06131,-37.78558],[145.06085,-37.78567]],[[145.06055,-37.78469],[145.06134,-37.78438]],[[145.05922,-37.78554],[145.06243,-37.78457]],[[145.06315,-37.78485],[145.0602,-37.78556]],[[145.0602,-37.78556],[145.05645,-37.7878]],[[145.06319,-37.7845],[145.06621,-37.78438]],[[145.05764,-37.78645],[145.05922,-37.78554]],[[145.05586,-37.78774],[145.05764,-37.78645]],[[145.05459,-37.78868],[145.05586,-37.78774]]]}}