{"n":{"rail":[[[145.05286,-37.85355],[145.055,-37.85515],[145.05869,-37.85984]],[[145.05282,-37.85357],[145.05185,-37.85318]],[[145.04796,-37.85195],[145.04235,-37.84983],[145.04038,-37.848]],[[145.05875,-37.86017],[145.05496,-37.85517],[145.05282,-37.85357]],[[145.0405,-37.84809],[145.04224,-37.84971],[145.04435,-37.85079],[145.04797,-37.85191]],[[145.0496,-37.85238],[145.05184,-37.85314]],[[145.04797,-37.85191],[145.04807,-37.85194]],[[145.05184,-37.85318],[145.04956,-37.85241]],[[145.04805,-37.85197],[145.04796,-37.85195]],[[145.05187,-37.85315],[145.05286,-37.85355]],[[145.04807,-37.85194],[145.04957,-37.85237]],[[145.04955,-37.85241],[145.04805,-37.85197]],[[145.04957,-37.85237],[145.0496,-37.85238]],[[145.04956,-37.85241],[145.04955,-37.85241]],[[145.05184,-37.85314],[145.05187,-37.85315]],[[145.05185,-37.85318],[145.05184,-37.85318]]],"tram":[[[145.05654,-37.83133],[145.07585,-37.84809]],[[145.07581,-37.84812],[145.05653,-37.83136]],[[145.05621,-37.85995],[145.02958,-37.85667]],[[145.0295,-37.85663],[145.05621,-37.85995]],[[145.05269,-37.85234],[145.05267,-37.8519]],[[145.05271,-37.85191],[145.05273,-37.85236]],[[145.05267,-37.8519],[145.05267,-37.85145]],[[145.05761,-37.82671],[145.05271,-37.85191]],[[145.03026,-37.85165],[145.05215,-37.85453]],[[145.05216,-37.85458],[145.0303,-37.85168]],[[145.05273,-37.85236],[145.05216,-37.85458]],[[145.05215,-37.85453],[145.05269,-37.85234]],[[145.0527,-37.85164],[145.05267,-37.85145]],[[145.05267,-37.85145],[145.05659,-37.8318]]],"freeway":[[[145.05842,-37.85646],[145.05917,-37.8584]],[[145.0487,-37.84519],[145.04803,-37.84528]],[[145.05639,-37.85377],[145.05752,-37.85498]],[[145.05629,-37.85369],[145.05639,-37.85377]],[[145.05621,-37.8539],[145.05611,-37.85382]],[[145.05249,-37.85217],[145.04986,-37.85073]],[[145.05598,-37.85372],[145.05409,-37.8529]],[[145.0523,-37.85225],[145.05081,-37.85159]],[[145.04964,-37.85031],[145.05061,-37.85079]],[[145.0534,-37.85206],[145.05434,-37.85237]],[[145.05283,-37.85243],[145.05258,-37.85234]],[[145.05257,-37.85181],[145.05283,-37.85191]],[[145.05299,-37.85267],[145.05283,-37.85274]],[[145.05257,-37.85255],[145.05243,-37.85238]],[[145.05203,-37.85159],[145.05246,-37.85162]],[[145.05397,-37.8457],[145.0487,-37.84519]],[[145.05296,-37.85184],[145.0534,-37.85206]],[[145.05277,-37.8522],[145.05264,-37.85232]],[[145.05274,-37.85192],[145.05283,-37.85191]],[[145.05264,-37.85232],[145.05258,-37.85234]],[[145.05752,-37.85498],[145.05842,-37.85646]],[[145.05834,-37.85692],[145.05734,-37.85506]],[[145.0404,-37.84574],[145.04209,-37.84742]],[[145.05291,-37.8521],[145.056,-37.85347]],[[145.06204,-37.84659],[145.05657,-37.84598]],[[145.05475,-37.85257],[145.056,-37.85347]],[[145.05203,-37.85159],[145.05244,-37.85176]],[[145.05033,-37.85127],[145.04986,-37.85073]],[[145.05409,-37.8529],[145.05347,-37.85267]],[[145.04411,-37.84533],[145.04343,-37.84524]],[[145.04499,-37.84543],[145.04432,-37.84535]],[[145.04669,-37.84539],[145.04499,-37.84543]],[[145.04499,-37.84543],[145.0467,-37.8453]],[[145.04679,-37.84529],[145.04802,-37.8452]],[[145.0467,-37.8453],[145.04679,-37.84529]],[[145.04311,-37.8452],[145.04278,-37.84517]],[[145.04679,-37.84538],[145.04669,-37.84539]],[[145.05291,-37.85246],[145.05283,-37.85243]],[[145.05347,-37.85267],[145.05291,-37.85246]],[[145.05434,-37.85237],[145.05475,-37.85257]],[[145.05081,-37.85159],[145.05033,-37.85127]],[[145.0584,-37.85774],[145.05834,-37.85692]],[[145.0525,-37.85231],[145.0523,-37.85225]],[[145.05061,-37.85079],[145.05203,-37.85159]],[[145.0419,-37.84506],[145.04278,-37.84517]],[[145.0529,-37.85193],[145.0534,-37.85206]],[[145.05657,-37.84598],[145.05397,-37.8457]],[[145.06204,-37.84659],[145.06764,-37.84723]],[[145.04278,-37.84517],[145.04311,-37.8452]],[[145.04209,-37.84742],[145.04257,-37.84782]],[[145.04803,-37.84528],[145.04679,-37.84538]],[[145.04082,-37.84662],[145.04257,-37.84782]],[[145.04381,-37.84845],[145.04203,-37.84778]],[[145.04422,-37.84835],[145.04702,-37.84901],[145.04914,-37.85]],[[145.04726,-37.8493],[145.04406,-37.84852]],[[145.05675,-37.85439],[145.05621,-37.8539]],[[145.05734,-37.85506],[145.05675,-37.85439]],[[145.05264,-37.85204],[145.05274,-37.85192]],[[145.05283,-37.8521],[145.05277,-37.8522]],[[145.05258,-37.85214],[145.05264,-37.85204]],[[145.05244,-37.85176],[145.05249,-37.85178]],[[145.04432,-37.84535],[145.04411,-37.84533]],[[145.04343,-37.84524],[145.04311,-37.8452]],[[145.04141,-37.84497],[145.0419,-37.84506]],[[145.04802,-37.8452],[145.0487,-37.84519]],[[145.04396,-37.84829],[145.04422,-37.84835]],[[145.04257,-37.84782],[145.04396,-37.84829]],[[145.04406,-37.84852],[145.04381,-37.84845]],[[145.05842,-37.85646],[145.05943,-37.85993]],[[145.05885,-37.8586],[145.05834,-37.85692]],[[145.04986,-37.85073],[145.04726,-37.8493]],[[145.04914,-37.85],[145.04964,-37.85031]],[[145.05249,-37.85196],[145.05291,-37.8521]],[[145.04964,-37.85031],[145.05249,-37.85196]],[[145.056,-37.85347],[145.05629,-37.85369]],[[145.05611,-37.85382],[145.05598,-37.85372]],[[145.05291,-37.85231],[145.05249,-37.85217]],[[145.05598,-37.85372],[145.05291,-37.85231]],[[145.05347,-37.85267],[145.05299,-37.85267]],[[145.05283,-37.85191],[145.0529,-37.85193]],[[145.05282,-37.85156],[145.05296,-37.85184]],[[145.05246,-37.85162],[145.05259,-37.85152]],[[145.05249,-37.85178],[145.05257,-37.85181]],[[145.05258,-37.85234],[145.0525,-37.85231]],[[145.05243,-37.85238],[145.0523,-37.85225]],[[145.04203,-37.84778],[145.04111,-37.84716]]]}}