{"n":{"tram":[[[145.03052,-37.80688],[145.04617,-37.80124],[145.06399,-37.79342]],[[145.06401,-37.79345],[145.04659,-37.8011],[145.03051,-37.80692]],[[145.04994,-37.79964],[145.04971,-37.79975]]],"freeway":[[[145.05645,-37.7878],[145.05212,-37.79044],[145.04786,-37.79116]],[[145.04786,-37.79116],[145.0367,-37.79068]],[[145.03612,-37.79037],[145.04788,-37.79082]],[[145.04788,-37.79082],[145.05127,-37.79036],[145.05459,-37.78868]],[[145.05459,-37.78868],[145.05586,-37.78774]]]}}