{"n":{"rail":[[[145.04441,-37.87879],[145.04461,-37.87891]],[[145.04485,-37.88478],[145.04598,-37.88342],[145.04634,-37.88196],[145.04588,-37.88021],[145.04486,-37.87914]],[[145.0446,-37.87896],[145.0444,-37.87883]],[[145.04442,-37.87871],[145.0425,-37.87733]],[[145.04383,-37.8784],[145.04422,-37.87871]],[[145.04396,-37.87832],[145.0444,-37.87864]],[[145.04533,-37.87957],[145.04623,-37.88183]],[[145.04443,-37.87866],[145.04463,-37.87882]],[[145.04462,-37.87887],[145.04442,-37.87871]],[[145.0433,-37.87814],[145.04212,-37.87737]],[[145.04486,-37.87914],[145.0446,-37.87896]],[[145.04461,-37.87891],[145.04583,-37.87994],[145.04643,-37.88182],[145.04609,-37.8834],[145.04491,-37.88483]],[[145.04488,-37.88481],[145.04598,-37.88351],[145.04639,-37.88189],[145.04592,-37.88019],[145.04486,-37.87914]],[[145.0451,-37.87933],[145.04598,-37.88053],[145.04629,-37.88214],[145.04586,-37.88354],[145.0448,-37.88476]],[[145.07797,-37.89502],[145.05158,-37.88316],[145.04752,-37.88091]],[[145.04752,-37.88091],[145.04462,-37.87887]],[[145.04463,-37.87882],[145.04755,-37.88087]],[[145.04755,-37.88087],[145.05104,-37.88283],[145.07804,-37.89494]],[[145.04137,-37.87661],[145.04217,-37.87703]],[[145.04217,-37.87703],[145.04443,-37.87866]],[[145.0425,-37.87733],[145.0415,-37.87676]],[[145.04149,-37.87685],[145.04239,-37.87745]],[[145.04239,-37.87745],[145.04383,-37.8784]],[[145.0416,-37.87702],[145.03978,-37.87561]],[[145.04212,-37.87737],[145.0416,-37.87702]],[[145.04376,-37.88592],[145.04407,-37.88567]],[[145.0448,-37.88476],[145.04388,-37.88576]],[[145.04151,-37.89314],[145.04251,-37.88755],[145.04485,-37.88478]],[[145.04488,-37.88481],[145.04268,-37.88747],[145.04155,-37.89314]],[[145.04491,-37.88483],[145.04282,-37.88724],[145.04182,-37.89192]],[[145.04182,-37.89192],[145.0416,-37.89315]],[[145.04422,-37.87871],[145.0433,-37.87814]],[[145.0444,-37.87883],[145.04422,-37.87871]],[[145.04383,-37.8784],[145.04441,-37.87879]]],"tram":[[[145.05849,-37.87723],[145.04549,-37.87566],[145.04481,-37.87594]],[[145.04314,-37.87561],[145.04451,-37.87588]],[[145.05905,-37.87729],[145.05849,-37.87723]],[[145.02675,-37.88748],[145.042,-37.88938]],[[145.04199,-37.88941],[145.02221,-37.88694]],[[145.04481,-37.8759],[145.04551,-37.87563],[145.05849,-37.87723]],[[145.04199,-37.87557],[145.04481,-37.8759]],[[145.04481,-37.87594],[145.04314,-37.87561]],[[145.04203,-37.87559],[145.04177,-37.87651]],[[145.04172,-37.87647],[145.04199,-37.87557]],[[145.03996,-37.87535],[145.04172,-37.87647]],[[145.04177,-37.87651],[145.03997,-37.87542]],[[145.05417,-37.89103],[145.05438,-37.89256]],[[145.05441,-37.8927],[145.05413,-37.89106]],[[145.05404,-37.89084],[145.05417,-37.89103]],[[145.05413,-37.89106],[145.054,-37.89087]],[[145.04314,-37.87561],[145.04203,-37.87559]],[[145.054,-37.89087],[145.04233,-37.88945]],[[145.04234,-37.88942],[145.05404,-37.89084]],[[145.04233,-37.88945],[145.04199,-37.88941]],[[145.042,-37.88938],[145.04234,-37.88942]]],"freeway":[[[145.04256,-37.87561],[145.042,-37.87553]],[[145.04597,-37.87646],[145.04704,-37.8774]],[[145.04929,-37.88052],[145.04962,-37.88113]],[[145.04962,-37.88113],[145.05032,-37.88162]],[[145.05046,-37.88177],[145.05187,-37.88271]],[[145.04945,-37.88093],[145.0485,-37.87961]],[[145.04752,-37.87803],[145.04758,-37.8781]],[[145.0473,-37.87806],[145.04706,-37.87773]],[[145.05717,-37.88377],[145.05808,-37.88375]],[[145.04103,-37.87521],[145.04202,-37.87534]],[[145.05182,-37.88286],[145.05029,-37.88186]],[[145.05806,-37.88389],[145.05825,-37.88392]],[[145.04189,-37.87552],[145.04072,-37.87533]],[[145.04205,-37.87534],[145.04381,-37.87557]],[[145.05804,-37.88404],[145.05711,-37.88391]],[[145.04777,-37.87834],[145.04846,-37.87922]],[[145.06407,-37.88478],[145.06174,-37.88459]],[[145.042,-37.87553],[145.04189,-37.87552]],[[145.04962,-37.88114],[145.04961,-37.88113]],[[145.06099,-37.88433],[145.06242,-37.88454]],[[145.06174,-37.88459],[145.06096,-37.88447]],[[145.05825,-37.88392],[145.06007,-37.88419]],[[145.06096,-37.88447],[145.06008,-37.88434]],[[145.05902,-37.88419],[145.05801,-37.88419]],[[145.04929,-37.88052],[145.04919,-37.88056]],[[145.05717,-37.88377],[145.05806,-37.88389]],[[145.05902,-37.88419],[145.05804,-37.88404]],[[145.0499,-37.8815],[145.04962,-37.88114]],[[145.04443,-37.87574],[145.04503,-37.87596]],[[145.04381,-37.87557],[145.04418,-37.87566]],[[145.04153,-37.87529],[145.0416,-37.87547]],[[145.05312,-37.88314],[145.05529,-37.88349]],[[145.05014,-37.88141],[145.05046,-37.88177]],[[145.04846,-37.87922],[145.04917,-37.88017]],[[145.05187,-37.88271],[145.05312,-37.88314]],[[145.05284,-37.88322],[145.05182,-37.88286]],[[145.06242,-37.88454],[145.06337,-37.88463]],[[145.04526,-37.87607],[145.04597,-37.87646]],[[145.04503,-37.87596],[145.04526,-37.87607]],[[145.0447,-37.87605],[145.04394,-37.87588]],[[145.04706,-37.87773],[145.04532,-37.87626]],[[145.04203,-37.87534],[145.04205,-37.87534]],[[145.04736,-37.87815],[145.0473,-37.87806]],[[145.04758,-37.8781],[145.04777,-37.87834]],[[145.04736,-37.8778],[145.04752,-37.87803]],[[145.04723,-37.87763],[145.04736,-37.8778]],[[145.05711,-37.88391],[145.05621,-37.88377]],[[145.05624,-37.88363],[145.05698,-37.88374]],[[145.05621,-37.88377],[145.05369,-37.8834]],[[145.05529,-37.88349],[145.05624,-37.88363]],[[145.05369,-37.8834],[145.05307,-37.88328]],[[145.05307,-37.88328],[145.05284,-37.88322]],[[145.05029,-37.88186],[145.05013,-37.88172]],[[145.05013,-37.88172],[145.0499,-37.8815]],[[145.04917,-37.88017],[145.05014,-37.88141]],[[145.04917,-37.88017],[145.04929,-37.88052]],[[145.04791,-37.87886],[145.04754,-37.87839]],[[145.0485,-37.87961],[145.04791,-37.87886]],[[145.04754,-37.87839],[145.04736,-37.87815]],[[145.04704,-37.8774],[145.04723,-37.87763]],[[145.04532,-37.87626],[145.0447,-37.87605]],[[145.04418,-37.87566],[145.04443,-37.87574]],[[145.04283,-37.87566],[145.04256,-37.87561]],[[145.04394,-37.87588],[145.04283,-37.87566]],[[145.04202,-37.87534],[145.04203,-37.87534]],[[145.06337,-37.88463],[145.06408,-37.88463]],[[145.06008,-37.88434],[145.0594,-37.88424]],[[145.06007,-37.88419],[145.06099,-37.88433]],[[145.05698,-37.88374],[145.05717,-37.88377]],[[145.0594,-37.88424],[145.05902,-37.88419]],[[145.04961,-37.88113],[145.04945,-37.88093]],[[145.04961,-37.88113],[145.04962,-37.88113]],[[145.04962,-37.88113],[145.04962,-37.88114]]]}}