{"n":{"rail":[[[145.06075,-37.82656],[145.06016,-37.82653]],[[145.06263,-37.8264],[145.06486,-37.82628]],[[145.06208,-37.82655],[145.06158,-37.82653]],[[145.06172,-37.82657],[145.05771,-37.8267]],[[145.05814,-37.82677],[145.06101,-37.82664]],[[145.06071,-37.82668],[145.05785,-37.82672]],[[145.0604,-37.82674],[145.05832,-37.82711]],[[145.05658,-37.82646],[145.05716,-37.82652]],[[145.05717,-37.82656],[145.05611,-37.8264]],[[145.05387,-37.82475],[145.05535,-37.82597],[145.05716,-37.82652]],[[145.06208,-37.82655],[145.05772,-37.82667]],[[145.06075,-37.82656],[145.05774,-37.82658]],[[145.05372,-37.82474],[145.0519,-37.82361],[145.0488,-37.82302]],[[145.05585,-37.8263],[145.05525,-37.826]],[[145.05525,-37.826],[145.0543,-37.8253]],[[145.0488,-37.82302],[145.04858,-37.82298]],[[145.04858,-37.82298],[145.04517,-37.82248]],[[145.04882,-37.82298],[145.04859,-37.82293]],[[145.0486,-37.8229],[145.04882,-37.82294]],[[145.04859,-37.82293],[145.0452,-37.82237]],[[145.0452,-37.82233],[145.0486,-37.8229]],[[145.06346,-37.82647],[145.06398,-37.82642]],[[145.06266,-37.82654],[145.06321,-37.82648]],[[145.06099,-37.82652],[145.06502,-37.82636]],[[145.07106,-37.82549],[145.06158,-37.82653]],[[145.06419,-37.82649],[145.06208,-37.82655]],[[145.05525,-37.826],[145.05581,-37.82623]],[[145.05382,-37.82475],[145.052,-37.8236],[145.04882,-37.82298]],[[145.04882,-37.82294],[145.05205,-37.82358],[145.05387,-37.82475]],[[145.05774,-37.82655],[145.06016,-37.82653]],[[145.05658,-37.82646],[145.05503,-37.82583],[145.05382,-37.82475]],[[145.05772,-37.82667],[145.05537,-37.8261],[145.05372,-37.82474]],[[145.05771,-37.8267],[145.05749,-37.82666]],[[145.05749,-37.82666],[145.05728,-37.82663]],[[145.06099,-37.82652],[145.06263,-37.8264]],[[145.05774,-37.82658],[145.05658,-37.82646]],[[145.05716,-37.82652],[145.05774,-37.82655]],[[145.06016,-37.82653],[145.06099,-37.82652]],[[145.06158,-37.82653],[145.06075,-37.82656]]],"tram":[[[145.05459,-37.82992],[145.05377,-37.82921]],[[145.05473,-37.82981],[145.05391,-37.82911]],[[145.05453,-37.82996],[145.05371,-37.82926]],[[145.05462,-37.82989],[145.0538,-37.82919]],[[145.05449,-37.82999],[145.05368,-37.82928]],[[145.05456,-37.82994],[145.05374,-37.82923]],[[145.03398,-37.82869],[145.05427,-37.83107]],[[145.05458,-37.8309],[145.0543,-37.8311]],[[145.05427,-37.83107],[145.05454,-37.8309]],[[145.05458,-37.8309],[145.05476,-37.83113]],[[145.05473,-37.83115],[145.05454,-37.8309]],[[145.05473,-37.83115],[145.03393,-37.82871]],[[145.05466,-37.83057],[145.05475,-37.83026]],[[145.06002,-37.83175],[145.06027,-37.83175]],[[145.05654,-37.83133],[145.07585,-37.84809]],[[145.11034,-37.83758],[145.05653,-37.83136]],[[145.07581,-37.84812],[145.05653,-37.83136]],[[145.06051,-37.81132],[145.05765,-37.82652]],[[145.05758,-37.82671],[145.05761,-37.82651]],[[145.05761,-37.82651],[145.06051,-37.81132]],[[145.05765,-37.82652],[145.05761,-37.82671]],[[145.05773,-37.82591],[145.05773,-37.82611]],[[145.05761,-37.82671],[145.05271,-37.85191]],[[145.05659,-37.83201],[145.05659,-37.8318]],[[145.05679,-37.83096],[145.05679,-37.83075]],[[145.05679,-37.83075],[145.05758,-37.82671]],[[145.05653,-37.83136],[145.05473,-37.83115]],[[145.05464,-37.83075],[145.05458,-37.8309]],[[145.05454,-37.8309],[145.05466,-37.83057]],[[145.05427,-37.83107],[145.05654,-37.83133]],[[145.05468,-37.82985],[145.05386,-37.82915]],[[145.05654,-37.83133],[145.08022,-37.83406]],[[145.05466,-37.83057],[145.05464,-37.83075]],[[145.05464,-37.83075],[145.05481,-37.83029]],[[145.05475,-37.83026],[145.05449,-37.82999]],[[145.05474,-37.83019],[145.05453,-37.82996]],[[145.05474,-37.83022],[145.05456,-37.82994]],[[145.05478,-37.83011],[145.05459,-37.82992]],[[145.05478,-37.83024],[145.05462,-37.82989]],[[145.05481,-37.83029],[145.05468,-37.82985]],[[145.0548,-37.82995],[145.05473,-37.82981]],[[145.05465,-37.82987],[145.05383,-37.82917]],[[145.05477,-37.83007],[145.05465,-37.82987]],[[145.05471,-37.82983],[145.05388,-37.82912]],[[145.05481,-37.82999],[145.05471,-37.82983]],[[145.05484,-37.8302],[145.05482,-37.82986]],[[145.05474,-37.83034],[145.05483,-37.83005]],[[145.05267,-37.85145],[145.05659,-37.8318]],[[145.05659,-37.8318],[145.05667,-37.8314]],[[145.05667,-37.8314],[145.05667,-37.83138]],[[145.05667,-37.83138],[145.05668,-37.83137]],[[145.05668,-37.83137],[145.05668,-37.83135]],[[145.05668,-37.83135],[145.05679,-37.83075]]]}}