{"n":{"rail":[[[145.04769,-37.95681],[145.03776,-37.94244]],[[145.03793,-37.94265],[145.04774,-37.95681]]],"freeway":[[[145.06056,-37.93624],[145.06052,-37.93644]],[[145.06232,-37.93665],[145.06236,-37.93645]],[[145.04467,-37.93433],[145.0447,-37.93416]],[[145.06109,-37.93651],[145.06052,-37.93644]],[[145.04225,-37.93387],[145.04229,-37.93404]],[[145.04761,-37.93451],[145.04832,-37.9346]],[[145.06139,-37.93634],[145.06236,-37.93645]],[[145.04316,-37.93415],[145.04144,-37.93393]],[[145.05018,-37.93502],[145.04949,-37.93493]],[[145.0485,-37.93462],[145.04921,-37.93472]],[[145.05136,-37.93516],[145.05018,-37.93502]],[[145.04877,-37.93484],[145.04852,-37.93481]],[[145.0455,-37.93444],[145.04486,-37.93436]],[[145.05535,-37.93568],[145.05517,-37.93564]],[[145.05629,-37.93584],[145.05614,-37.93581]],[[145.05615,-37.93567],[145.05629,-37.93569]],[[145.05463,-37.93538],[145.05506,-37.93544]],[[145.06232,-37.93665],[145.06205,-37.93661]],[[145.06007,-37.93618],[145.06071,-37.93626]],[[145.04218,-37.94349],[145.04267,-37.94418]],[[145.05569,-37.93559],[145.05615,-37.93567]],[[145.05725,-37.93601],[145.0564,-37.93586]],[[145.05021,-37.93484],[145.05149,-37.93499]],[[145.04832,-37.9346],[145.0485,-37.93462]],[[145.04918,-37.93489],[145.04877,-37.93484]],[[145.04169,-37.94313],[145.0413,-37.94257]],[[145.04292,-37.94486],[145.04217,-37.9438]],[[145.05779,-37.9361],[145.05725,-37.93601]],[[145.05708,-37.93582],[145.05749,-37.93587]],[[145.05629,-37.93569],[145.05708,-37.93582]],[[145.05569,-37.93574],[145.05535,-37.93568]],[[145.06572,-37.93708],[145.06285,-37.93672]],[[145.06052,-37.93644],[145.05779,-37.9361]],[[145.06134,-37.93653],[145.06109,-37.93651]],[[145.05749,-37.93587],[145.05941,-37.9361]],[[145.05232,-37.93529],[145.05136,-37.93516]],[[145.05236,-37.93509],[145.05463,-37.93538]],[[145.05481,-37.93559],[145.05232,-37.93529]],[[145.04217,-37.9438],[145.04169,-37.94313]],[[145.04125,-37.94218],[145.04218,-37.94349]],[[145.05517,-37.93564],[145.05481,-37.93559]],[[145.06236,-37.93645],[145.06377,-37.93663]],[[145.04681,-37.93441],[145.04761,-37.93451]],[[145.04852,-37.93481],[145.04677,-37.93459]],[[145.04949,-37.93493],[145.04918,-37.93489]],[[145.05206,-37.93506],[145.05236,-37.93509]],[[145.05149,-37.93499],[145.05206,-37.93506]],[[145.0497,-37.93478],[145.05021,-37.93484]],[[145.04921,-37.93472],[145.0497,-37.93478]],[[145.04634,-37.93435],[145.04681,-37.93441]],[[145.04606,-37.93432],[145.04634,-37.93435]],[[145.04319,-37.93398],[145.04606,-37.93432]],[[145.04486,-37.93436],[145.04467,-37.93433]],[[145.04677,-37.93459],[145.0455,-37.93444]],[[145.04467,-37.93433],[145.04316,-37.93415]],[[145.04278,-37.93393],[145.04319,-37.93398]],[[145.04239,-37.93389],[145.04278,-37.93393]],[[145.04225,-37.93387],[145.04239,-37.93389]],[[145.04181,-37.93382],[145.04225,-37.93387]],[[145.04165,-37.9338],[145.04181,-37.93382]],[[145.04074,-37.93369],[145.04165,-37.9338]],[[145.06285,-37.93672],[145.06232,-37.93665]],[[145.06205,-37.93661],[145.06197,-37.9366]],[[145.06197,-37.9366],[145.06134,-37.93653]],[[145.06083,-37.93628],[145.06139,-37.93634]],[[145.06071,-37.93626],[145.06083,-37.93628]],[[145.05941,-37.9361],[145.06007,-37.93618]],[[145.0564,-37.93586],[145.05629,-37.93584]],[[145.05614,-37.93581],[145.05569,-37.93574]],[[145.05542,-37.93553],[145.05569,-37.93559]],[[145.05526,-37.93549],[145.05542,-37.93553]],[[145.04267,-37.94418],[145.0429,-37.94451]],[[145.05506,-37.93544],[145.05526,-37.93549]]]}}