{"n":{"rail":[[[145.06463,-37.98114],[145.05646,-37.9694]],[[145.05651,-37.96938],[145.06466,-37.98112]],[[145.05541,-37.96786],[145.05626,-37.96903]],[[145.05449,-37.96654],[145.05512,-37.96746]],[[145.05271,-37.96394],[145.05302,-37.96445]],[[145.05302,-37.96445],[145.05213,-37.96317]],[[145.04794,-37.95708],[145.05216,-37.96316]],[[145.05213,-37.96317],[145.04789,-37.95708]],[[145.05453,-37.96653],[145.05545,-37.96785]],[[145.05626,-37.96903],[145.05651,-37.96938]],[[145.05537,-37.96803],[145.05436,-37.96662]],[[145.05646,-37.9694],[145.05537,-37.96803]],[[145.05545,-37.96785],[145.05626,-37.96903]],[[145.05512,-37.96746],[145.05541,-37.96786]],[[145.05216,-37.96316],[145.05271,-37.96394]],[[145.05302,-37.96445],[145.05341,-37.965]],[[145.05271,-37.96394],[145.05343,-37.96499]],[[145.05324,-37.96496],[145.05213,-37.96317]],[[145.05343,-37.96499],[145.05397,-37.96573]],[[145.05341,-37.965],[145.05393,-37.96575]],[[145.0538,-37.9658],[145.05324,-37.96496]],[[145.05436,-37.96662],[145.0538,-37.9658]],[[145.05393,-37.96575],[145.05449,-37.96654]],[[145.05397,-37.96573],[145.05453,-37.96653]]],"freeway":[[[145.05731,-37.96481],[145.05747,-37.96502]],[[145.05581,-37.96268],[145.056,-37.96295]],[[145.05797,-37.96568],[145.0581,-37.96585]],[[145.05736,-37.96519],[145.05712,-37.96487]],[[145.05652,-37.96408],[145.05637,-37.96387]],[[145.0562,-37.96363],[145.05606,-37.96343]],[[145.05809,-37.96612],[145.05789,-37.96587]],[[145.05512,-37.96171],[145.05493,-37.96179]],[[145.05544,-37.96217],[145.05566,-37.96246]],[[145.05512,-37.96171],[145.05544,-37.96217]],[[145.05524,-37.96226],[145.05493,-37.96179]],[[145.05781,-37.96547],[145.05797,-37.96568]],[[145.05894,-37.96695],[145.05908,-37.96714]],[[145.05712,-37.96487],[145.05681,-37.96448]],[[145.05772,-37.96565],[145.05736,-37.96519]],[[145.05887,-37.96716],[145.05871,-37.96696]],[[145.05852,-37.96671],[145.05833,-37.96644]],[[145.05612,-37.96313],[145.05701,-37.96439]],[[145.05598,-37.96331],[145.05524,-37.96226]],[[145.05493,-37.96179],[145.05469,-37.96146]],[[145.05566,-37.96246],[145.0558,-37.96267]],[[145.05701,-37.96439],[145.05731,-37.96481]],[[145.05606,-37.96343],[145.05598,-37.96331]],[[145.0581,-37.96585],[145.05817,-37.96594]],[[145.05817,-37.96594],[145.05844,-37.9663]],[[145.05896,-37.96728],[145.05887,-37.96716]],[[145.05681,-37.96448],[145.05669,-37.96432]],[[145.05637,-37.96387],[145.05626,-37.96372]],[[145.05626,-37.96372],[145.0562,-37.96363]],[[145.05669,-37.96432],[145.05652,-37.96408]],[[145.0558,-37.96267],[145.05581,-37.96268]],[[145.05495,-37.96146],[145.05512,-37.96171]],[[145.05821,-37.96628],[145.05809,-37.96612]],[[145.05833,-37.96644],[145.05821,-37.96628]],[[145.05871,-37.96696],[145.05852,-37.96671]],[[145.05759,-37.96519],[145.05776,-37.9654]],[[145.05747,-37.96502],[145.05759,-37.96519]],[[145.06014,-37.96876],[145.05992,-37.96848]],[[145.06056,-37.96929],[145.06014,-37.96876]],[[145.05992,-37.96848],[145.05927,-37.96766]],[[145.0587,-37.96664],[145.05894,-37.96695]],[[145.05844,-37.9663],[145.0587,-37.96664]],[[145.05927,-37.96766],[145.05907,-37.96742]],[[145.05917,-37.96725],[145.05902,-37.96736]],[[145.06242,-37.97161],[145.06218,-37.97131]],[[145.06284,-37.97214],[145.06242,-37.97161]],[[145.06201,-37.97083],[145.06234,-37.97123]],[[145.06218,-37.97131],[145.06056,-37.96929]],[[145.06159,-37.97029],[145.06201,-37.97083]],[[145.05917,-37.96725],[145.06007,-37.9684]],[[145.06234,-37.97123],[145.06397,-37.97327]],[[145.06407,-37.97367],[145.06284,-37.97214]],[[145.05907,-37.96742],[145.05902,-37.96736]],[[145.05908,-37.96714],[145.05917,-37.96725]],[[145.05789,-37.96587],[145.05772,-37.96565]],[[145.05776,-37.9654],[145.05781,-37.96547]],[[145.056,-37.96295],[145.05612,-37.96313]],[[145.05896,-37.96728],[145.05917,-37.96725]],[[145.06007,-37.9684],[145.06159,-37.97029]],[[145.05902,-37.96736],[145.05896,-37.96728]]]}}