{"n":{"rail":[[[145.04789,-37.95708],[145.04769,-37.95681]],[[145.04774,-37.95681],[145.04794,-37.95708]],[[145.04769,-37.95681],[145.03776,-37.94244]],[[145.03793,-37.94265],[145.04774,-37.95681]],[[145.04794,-37.95708],[145.05216,-37.96316]],[[145.05213,-37.96317],[145.04789,-37.95708]]],"freeway":[[[145.04619,-37.94951],[145.04601,-37.94926]],[[145.05234,-37.95778],[145.05239,-37.95785]],[[145.05295,-37.95897],[145.05271,-37.95866]],[[145.04981,-37.9543],[145.04964,-37.95437]],[[145.05321,-37.95896],[145.05344,-37.95929]],[[145.05411,-37.96062],[145.05402,-37.96049]],[[145.05213,-37.9575],[145.05234,-37.95778]],[[145.05113,-37.95648],[145.04824,-37.95241]],[[145.04608,-37.94907],[145.04763,-37.95124]],[[145.05206,-37.9574],[145.05213,-37.9575]],[[145.04591,-37.94913],[145.04436,-37.94692]],[[145.04314,-37.94518],[145.04292,-37.94486]],[[145.04338,-37.9452],[145.04364,-37.94556]],[[145.05296,-37.95861],[145.05306,-37.95875]],[[145.05226,-37.95805],[145.05199,-37.95767]],[[145.05259,-37.95811],[145.05296,-37.95861]],[[145.05315,-37.95888],[145.05321,-37.95896]],[[145.05301,-37.95906],[145.05295,-37.95897]],[[145.05436,-37.96061],[145.05477,-37.96119]],[[145.0541,-37.96024],[145.05416,-37.96032]],[[145.05327,-37.95942],[145.0531,-37.95918]],[[145.05396,-37.9604],[145.05391,-37.96033]],[[145.05403,-37.96014],[145.0541,-37.96024]],[[145.04309,-37.94477],[145.04312,-37.94481]],[[145.0434,-37.94554],[145.04337,-37.9455]],[[145.04583,-37.9487],[145.046,-37.94895]],[[145.05149,-37.95698],[145.05113,-37.95648]],[[145.05179,-37.9574],[145.05149,-37.95698]],[[145.04292,-37.94486],[145.04217,-37.9438]],[[145.05109,-37.95608],[145.05124,-37.95628]],[[145.05153,-37.95666],[145.05177,-37.957]],[[145.05271,-37.95866],[145.05234,-37.95815]],[[145.0476,-37.95151],[145.04664,-37.95017]],[[145.04491,-37.94737],[145.04558,-37.94835]],[[145.04364,-37.94556],[145.04491,-37.94737]],[[145.04359,-37.94582],[145.04346,-37.94563]],[[145.05493,-37.96179],[145.05469,-37.96146]],[[145.05327,-37.95942],[145.05347,-37.95933]],[[145.04966,-37.9541],[145.04981,-37.9543]],[[145.05245,-37.95794],[145.05259,-37.95811]],[[145.05239,-37.95785],[145.05245,-37.95794]],[[145.05391,-37.96033],[145.0538,-37.96017]],[[145.0429,-37.94451],[145.04309,-37.94477]],[[145.04312,-37.94481],[145.04326,-37.94503]],[[145.04267,-37.94418],[145.0429,-37.94451]],[[145.04329,-37.94538],[145.04314,-37.94518]],[[145.04346,-37.94563],[145.0434,-37.94554]],[[145.0439,-37.94626],[145.04359,-37.94582]],[[145.04436,-37.94692],[145.0439,-37.94626]],[[145.04346,-37.94563],[145.04364,-37.94556]],[[145.04622,-37.94957],[145.04619,-37.94951]],[[145.04664,-37.95017],[145.04622,-37.94957]],[[145.04772,-37.95137],[145.04914,-37.95336]],[[145.04611,-37.9494],[145.04628,-37.94933]],[[145.0458,-37.94866],[145.04583,-37.9487]],[[145.04558,-37.94835],[145.0458,-37.94866]],[[145.04981,-37.9543],[145.04993,-37.95447]],[[145.04914,-37.95336],[145.0493,-37.95359]],[[145.0493,-37.95359],[145.04966,-37.9541]],[[145.04824,-37.95241],[145.04801,-37.95209]],[[145.04801,-37.95209],[145.0476,-37.95151]],[[145.04763,-37.95124],[145.04772,-37.95137]],[[145.05395,-37.96002],[145.05403,-37.96014]],[[145.05477,-37.96119],[145.05495,-37.96146]],[[145.05469,-37.96146],[145.05454,-37.96124]],[[145.05454,-37.96124],[145.05446,-37.96112]],[[145.05418,-37.96072],[145.05411,-37.96062]],[[145.05446,-37.96112],[145.05418,-37.96072]],[[145.05416,-37.96032],[145.05436,-37.96061]],[[145.05347,-37.95933],[145.05395,-37.96002]],[[145.05339,-37.9596],[145.05327,-37.95942]],[[145.05349,-37.95974],[145.05339,-37.9596]],[[145.05359,-37.95988],[145.05349,-37.95974]],[[145.05379,-37.96016],[145.05359,-37.95988]],[[145.05234,-37.95815],[145.05226,-37.95805]],[[145.05182,-37.95744],[145.05179,-37.9574]],[[145.05128,-37.95633],[145.05153,-37.95666]],[[145.05177,-37.957],[145.05182,-37.95706]],[[145.05182,-37.95706],[145.05199,-37.9573]],[[145.05124,-37.95628],[145.05128,-37.95633]],[[145.05094,-37.95587],[145.05109,-37.95608]],[[145.04993,-37.95447],[145.05094,-37.95587]],[[145.05495,-37.96146],[145.05512,-37.96171]],[[145.0538,-37.96017],[145.05379,-37.96016]],[[145.05344,-37.95929],[145.05347,-37.95933]],[[145.05402,-37.96049],[145.05396,-37.9604]],[[145.0531,-37.95918],[145.05301,-37.95906]],[[145.05306,-37.95875],[145.05315,-37.95888]],[[145.05198,-37.95766],[145.05182,-37.95744]],[[145.052,-37.95731],[145.05206,-37.9574]],[[145.04601,-37.94926],[145.04591,-37.94913]],[[145.046,-37.94895],[145.04608,-37.94907]],[[145.04337,-37.9455],[145.04329,-37.94538]],[[145.04326,-37.94503],[145.04338,-37.9452]],[[145.05199,-37.9573],[145.052,-37.95731]],[[145.05199,-37.95767],[145.05198,-37.95766]]]}}