{"n":{"rail":[[[145.04899,-38.22914],[145.05204,-38.23048],[145.05558,-38.23045],[145.05783,-38.22959],[145.06906,-38.22228]],[[145.05236,-38.23054],[145.04938,-38.22941]]],"freeway":[[[145.05108,-38.22484],[145.05089,-38.2247]],[[145.05338,-38.22306],[145.05324,-38.22317]],[[145.05563,-38.22102],[145.05648,-38.22035]],[[145.04915,-38.22632],[145.04877,-38.22634]],[[145.04854,-38.22651],[145.04884,-38.22655]],[[145.05338,-38.22306],[145.05303,-38.22304]],[[145.04484,-38.22938],[145.04504,-38.22922]],[[145.04734,-38.22744],[145.04798,-38.22695]],[[145.05662,-38.22054],[145.05586,-38.22114]],[[145.0503,-38.22546],[145.04951,-38.22606]],[[145.04628,-38.22851],[145.04578,-38.22894]],[[145.05229,-38.22361],[145.05291,-38.22313]],[[145.04475,-38.22945],[145.04484,-38.22938]],[[145.04496,-38.22957],[145.04488,-38.22965]],[[145.04761,-38.22744],[145.04734,-38.22744]],[[145.05291,-38.22313],[145.05324,-38.22317]],[[145.04532,-38.2293],[145.04496,-38.22957]],[[145.05307,-38.2233],[145.05267,-38.22361]],[[145.04884,-38.22655],[145.04828,-38.22696]],[[145.04578,-38.22894],[145.04532,-38.2293]],[[145.04676,-38.2281],[145.04628,-38.22851]],[[145.04504,-38.22922],[145.04531,-38.22901]],[[145.04854,-38.22651],[145.04868,-38.22641]],[[145.05267,-38.22361],[145.05183,-38.22426]],[[145.04611,-38.2284],[145.04734,-38.22744]],[[145.05586,-38.22114],[145.05338,-38.22306]],[[145.05404,-38.22225],[145.05531,-38.22126]],[[145.04733,-38.22765],[145.04676,-38.2281]],[[145.04828,-38.22696],[145.04761,-38.22744]],[[145.04531,-38.22901],[145.04611,-38.2284]],[[145.04761,-38.22744],[145.04733,-38.22765]],[[145.04877,-38.22634],[145.04895,-38.2262]],[[145.04824,-38.22675],[145.04854,-38.22651]],[[145.04798,-38.22695],[145.04824,-38.22675]],[[145.04915,-38.22632],[145.04895,-38.22647]],[[145.04951,-38.22606],[145.04915,-38.22632]],[[145.05108,-38.22484],[145.0503,-38.22546]],[[145.04982,-38.22552],[145.0501,-38.22531]],[[145.0501,-38.22531],[145.05019,-38.22524]],[[145.05089,-38.2247],[145.05229,-38.22361]],[[145.04895,-38.2262],[145.04982,-38.22552]],[[145.05183,-38.22426],[145.05108,-38.22484]],[[145.05291,-38.22313],[145.05404,-38.22225]],[[145.05019,-38.22524],[145.05089,-38.2247]],[[145.05531,-38.22126],[145.05563,-38.22102]],[[145.05324,-38.22317],[145.05307,-38.2233]],[[145.04895,-38.22647],[145.04884,-38.22655]],[[145.04868,-38.22641],[145.04877,-38.22634]]]}}