{"t":[{"r":"RIDDELL ROAD","v":2304,"h":12,"c":[[144.68091,-37.49134],[144.6831,-37.49524],[144.69009,-37.5465]]},{"r":"RIDDELL ROAD","v":2503,"h":11,"c":[[144.69009,-37.5465],[144.6831,-37.49524],[144.68091,-37.49134]]}]}