{"t":[{"r":"RIDDELL ROAD","v":2304,"h":12,"c":[[144.67519,-37.47008],[144.67421,-37.47648],[144.67442,-37.47818],[144.67923,-37.48689],[144.68091,-37.49134],[144.6831,-37.49524]]},{"r":"RIDDELL ROAD","v":2503,"h":11,"c":[[144.6831,-37.49524],[144.68091,-37.49134],[144.67923,-37.48689],[144.67442,-37.47818],[144.67421,-37.47648],[144.67523,-37.47027]]}]}