{"t":[{"r":"WESTERN FREEWAY","v":34389,"h":10,"c":[[144.65608,-37.72594],[144.67112,-37.73467],[144.6874,-37.74]]},{"r":"WESTERN FREEWAY","v":31085,"h":10,"c":[[144.68663,-37.74014],[144.6709,-37.73499],[144.65675,-37.72676]]}]}