{"t":[{"r":"MELTON HIGHWAY","v":10632,"h":13,"c":[[144.69717,-37.68716],[144.66124,-37.68313]]},{"r":"MELTON HIGHWAY","v":11088,"h":16,"c":[[144.66124,-37.68313],[144.69717,-37.68716]]}]}