{"t":[{"r":"DIGGERS REST-COIMADAI ROAD","v":1817,"h":14,"c":[[144.66611,-37.62613],[144.67094,-37.62559],[144.68992,-37.62755],[144.70866,-37.62906]]},{"r":"DIGGERS REST-COIMADAI ROAD","v":1811,"h":15,"c":[[144.69008,-37.62756],[144.67094,-37.62559],[144.66611,-37.62613]]}]}