{"t":[{"r":"HOLDEN ROAD","v":135,"h":6,"c":[[144.66777,-37.64722],[144.67732,-37.65312],[144.68443,-37.65617],[144.70273,-37.65835]]},{"r":"HOLDEN ROAD","v":250,"h":6,"c":[[144.66777,-37.64722],[144.67732,-37.65312],[144.68443,-37.65617],[144.70273,-37.65835]]}]}