{"t":[{"r":"CALDER FREEWAY","v":14923,"h":8,"c":[[144.68213,-37.57971],[144.6917,-37.59375]]},{"r":"CALDER FREEWAY","v":14577,"h":7,"c":[[144.67903,-37.57578],[144.68213,-37.57971]]},{"r":"CALDER FREEWAY","v":14897,"h":8,"c":[[144.69309,-37.59594],[144.68937,-37.59099],[144.68196,-37.57989]]},{"r":"CALDER FREEWAY","v":14564,"h":7,"c":[[144.68196,-37.57989],[144.6787,-37.57579]]}]}