{"t":[{"r":"WESTERN FREEWAY","v":34389,"h":10,"c":[[144.67112,-37.73467],[144.6874,-37.74],[144.69302,-37.74219]]},{"r":"GREIGS ROAD","v":859,"h":6,"c":[[144.66783,-37.74466],[144.69276,-37.74789]]},{"r":"WESTERN FREEWAY","v":31085,"h":10,"c":[[144.69374,-37.74292],[144.68663,-37.74014],[144.6709,-37.73499]]},{"r":"GREIGS ROAD","v":766,"h":6,"c":[[144.66783,-37.74466],[144.69276,-37.74789]]}]}