{"t":[{"r":"TARNEIT ROAD","v":9351,"h":6,"c":[[144.67772,-37.80302],[144.67287,-37.83203]]},{"r":"TARNEIT ROAD","v":9369,"h":6,"c":[[144.67772,-37.80302],[144.67287,-37.83203]]}]}