{"t":[{"r":"DIGGERS ROAD","v":3717,"h":6,"c":[[144.69262,-37.9258],[144.68918,-37.94471],[144.688,-37.95177],[144.68842,-37.95231],[144.68816,-37.95382],[144.68689,-37.95471],[144.6866,-37.95645],[144.68582,-37.9571],[144.68637,-37.95779],[144.68611,-37.95925],[144.6847,-37.95999],[144.68607,-37.96264]]},{"r":"DIGGERS ROAD","v":3717,"h":6,"c":[[144.69262,-37.9258],[144.68918,-37.94471],[144.688,-37.95177],[144.68842,-37.95231],[144.68816,-37.95382],[144.68689,-37.95471],[144.6866,-37.95645],[144.68582,-37.9571],[144.68637,-37.95779],[144.68611,-37.95925],[144.6847,-37.95999],[144.68607,-37.96264]]}]}