{"t":[{"r":"DIGGERS ROAD","v":3717,"h":6,"c":[[144.69262,-37.9258],[144.68918,-37.94471]]},{"r":"DIGGERS ROAD","v":3717,"h":6,"c":[[144.69262,-37.9258],[144.68918,-37.94471]]}]}