{"t":[{"r":"DIGGERS ROAD","v":3717,"h":6,"c":[[144.6847,-37.95999],[144.68607,-37.96264],[144.68481,-37.97012],[144.68577,-37.97081]]},{"r":"BEACH ROAD","v":3717,"h":6,"c":[[144.68577,-37.97081],[144.69062,-37.97424]]},{"r":"BEACH ROAD","v":3717,"h":6,"c":[[144.68577,-37.97081],[144.69062,-37.97424]]},{"r":"DIGGERS ROAD","v":3717,"h":6,"c":[[144.6847,-37.95999],[144.68607,-37.96264],[144.68481,-37.97012],[144.68577,-37.97081]]}]}