{"t":[{"r":"MURRADOC ROAD","v":2479,"h":7,"c":[[144.64359,-38.18194],[144.67947,-38.18615],[144.6814,-38.18568],[144.7004,-38.17804]]},{"r":"MURRADOC ROAD","v":2598,"h":10,"c":[[144.7004,-38.17804],[144.6814,-38.18568],[144.67947,-38.18615],[144.64359,-38.18194]]}]}