{"t":[{"r":"FISHER STREET","v":1110,"h":7,"c":[[144.65725,-38.12139],[144.67349,-38.12338]]},{"r":"HOOD ROAD","v":1216,"h":8,"c":[[144.67349,-38.12338],[144.68967,-38.12537],[144.69113,-38.1261]]},{"r":"FISHER STREET","v":1101,"h":6,"c":[[144.67349,-38.12338],[144.65725,-38.12139]]},{"r":"THE ESPLANADE","v":1248,"h":8,"c":[[144.69113,-38.1261],[144.68967,-38.12537],[144.67349,-38.12338]]}]}