{"t":[{"r":"BELLARINE HIGHWAY","v":1954,"h":6,"c":[[144.66632,-38.26492],[144.66835,-38.26539],[144.6713,-38.26517]]},{"r":"WHARF STREET E","v":1757,"h":7,"c":[[144.6713,-38.26517],[144.66835,-38.26539],[144.66632,-38.26492]]}]}