{"t":[{"r":"KONAGADERRA ROAD","v":924,"h":6,"c":[[144.83539,-37.53335],[144.83324,-37.54537],[144.83319,-37.54745],[144.8335,-37.54841],[144.83446,-37.54924],[144.83583,-37.54953],[144.83721,-37.54927],[144.83874,-37.54816],[144.84002,-37.54774],[144.84565,-37.548]]},{"r":"KONAGADERRA ROAD","v":990,"h":6,"c":[[144.83539,-37.53335],[144.83324,-37.54537],[144.83319,-37.54745],[144.8335,-37.54841],[144.83446,-37.54924],[144.83583,-37.54953],[144.83721,-37.54927],[144.83874,-37.54816],[144.84002,-37.54774],[144.84565,-37.548]]}]}