{"t":[{"r":"KONAGADERRA ROAD","v":924,"h":6,"c":[[144.80108,-37.5212],[144.82767,-37.52497],[144.82882,-37.52584],[144.83404,-37.53141]]},{"r":"KONAGADERRA ROAD","v":990,"h":6,"c":[[144.80108,-37.5212],[144.82767,-37.52497],[144.82882,-37.52584],[144.83404,-37.53141]]}]}