{"t":[{"r":"KONAGADERRA ROAD","v":924,"h":6,"c":[[144.82882,-37.52584],[144.83404,-37.53141],[144.83539,-37.53335],[144.83324,-37.54537]]},{"r":"KONAGADERRA ROAD","v":990,"h":6,"c":[[144.82882,-37.52584],[144.83404,-37.53141],[144.83539,-37.53335],[144.83324,-37.54537]]}]}