{"t":[{"r":"SUNBURY ROAD","v":10552,"h":5,"c":[[144.84044,-37.64779],[144.84167,-37.64987],[144.84296,-37.65385],[144.84441,-37.65599]]},{"r":"TULLAMARINE FREEWAY","v":10138,"h":5,"c":[[144.84396,-37.65545],[144.84296,-37.65385],[144.84167,-37.64987],[144.84044,-37.64779]]}]}