{"t":[{"r":"OAKLANDS ROAD","v":1644,"h":6,"c":[[144.84398,-37.58571],[144.83922,-37.61495]]},{"r":"OAKLANDS ROAD","v":1817,"h":6,"c":[[144.84398,-37.58571],[144.83922,-37.61495]]}]}