{"t":[{"r":"CIVIC PARADE","v":4481,"h":7,"c":[[144.81421,-37.86269],[144.83904,-37.8654]]},{"r":"MILLERS ROAD","v":10814,"h":6,"c":[[144.84391,-37.85664],[144.83904,-37.8654]]},{"r":"CIVIC PARADE","v":4464,"h":7,"c":[[144.83904,-37.8654],[144.81421,-37.86269]]},{"r":"MILLERS ROAD","v":11810,"h":3,"c":[[144.83904,-37.8654],[144.84391,-37.85664]]}]}