{"t":[{"r":"BROWNS ROAD","v":2546,"h":6,"c":[[144.81606,-38.39511],[144.82787,-38.39628],[144.82911,-38.39601],[144.83099,-38.39477],[144.83269,-38.39438],[144.83761,-38.39483],[144.84758,-38.39649]]},{"r":"BROWNS ROAD","v":2363,"h":6,"c":[[144.81606,-38.39511],[144.82787,-38.39628],[144.82911,-38.39601],[144.83099,-38.39477],[144.83269,-38.39438],[144.83761,-38.39483],[144.84758,-38.39649]]}]}