{"t":[{"r":"POINT NEPEAN ROAD","v":7918,"h":10,"c":[[144.81938,-38.36997],[144.82803,-38.37106],[144.84111,-38.37076],[144.85273,-38.36912]]},{"r":"POINT NEPEAN ROAD","v":12691,"h":10,"c":[[144.85273,-38.36912],[144.84111,-38.37076],[144.82803,-38.37106],[144.81938,-38.36997]]}]}