{"n":{"rail":[[[145.30829,-37.8928],[145.30483,-37.89196]],[[145.30483,-37.89196],[145.30801,-37.89259]]],"freeway":[[[145.30463,-37.8923],[145.30566,-37.89298]],[[145.30144,-37.89114],[145.30438,-37.89221]],[[145.30463,-37.8923],[145.30558,-37.89273]],[[145.30438,-37.89221],[145.30463,-37.8923]],[[145.30441,-37.8924],[145.30333,-37.89201]],[[145.30566,-37.89298],[145.30441,-37.8924]]]}}