{"n":{"rail":[[[145.28961,-37.78833],[145.29119,-37.78736],[145.30386,-37.7831],[145.30588,-37.78319]],[[145.30572,-37.78319],[145.30363,-37.78318],[145.29128,-37.78737],[145.28956,-37.78845]]],"freeway":[[[145.28412,-37.78271],[145.2853,-37.78218]],[[145.28332,-37.78325],[145.2826,-37.78349]],[[145.28405,-37.78292],[145.28332,-37.78325]],[[145.2853,-37.78235],[145.28416,-37.78287]],[[145.29546,-37.77065],[145.29518,-37.77089]],[[145.29496,-37.77087],[145.29504,-37.77078]],[[145.28416,-37.78287],[145.28405,-37.78292]],[[145.29518,-37.77089],[145.29508,-37.77099]],[[145.29405,-37.77175],[145.29496,-37.77087]],[[145.2936,-37.77224],[145.29405,-37.77175]],[[145.28316,-37.78316],[145.28412,-37.78271]],[[145.29461,-37.77145],[145.29344,-37.77292],[145.29184,-37.77914],[145.2853,-37.78235]],[[145.2853,-37.78218],[145.29073,-37.77976],[145.29168,-37.77898],[145.2936,-37.77224]],[[145.29482,-37.77125],[145.29461,-37.77145]],[[145.29508,-37.77099],[145.29482,-37.77125]],[[145.2951,-37.77072],[145.29571,-37.7702]],[[145.29504,-37.77078],[145.2951,-37.77072]]]}}