{"n":{"rail":[[[145.2971,-37.88545],[145.29722,-37.88569]],[[145.29722,-37.88569],[145.29842,-37.88798],[145.29963,-37.88932],[145.30483,-37.89196]],[[145.30829,-37.8928],[145.30483,-37.89196]],[[145.29559,-37.8825],[145.2971,-37.88545]],[[145.29559,-37.8825],[145.29316,-37.87773]],[[145.29301,-37.87744],[145.29005,-37.87237]],[[145.29007,-37.87234],[145.29315,-37.87763]],[[145.30483,-37.89196],[145.30801,-37.89259]],[[145.29311,-37.87764],[145.29301,-37.87744]],[[145.29316,-37.87773],[145.29311,-37.87764]],[[145.2932,-37.87772],[145.29559,-37.8825]],[[145.29315,-37.87763],[145.2932,-37.87772]]],"freeway":[[[145.28699,-37.88796],[145.2876,-37.8884]],[[145.30133,-37.89126],[145.29839,-37.88946]],[[145.28747,-37.88856],[145.28618,-37.88759]],[[145.28699,-37.88796],[145.28764,-37.88855]],[[145.2877,-37.88846],[145.29124,-37.88867]],[[145.28287,-37.88473],[145.28334,-37.8851]],[[145.28515,-37.88652],[145.28632,-37.88745]],[[145.30333,-37.89201],[145.30133,-37.89126]],[[145.29779,-37.889],[145.29839,-37.88946]],[[145.29839,-37.88946],[145.29976,-37.88993]],[[145.28632,-37.88745],[145.28618,-37.88759]],[[145.29124,-37.88867],[145.29135,-37.88869]],[[145.30144,-37.89114],[145.30438,-37.89221]],[[145.29135,-37.88869],[145.29447,-37.88862]],[[145.28893,-37.88895],[145.28797,-37.88878]],[[145.29459,-37.88876],[145.29447,-37.88877]],[[145.29569,-37.88846],[145.299,-37.88951],[145.30144,-37.89114]],[[145.29477,-37.88873],[145.29459,-37.88876]],[[145.29447,-37.88862],[145.29466,-37.8886]],[[145.29839,-37.88946],[145.29569,-37.88861]],[[145.29128,-37.88882],[145.29115,-37.8888]],[[145.2951,-37.88868],[145.29477,-37.88873]],[[145.29466,-37.8886],[145.2951,-37.88854]],[[145.28405,-37.88593],[145.28399,-37.88588]],[[145.28419,-37.88576],[145.28432,-37.88587]],[[145.28411,-37.88571],[145.28419,-37.88576]],[[145.28632,-37.88745],[145.28699,-37.88796]],[[145.2857,-37.88722],[145.28405,-37.88593]],[[145.28797,-37.88878],[145.28765,-37.88865]],[[145.28765,-37.88865],[145.28747,-37.88856]],[[145.29569,-37.88861],[145.2951,-37.88868]],[[145.2839,-37.88554],[145.28411,-37.88571]],[[145.29447,-37.88877],[145.29272,-37.88899]],[[145.29115,-37.8888],[145.28893,-37.88895]],[[145.28334,-37.8851],[145.2839,-37.88554]],[[145.28399,-37.88588],[145.28383,-37.88575]],[[145.28432,-37.88587],[145.28515,-37.88652]],[[145.2951,-37.88854],[145.29569,-37.88846]],[[145.28332,-37.88536],[145.28186,-37.88425]],[[145.28383,-37.88575],[145.28332,-37.88536]],[[145.2876,-37.8884],[145.2877,-37.88846]],[[145.28618,-37.88759],[145.2857,-37.88722]],[[145.29413,-37.88867],[145.29416,-37.88881]],[[145.28764,-37.88855],[145.28765,-37.88865]],[[145.29272,-37.88899],[145.29128,-37.88882]],[[145.30441,-37.8924],[145.30333,-37.89201]]]}}