{"n":{"rail":[[[145.28726,-38.01965],[145.29036,-38.02064],[145.30057,-38.02582]],[[145.28695,-38.0196],[145.28726,-38.01965]],[[145.28724,-38.01969],[145.28695,-38.01964]],[[145.30054,-38.02587],[145.29033,-38.02067],[145.28724,-38.01969]],[[145.28695,-38.01964],[145.27272,-38.01825]],[[145.27272,-38.01818],[145.28695,-38.0196]],[[145.30057,-38.02582],[145.30658,-38.02896]],[[145.30657,-38.02902],[145.30054,-38.02587]]],"freeway":[[[145.31288,-38.02123],[145.30506,-38.01476]],[[145.30489,-38.01433],[145.30495,-38.01439]],[[145.30475,-38.0142],[145.30489,-38.01433]],[[145.30506,-38.01476],[145.30459,-38.01433]],[[145.29822,-38.02006],[145.29807,-38.02021]],[[145.29045,-38.01405],[145.29036,-38.0143]],[[145.30459,-38.01433],[145.30211,-38.01139]],[[145.30233,-38.0114],[145.30475,-38.0142]],[[145.29807,-38.02021],[145.29799,-38.02014]],[[145.30029,-38.02158],[145.30074,-38.02192]],[[145.30087,-38.02202],[145.3053,-38.02523]],[[145.29422,-38.01712],[145.29766,-38.01965]],[[145.29406,-38.01727],[145.29,-38.0143]],[[145.29036,-38.0143],[145.29422,-38.01712]],[[145.30512,-38.02534],[145.30495,-38.02522]],[[145.30495,-38.01439],[145.30526,-38.01467]],[[145.29015,-38.01419],[145.29036,-38.0143]],[[145.3006,-38.02205],[145.29807,-38.02021]],[[145.29984,-38.02126],[145.30029,-38.02158]],[[145.29766,-38.01965],[145.29813,-38.01999]],[[145.30546,-38.02559],[145.30512,-38.02534]],[[145.28965,-38.01393],[145.29007,-38.01414]],[[145.29813,-38.01999],[145.29984,-38.02126]],[[145.3021,-38.02313],[145.30073,-38.02214]],[[145.30073,-38.02214],[145.3006,-38.02205]],[[145.29799,-38.02014],[145.29813,-38.01999]],[[145.30498,-38.01437],[145.30531,-38.01463]],[[145.30491,-38.01432],[145.30498,-38.01437]],[[145.30475,-38.0142],[145.30491,-38.01432]],[[145.28965,-38.01393],[145.29026,-38.01402]],[[145.27963,-38.00915],[145.28965,-38.01393]],[[145.28976,-38.0142],[145.27985,-38.00949]],[[145.30074,-38.02192],[145.30087,-38.02202]],[[145.29,-38.0143],[145.28994,-38.01427]],[[145.29007,-38.01414],[145.29015,-38.01419]],[[145.28994,-38.01427],[145.28976,-38.0142]],[[145.29799,-38.02014],[145.29406,-38.01727]],[[145.30495,-38.02522],[145.3021,-38.02313]],[[145.2973,-38.01939],[145.29714,-38.01953]]]}}