{"n":{"rail":[[[145.09841,-37.61409],[145.09786,-37.61666]],[[145.0978,-37.61665],[145.09833,-37.6141]],[[145.10101,-37.60163],[145.10139,-37.59957]],[[145.10231,-37.59291],[145.10164,-37.59787]],[[145.10117,-37.60165],[145.10051,-37.60464]],[[145.09833,-37.6141],[145.10035,-37.60484]],[[145.10046,-37.60485],[145.09841,-37.61409]],[[145.10164,-37.59787],[145.10157,-37.59959]],[[145.10157,-37.59959],[145.10117,-37.60165]],[[145.10139,-37.59957],[145.10164,-37.59787]],[[145.10038,-37.60467],[145.10101,-37.60163]],[[145.09962,-37.60863],[145.09979,-37.60764]],[[145.10177,-37.59699],[145.10246,-37.59292]],[[145.09931,-37.60981],[145.09957,-37.60883]],[[145.10035,-37.60484],[145.10038,-37.60467]],[[145.10051,-37.60464],[145.10046,-37.60485]]],"freeway":[[[145.0951,-37.60198],[145.09468,-37.60445]],[[145.09321,-37.61295],[145.09306,-37.61325]],[[145.09256,-37.61382],[145.09285,-37.61319]],[[145.09231,-37.61477],[145.0925,-37.61396]],[[145.09309,-37.61271],[145.09378,-37.61131]],[[145.09285,-37.61319],[145.093,-37.61288]],[[145.09403,-37.61066],[145.09425,-37.6097]],[[145.09464,-37.60861],[145.09352,-37.61236]],[[145.09471,-37.60277],[145.09517,-37.60135]],[[145.09269,-37.61421],[145.09253,-37.61492]],[[145.09572,-37.60051],[145.09592,-37.60056]],[[145.09584,-37.60068],[145.09564,-37.60063]],[[145.09592,-37.60056],[145.09584,-37.60068]],[[145.09569,-37.6009],[145.09536,-37.60146]],[[145.09564,-37.60063],[145.09572,-37.60051]],[[145.09584,-37.60068],[145.09569,-37.6009]],[[145.09517,-37.60135],[145.09564,-37.60063]],[[145.09517,-37.60135],[145.09536,-37.60146]],[[145.09536,-37.60146],[145.0951,-37.60198]],[[145.09469,-37.60285],[145.09488,-37.60288]],[[145.09486,-37.60295],[145.09468,-37.60292]],[[145.09428,-37.60953],[145.09441,-37.60862]],[[145.09465,-37.60307],[145.09471,-37.60277]],[[145.09468,-37.60445],[145.09468,-37.6054]],[[145.09447,-37.60541],[145.09465,-37.60307]],[[145.09468,-37.6054],[145.09469,-37.60571]],[[145.09469,-37.60571],[145.0947,-37.60741]],[[145.09447,-37.60573],[145.09447,-37.60541]],[[145.09448,-37.60619],[145.09447,-37.60573]],[[145.09444,-37.60828],[145.09448,-37.60619]],[[145.0947,-37.60741],[145.09467,-37.60825]],[[145.09443,-37.60838],[145.09444,-37.60828]],[[145.09467,-37.60825],[145.09464,-37.60861]],[[145.09441,-37.60862],[145.09443,-37.60838]],[[145.09425,-37.6097],[145.09428,-37.60953]],[[145.09378,-37.61131],[145.09403,-37.61066]],[[145.09352,-37.61236],[145.09321,-37.61295]],[[145.093,-37.61288],[145.09309,-37.61271]],[[145.09281,-37.61383],[145.09269,-37.61421]],[[145.09306,-37.61325],[145.09281,-37.61383]],[[145.0925,-37.61396],[145.09256,-37.61382]]]}}