{"n":{"rail":[[[145.08423,-37.71037],[145.08655,-37.70854]],[[145.08655,-37.70854],[145.08848,-37.70681],[145.08999,-37.70456]],[[145.08999,-37.70456],[145.09172,-37.70213],[145.09523,-37.69929]],[[145.10271,-37.70059],[145.10717,-37.70301],[145.10911,-37.70501]],[[145.08659,-37.70856],[145.08436,-37.7104]],[[145.09004,-37.70457],[145.08852,-37.70683],[145.08659,-37.70856]],[[145.09533,-37.6993],[145.09188,-37.70202],[145.09004,-37.70457]],[[145.10914,-37.70526],[145.10694,-37.70296],[145.10272,-37.70064]],[[145.10514,-37.70209],[145.10562,-37.70223]],[[145.10664,-37.70268],[145.10742,-37.70334]]],"freeway":[[[145.09005,-37.70264],[145.08983,-37.70313]],[[145.09036,-37.70141],[145.09061,-37.70074]],[[145.08893,-37.70482],[145.08944,-37.70367]],[[145.08965,-37.70312],[145.08976,-37.70284]],[[145.08977,-37.70328],[145.08964,-37.70361]],[[145.08983,-37.70313],[145.08977,-37.70328]],[[145.0896,-37.70326],[145.08965,-37.70312]],[[145.0891,-37.70487],[145.08614,-37.70979]],[[145.08964,-37.70361],[145.0891,-37.70487]],[[145.08976,-37.70284],[145.09036,-37.70141]],[[145.08944,-37.70367],[145.0896,-37.70326]],[[145.09058,-37.70126],[145.09005,-37.70264]],[[145.08438,-37.71105],[145.08554,-37.70969]],[[145.08554,-37.70969],[145.0874,-37.70762],[145.08893,-37.70482]],[[145.09084,-37.70058],[145.09058,-37.70126]],[[145.08614,-37.70979],[145.08511,-37.71102]],[[145.08554,-37.70969],[145.08614,-37.70979]]]}}