{"n":{"rail":[[[145.09841,-37.61409],[145.09786,-37.61666]],[[145.0978,-37.61665],[145.09833,-37.6141]],[[145.09582,-37.63636],[145.09681,-37.63042],[145.09717,-37.6252]],[[145.09786,-37.61666],[145.09762,-37.61995]],[[145.09754,-37.61995],[145.0978,-37.61665]],[[145.09729,-37.62522],[145.09586,-37.63641]],[[145.09761,-37.62086],[145.09733,-37.62484]],[[145.09718,-37.62492],[145.09744,-37.62103]],[[145.09762,-37.61995],[145.09761,-37.62086]],[[145.09744,-37.62103],[145.09754,-37.61995]],[[145.09717,-37.6252],[145.09718,-37.62492]],[[145.09733,-37.62484],[145.09729,-37.62522]]],"freeway":[[[145.0969,-37.62382],[145.09623,-37.63238]],[[145.09231,-37.61477],[145.0925,-37.61396]],[[145.09248,-37.61537],[145.09268,-37.61756]],[[145.09618,-37.63144],[145.09671,-37.62402]],[[145.09635,-37.62285],[145.09625,-37.62261]],[[145.09601,-37.62218],[145.09301,-37.61892]],[[145.09249,-37.6176],[145.09231,-37.61477]],[[145.09272,-37.61771],[145.09339,-37.6191],[145.0959,-37.62167]],[[145.09269,-37.61421],[145.09253,-37.61492]],[[145.09639,-37.62293],[145.09635,-37.62285]],[[145.09664,-37.62288],[145.09668,-37.62297]],[[145.09668,-37.62297],[145.09677,-37.62316]],[[145.09677,-37.62316],[145.0969,-37.62382]],[[145.09671,-37.62402],[145.09654,-37.62331]],[[145.09654,-37.62331],[145.09639,-37.62293]],[[145.09604,-37.63235],[145.09618,-37.63144]],[[145.09253,-37.61492],[145.09248,-37.61537]],[[145.09254,-37.61775],[145.09249,-37.6176]],[[145.0959,-37.62167],[145.09664,-37.62288]],[[145.09268,-37.61756],[145.09272,-37.61771]],[[145.09301,-37.61892],[145.09254,-37.61775]],[[145.09625,-37.62261],[145.09601,-37.62218]]]}}