{"n":{"rail":[[[145.09172,-37.70213],[145.09523,-37.69929],[145.09814,-37.699],[145.10254,-37.70048]],[[145.10254,-37.70048],[145.10271,-37.70059]],[[145.10271,-37.70059],[145.10717,-37.70301]],[[145.10251,-37.70051],[145.09796,-37.69901],[145.09533,-37.6993],[145.09188,-37.70202]],[[145.10694,-37.70296],[145.10272,-37.70064]],[[145.10272,-37.70064],[145.10251,-37.70051]]],"freeway":[[[145.09061,-37.70074],[145.09149,-37.69483]],[[145.10065,-37.69243],[145.09862,-37.69252]],[[145.09862,-37.69252],[145.09177,-37.69305]],[[145.09867,-37.69233],[145.1007,-37.69223]],[[145.09036,-37.70141],[145.09061,-37.70074]],[[145.1007,-37.69223],[145.10602,-37.69174],[145.11031,-37.69066]],[[145.09316,-37.69281],[145.09532,-37.6926]],[[145.09165,-37.69333],[145.09214,-37.69615],[145.09084,-37.70058]],[[145.09153,-37.69218],[145.09316,-37.69281]],[[145.07688,-37.68734],[145.08955,-37.69116]],[[145.11012,-37.69098],[145.10553,-37.69203],[145.10065,-37.69243]],[[145.08955,-37.69116],[145.09009,-37.6915]],[[145.09532,-37.6926],[145.09867,-37.69233]],[[145.09009,-37.6915],[145.09033,-37.69167]],[[145.09149,-37.69483],[145.09122,-37.69309],[145.0903,-37.69205],[145.08912,-37.69121],[145.0853,-37.68995]],[[145.09033,-37.69167],[145.09096,-37.69226]],[[145.09084,-37.70058],[145.09058,-37.70126]],[[145.09149,-37.69483],[145.09157,-37.69386],[145.09096,-37.69226]],[[145.09096,-37.69226],[145.09153,-37.69218]],[[145.09096,-37.69226],[145.08758,-37.69059]],[[145.0979,-37.6925],[145.09388,-37.69292],[145.09096,-37.69226]],[[145.09096,-37.69226],[145.09165,-37.69333]],[[145.09177,-37.69305],[145.09165,-37.69333]],[[145.08698,-37.69025],[145.08972,-37.69096],[145.09153,-37.69218]]]}}