{"n":{"rail":[[[145.08104,-37.64741],[145.08853,-37.64643],[145.09143,-37.6447]],[[145.09582,-37.63636],[145.09681,-37.63042]],[[145.0953,-37.63792],[145.09418,-37.64171],[145.09289,-37.64339]],[[145.09586,-37.63641],[145.0953,-37.63792]],[[145.09527,-37.63787],[145.09582,-37.63636]],[[145.09729,-37.62522],[145.09586,-37.63641]],[[145.09285,-37.64337],[145.09419,-37.6416],[145.09527,-37.63787]],[[145.09147,-37.64472],[145.08852,-37.64647],[145.08105,-37.64744]],[[145.09289,-37.64339],[145.09279,-37.64348]],[[145.09276,-37.64345],[145.09285,-37.64337]],[[145.09278,-37.64349],[145.09147,-37.64472]],[[145.09143,-37.6447],[145.09275,-37.64346]],[[145.09275,-37.64346],[145.09276,-37.64345]],[[145.09279,-37.64348],[145.09278,-37.64349]]],"freeway":[[[145.09621,-37.64085],[145.09631,-37.64312]],[[145.09365,-37.64612],[145.09401,-37.64612]],[[145.09621,-37.64085],[145.09599,-37.64086]],[[145.0969,-37.62382],[145.09623,-37.63238]],[[145.0962,-37.63257],[145.096,-37.63255]],[[145.0962,-37.63257],[145.09594,-37.63417]],[[145.09604,-37.63235],[145.09623,-37.63238]],[[145.09623,-37.63238],[145.0962,-37.63257]],[[145.09028,-37.64901],[145.09057,-37.64868]],[[145.09098,-37.64821],[145.09116,-37.64828]],[[145.09286,-37.64662],[145.09495,-37.64514],[145.0961,-37.64311]],[[145.0911,-37.64835],[145.09037,-37.64924]],[[145.09594,-37.63417],[145.09565,-37.63627]],[[145.09545,-37.63735],[145.09577,-37.63399]],[[145.09563,-37.63693],[145.09564,-37.63734]],[[145.09551,-37.63789],[145.09547,-37.6376]],[[145.0911,-37.64835],[145.09093,-37.64828]],[[145.09566,-37.63748],[145.09546,-37.63752]],[[145.09545,-37.6374],[145.09566,-37.63748]],[[145.096,-37.63255],[145.09604,-37.63235]],[[145.09598,-37.64079],[145.09619,-37.64076]],[[145.09093,-37.64828],[145.09098,-37.64821]],[[145.09604,-37.63235],[145.09618,-37.63144]],[[145.09577,-37.63399],[145.09589,-37.63323]],[[145.09589,-37.63323],[145.096,-37.63255]],[[145.09565,-37.63627],[145.09563,-37.63693]],[[145.09566,-37.63748],[145.09567,-37.63762]],[[145.09547,-37.6376],[145.09546,-37.63752]],[[145.09564,-37.63734],[145.09566,-37.63748]],[[145.09546,-37.63752],[145.09545,-37.63735]],[[145.09614,-37.64366],[145.09607,-37.64384]],[[145.09436,-37.64589],[145.09401,-37.64612]],[[145.09561,-37.63854],[145.09551,-37.63789]],[[145.09599,-37.64086],[145.09598,-37.64079]],[[145.09616,-37.64179],[145.09599,-37.64086]],[[145.0961,-37.64311],[145.09616,-37.64179]],[[145.09598,-37.64079],[145.09561,-37.63854]],[[145.09232,-37.64698],[145.09277,-37.64668]],[[145.09619,-37.64076],[145.09621,-37.64085]],[[145.09606,-37.64],[145.09619,-37.64076]],[[145.09567,-37.63762],[145.09606,-37.64]],[[145.09631,-37.64312],[145.09614,-37.64366]],[[145.09607,-37.64384],[145.09472,-37.64561]],[[145.09472,-37.64561],[145.09436,-37.64589]],[[145.09401,-37.64612],[145.093,-37.64675]],[[145.093,-37.64675],[145.0929,-37.64681]],[[145.0929,-37.64681],[145.09116,-37.64828]],[[145.09277,-37.64668],[145.09286,-37.64662]],[[145.09176,-37.64741],[145.09232,-37.64698]],[[145.09098,-37.64821],[145.09176,-37.64741]],[[145.09116,-37.64828],[145.0911,-37.64835]],[[145.09057,-37.64868],[145.09093,-37.64828]],[[145.0899,-37.6495],[145.09028,-37.64901]]]}}