{"n":{"tram":[[[145.09955,-37.8507],[145.09929,-37.85074]],[[145.09564,-37.85041],[145.07581,-37.84812]],[[145.09564,-37.85038],[145.09975,-37.85069],[145.11009,-37.84949]],[[145.07585,-37.84809],[145.09564,-37.85038]],[[145.11009,-37.84953],[145.09983,-37.85071],[145.09564,-37.85041]]],"freeway":[[[145.09921,-37.85063],[145.09919,-37.85081]],[[145.1041,-37.85014],[145.10452,-37.85025]],[[145.10452,-37.85025],[145.10344,-37.85041]],[[145.09805,-37.8506],[145.09803,-37.85071]],[[145.10525,-37.84992],[145.10815,-37.84948]],[[145.09551,-37.85039],[145.09565,-37.85036]],[[145.0975,-37.85054],[145.09748,-37.85065]],[[145.10079,-37.85054],[145.10077,-37.85066]],[[145.0997,-37.85062],[145.10008,-37.85074]],[[145.10783,-37.8497],[145.10528,-37.85011]],[[145.10344,-37.85041],[145.10346,-37.85027]],[[145.09564,-37.85042],[145.09551,-37.85039]],[[145.0975,-37.85054],[145.09805,-37.8506]],[[145.09547,-37.85133],[145.0955,-37.85121]],[[145.09919,-37.85081],[145.09878,-37.85079]],[[145.0997,-37.85062],[145.10221,-37.8504]],[[145.08706,-37.84943],[145.09097,-37.84989]],[[145.09921,-37.85063],[145.0997,-37.85062]],[[145.09987,-37.85077],[145.09919,-37.85081]],[[145.09675,-37.85056],[145.09581,-37.85047]],[[145.09748,-37.85065],[145.09675,-37.85056]],[[145.09677,-37.85046],[145.0975,-37.85054]],[[145.09565,-37.85036],[145.09581,-37.85035]],[[145.09803,-37.85071],[145.09748,-37.85065]],[[145.09863,-37.85063],[145.09921,-37.85063]],[[145.10202,-37.85055],[145.10008,-37.85074]],[[145.10344,-37.85041],[145.10202,-37.85055]],[[145.10346,-37.85027],[145.1041,-37.85014]],[[145.10221,-37.8504],[145.10346,-37.85027]],[[145.1041,-37.85014],[145.10525,-37.84992]],[[145.10528,-37.85011],[145.10452,-37.85025]],[[145.09438,-37.85027],[145.09551,-37.85039]],[[145.09564,-37.85042],[145.09565,-37.85036]],[[145.09581,-37.85035],[145.09677,-37.85046]],[[145.09581,-37.85047],[145.09564,-37.85042]],[[145.09463,-37.85603],[145.09467,-37.8558]],[[145.09467,-37.8558],[145.09488,-37.85466]],[[145.09488,-37.85466],[145.09511,-37.85334]],[[145.09536,-37.85192],[145.09547,-37.85133]],[[145.09511,-37.85334],[145.09515,-37.85311]],[[145.09878,-37.85079],[145.09803,-37.85071]],[[145.09805,-37.8506],[145.09863,-37.85063]],[[145.08549,-37.84924],[145.08706,-37.84943]],[[145.08454,-37.84913],[145.08549,-37.84924]],[[145.09097,-37.84989],[145.09438,-37.85027]],[[145.09515,-37.85311],[145.09533,-37.85207]],[[145.09533,-37.85207],[145.09536,-37.85192]],[[145.09555,-37.85091],[145.09564,-37.85042]],[[145.10008,-37.85074],[145.09987,-37.85077]],[[145.0955,-37.85121],[145.09555,-37.85091]],[[145.09421,-37.85833],[145.09439,-37.85735]],[[145.09439,-37.85735],[145.0945,-37.85674]],[[145.09455,-37.8565],[145.09463,-37.85603]],[[145.0945,-37.85674],[145.09455,-37.8565]]]}}