{"n":{"rail":[[[145.09924,-37.82372],[145.10615,-37.8191],[145.1081,-37.81839]],[[145.09909,-37.82385],[145.10606,-37.81921],[145.1081,-37.81843]],[[145.1081,-37.81848],[145.10603,-37.81927],[145.0993,-37.82384]]],"tram":[[[145.11997,-37.81753],[145.06069,-37.81038]],[[145.09747,-37.81477],[145.09719,-37.81477]],[[145.0607,-37.81035],[145.10703,-37.81591]],[[145.10703,-37.81591],[145.11997,-37.8175]]]}}