{"n":{"rail":[[[145.09327,-37.825],[145.08528,-37.82367]],[[145.09351,-37.82502],[145.09327,-37.825]],[[145.08527,-37.82364],[145.09328,-37.82495]],[[145.09547,-37.82488],[145.09924,-37.82372],[145.10615,-37.8191]],[[145.09548,-37.82492],[145.09909,-37.82385],[145.10606,-37.81921]],[[145.09328,-37.82495],[145.09349,-37.82497]],[[145.09327,-37.82492],[145.09348,-37.82493]],[[145.0853,-37.82361],[145.09327,-37.82492]],[[145.10603,-37.81927],[145.0993,-37.82384],[145.09549,-37.82497]],[[145.09348,-37.82493],[145.09547,-37.82488]],[[145.09349,-37.82497],[145.09548,-37.82492]],[[145.09549,-37.82497],[145.09351,-37.82502]]],"tram":[[[145.08022,-37.83406],[145.11034,-37.83758]],[[145.11034,-37.83758],[145.05653,-37.83136]]]}}