{"n":{"rail":[[[145.10152,-37.91044],[145.08981,-37.90151]],[[145.08933,-37.90106],[145.10163,-37.91036]],[[145.10163,-37.91036],[145.11718,-37.92193]],[[145.11673,-37.92166],[145.10152,-37.91044]]],"freeway":[[[145.10618,-37.91193],[145.1071,-37.91199]],[[145.10622,-37.91206],[145.10584,-37.91201]],[[145.10428,-37.91178],[145.10262,-37.91157]],[[145.1059,-37.9119],[145.10593,-37.9119]],[[145.1025,-37.91148],[145.10416,-37.91169]],[[145.10262,-37.91157],[145.10168,-37.91146]],[[145.08564,-37.90957],[145.08512,-37.90983]],[[145.08635,-37.90964],[145.08675,-37.90968]],[[145.08714,-37.90973],[145.0892,-37.90999]],[[145.10813,-37.91229],[145.10714,-37.91216]],[[145.10714,-37.91216],[145.10622,-37.91206]],[[145.10546,-37.91195],[145.10428,-37.91178]],[[145.10046,-37.9112],[145.10134,-37.91133]],[[145.09898,-37.91119],[145.0928,-37.91043]],[[145.09283,-37.91033],[145.09797,-37.91091]],[[145.10593,-37.9119],[145.10618,-37.91193]],[[145.10168,-37.91146],[145.10147,-37.91144]],[[145.10134,-37.91133],[145.1025,-37.91148]],[[145.09912,-37.91104],[145.10003,-37.91115]],[[145.10122,-37.91142],[145.09898,-37.91119]],[[145.1071,-37.91199],[145.10956,-37.91222]],[[145.08675,-37.90968],[145.08714,-37.90973]],[[145.10416,-37.91169],[145.1059,-37.9119]],[[145.09159,-37.91025],[145.09283,-37.91033]],[[145.0928,-37.91043],[145.09159,-37.91025]],[[145.08574,-37.90958],[145.08611,-37.90961]],[[145.08611,-37.90961],[145.08635,-37.90964]],[[145.08511,-37.90951],[145.08574,-37.90958]],[[145.09087,-37.91017],[145.09159,-37.91025]],[[145.09023,-37.9101],[145.09087,-37.91017]],[[145.0892,-37.90999],[145.09023,-37.9101]],[[145.09797,-37.91091],[145.09894,-37.91102]],[[145.09894,-37.91102],[145.09912,-37.91104]],[[145.10147,-37.91144],[145.10122,-37.91142]],[[145.10003,-37.91115],[145.10046,-37.9112]],[[145.10584,-37.91201],[145.10546,-37.91195]]]}}