{"n":{"rail":[[[145.08981,-37.90151],[145.0858,-37.89856],[145.07797,-37.89502]],[[145.09353,-37.90433],[145.09432,-37.90488]],[[145.10152,-37.91044],[145.08981,-37.90151]],[[145.08933,-37.90106],[145.10163,-37.91036]],[[145.07804,-37.89494],[145.08583,-37.89852],[145.08933,-37.90106]]],"freeway":[[[145.10039,-37.89751],[145.10423,-37.89992]],[[145.0993,-37.89705],[145.09854,-37.89664]],[[145.08811,-37.89361],[145.08808,-37.89347]],[[145.10509,-37.90046],[145.10531,-37.90043]],[[145.08741,-37.89722],[145.08743,-37.89802]],[[145.09013,-37.89333],[145.08988,-37.89329]],[[145.08742,-37.89855],[145.08732,-37.89919]],[[145.08719,-37.89916],[145.08724,-37.89882]],[[145.08713,-37.90004],[145.08683,-37.90102]],[[145.08661,-37.90147],[145.08672,-37.90101]],[[145.08521,-37.90847],[145.08621,-37.90353]],[[145.09261,-37.89334],[145.09339,-37.89349]],[[145.08862,-37.8929],[145.08892,-37.89293]],[[145.08785,-37.89282],[145.08821,-37.89271]],[[145.08839,-37.89259],[145.0885,-37.89289]],[[145.08785,-37.89282],[145.08818,-37.89286]],[[145.08697,-37.89293],[145.08674,-37.89289]],[[145.08892,-37.89293],[145.08935,-37.89298]],[[145.08808,-37.89347],[145.08788,-37.89305]],[[145.09689,-37.89545],[145.09771,-37.89592]],[[145.09365,-37.89388],[145.09335,-37.89377]],[[145.09771,-37.89592],[145.09793,-37.89605]],[[145.09435,-37.89428],[145.09382,-37.89396]],[[145.08834,-37.89287],[145.0885,-37.89289]],[[145.08731,-37.89781],[145.08741,-37.89722]],[[145.08743,-37.89802],[145.08743,-37.89835]],[[145.08808,-37.89347],[145.08814,-37.89308]],[[145.08818,-37.89286],[145.08834,-37.89287]],[[145.0883,-37.8931],[145.08821,-37.89347]],[[145.08814,-37.89308],[145.08788,-37.89305]],[[145.08332,-37.89091],[145.08575,-37.89252]],[[145.08728,-37.89837],[145.08731,-37.89781]],[[145.10526,-37.90077],[145.10464,-37.90037]],[[145.08672,-37.90101],[145.08703,-37.89998]],[[145.08703,-37.89998],[145.08717,-37.89927]],[[145.08732,-37.89919],[145.08713,-37.90004]],[[145.08683,-37.90102],[145.08661,-37.90147]],[[145.08834,-37.89287],[145.0883,-37.8931]],[[145.08814,-37.89308],[145.08818,-37.89286]],[[145.0883,-37.8931],[145.08814,-37.89308]],[[145.10541,-37.90066],[145.10553,-37.90073]],[[145.1054,-37.90085],[145.10526,-37.90077]],[[145.10651,-37.90154],[145.10632,-37.90142]],[[145.10553,-37.90073],[145.1061,-37.90107]],[[145.08743,-37.89835],[145.08742,-37.89855]],[[145.09335,-37.89377],[145.09176,-37.89353]],[[145.0979,-37.89633],[145.09719,-37.89592]],[[145.08797,-37.89428],[145.088,-37.89413]],[[145.08839,-37.89259],[145.08834,-37.89287]],[[145.0878,-37.89304],[145.08697,-37.89293]],[[145.09112,-37.89345],[145.09099,-37.89344]],[[145.0902,-37.89306],[145.09036,-37.89308]],[[145.0885,-37.89289],[145.08862,-37.8929]],[[145.08821,-37.89347],[145.08811,-37.89361]],[[145.08872,-37.89314],[145.0883,-37.8931]],[[145.08821,-37.89271],[145.08856,-37.89079]],[[145.08818,-37.89286],[145.08821,-37.89271]],[[145.09064,-37.8934],[145.09013,-37.89333]],[[145.08669,-37.8927],[145.08719,-37.89274]],[[145.0878,-37.89514],[145.08797,-37.89428]],[[145.10602,-37.90123],[145.1054,-37.90085]],[[145.11146,-37.90459],[145.10651,-37.90154]],[[145.1061,-37.90107],[145.1107,-37.90394]],[[145.10027,-37.89762],[145.0993,-37.89705]],[[145.09845,-37.89635],[145.0989,-37.89661]],[[145.0989,-37.89661],[145.09979,-37.89715]],[[145.09719,-37.89592],[145.09661,-37.89559]],[[145.09339,-37.89349],[145.09689,-37.89545]],[[145.09793,-37.89605],[145.09845,-37.89635]],[[145.08848,-37.89209],[145.08846,-37.8922]],[[145.08846,-37.8922],[145.08839,-37.89259]],[[145.08935,-37.89298],[145.08976,-37.89302]],[[145.08966,-37.89326],[145.08901,-37.89318]],[[145.08988,-37.89329],[145.08966,-37.89326]],[[145.09036,-37.89308],[145.09057,-37.8931]],[[145.08976,-37.89302],[145.0902,-37.89306]],[[145.09176,-37.89353],[145.09112,-37.89345]],[[145.09099,-37.89344],[145.0909,-37.89344]],[[145.0909,-37.89344],[145.09064,-37.8934]],[[145.08901,-37.89318],[145.08872,-37.89314]],[[145.086,-37.89258],[145.08626,-37.89263]],[[145.08626,-37.89263],[145.08658,-37.89268]],[[145.08802,-37.89402],[145.08808,-37.89372]],[[145.08808,-37.89372],[145.08811,-37.89361]],[[145.088,-37.89413],[145.08802,-37.89402]],[[145.08773,-37.89552],[145.0878,-37.89514]],[[145.08724,-37.89882],[145.08728,-37.89837]],[[145.08717,-37.89927],[145.08719,-37.89916]],[[145.08511,-37.90951],[145.08574,-37.90958]],[[145.09979,-37.89715],[145.10039,-37.89751]],[[145.10118,-37.89819],[145.10027,-37.89762]],[[145.09854,-37.89664],[145.0979,-37.89633]],[[145.09661,-37.89559],[145.09617,-37.89534]],[[145.09382,-37.89396],[145.09365,-37.89388]],[[145.09617,-37.89534],[145.09435,-37.89428]],[[145.09365,-37.89388],[145.09337,-37.89365]],[[145.09246,-37.89332],[145.09261,-37.89334]],[[145.0922,-37.89329],[145.09246,-37.89332]],[[145.0911,-37.89317],[145.0922,-37.89329]],[[145.09057,-37.8931],[145.0911,-37.89317]],[[145.10423,-37.89992],[145.10509,-37.90046]],[[145.10509,-37.90046],[145.10541,-37.90066]],[[145.10464,-37.90037],[145.10118,-37.89819]],[[145.10632,-37.90142],[145.10602,-37.90123]],[[145.08741,-37.89722],[145.08773,-37.89552]],[[145.10531,-37.90043],[145.10545,-37.90038]],[[145.08621,-37.90353],[145.08661,-37.90147]],[[145.08732,-37.89275],[145.08754,-37.89278]],[[145.08719,-37.89274],[145.08732,-37.89275]],[[145.08754,-37.89278],[145.08785,-37.89282]],[[145.08658,-37.89268],[145.08669,-37.8927]],[[145.08575,-37.89252],[145.086,-37.89258]],[[145.08594,-37.89272],[145.08532,-37.89253]],[[145.08619,-37.89279],[145.08594,-37.89272]],[[145.08648,-37.89285],[145.08619,-37.89279]],[[145.08674,-37.89289],[145.08648,-37.89285]],[[145.08788,-37.89305],[145.0878,-37.89304]]]}}