{"n":{"rail":[[[145.08045,-37.87685],[145.09159,-37.87422]],[[145.09159,-37.87428],[145.08045,-37.87689]]],"freeway":[[[145.09059,-37.88288],[145.0961,-37.88468]],[[145.08216,-37.87794],[145.08627,-37.88019]],[[145.08998,-37.88255],[145.09059,-37.88288]],[[145.08994,-37.88272],[145.08559,-37.87997]],[[145.09055,-37.88304],[145.08994,-37.88272]],[[145.09067,-37.88007],[145.09109,-37.87785]],[[145.08929,-37.88712],[145.08931,-37.88698]],[[145.09025,-37.88234],[145.09044,-37.88245]],[[145.09126,-37.88398],[145.09031,-37.88391]],[[145.08982,-37.88319],[145.08759,-37.88133]],[[145.08627,-37.88019],[145.08815,-37.88115]],[[145.08987,-37.88404],[145.08983,-37.88338]],[[145.08706,-37.881],[145.08676,-37.88079]],[[145.08627,-37.88019],[145.08998,-37.88255]],[[145.09102,-37.87898],[145.09085,-37.88017]],[[145.09141,-37.87615],[145.09145,-37.87597]],[[145.08559,-37.87997],[145.08191,-37.878]],[[145.09819,-37.88521],[145.09542,-37.88496]],[[145.08937,-37.88758],[145.08918,-37.88848]],[[145.09032,-37.88202],[145.09035,-37.88192]],[[145.09187,-37.87438],[145.09168,-37.87547]],[[145.08967,-37.88202],[145.0902,-37.88207]],[[145.09085,-37.88017],[145.09084,-37.8803]],[[145.08856,-37.89079],[145.08873,-37.88984]],[[145.08332,-37.89091],[145.08575,-37.89252]],[[145.09059,-37.8818],[145.09054,-37.88202]],[[145.09819,-37.88521],[145.09449,-37.88454],[145.09055,-37.88304]],[[145.10774,-37.88666],[145.09819,-37.88521]],[[145.09099,-37.88275],[145.09377,-37.88398]],[[145.09051,-37.88212],[145.09029,-37.88215]],[[145.09022,-37.88343],[145.09002,-37.88331]],[[145.09542,-37.88496],[145.09404,-37.88474]],[[145.09215,-37.8843],[145.09126,-37.88398]],[[145.09404,-37.88474],[145.09319,-37.88457]],[[145.08815,-37.88115],[145.08873,-37.8815]],[[145.09002,-37.88435],[145.08984,-37.88534]],[[145.08974,-37.88592],[145.08952,-37.887]],[[145.08984,-37.88534],[145.08974,-37.88592]],[[145.08967,-37.88202],[145.09014,-37.88229]],[[145.08953,-37.88578],[145.08968,-37.88501]],[[145.08935,-37.88677],[145.08953,-37.88578]],[[145.08974,-37.8847],[145.08984,-37.88418]],[[145.08987,-37.88404],[145.09002,-37.88331]],[[145.09006,-37.88414],[145.09003,-37.8843]],[[145.09067,-37.88136],[145.09063,-37.88163]],[[145.0961,-37.88468],[145.09921,-37.88517]],[[145.09138,-37.87707],[145.09125,-37.8778]],[[145.09065,-37.88023],[145.09067,-37.88007]],[[145.09084,-37.8803],[145.09065,-37.88023]],[[145.09084,-37.8803],[145.09079,-37.88059]],[[145.09067,-37.88007],[145.09085,-37.88017]],[[145.09022,-37.88343],[145.09006,-37.88414]],[[145.09058,-37.88074],[145.09065,-37.88023]],[[145.09002,-37.88331],[145.09011,-37.8829]],[[145.09168,-37.87547],[145.09138,-37.87707]],[[145.09153,-37.87547],[145.09172,-37.87439]],[[145.0891,-37.8817],[145.08967,-37.88202]],[[145.09477,-37.88428],[145.0961,-37.88468]],[[145.08645,-37.88058],[145.08559,-37.87997]],[[145.09002,-37.88331],[145.08994,-37.88327]],[[145.09031,-37.88301],[145.09022,-37.88343]],[[145.09025,-37.88234],[145.09029,-37.88215]],[[145.09054,-37.88251],[145.09099,-37.88275]],[[145.09063,-37.88163],[145.09059,-37.8818]],[[145.08855,-37.89175],[145.08848,-37.89209]],[[145.08857,-37.89162],[145.08855,-37.89175]],[[145.08874,-37.89056],[145.08857,-37.89162]],[[145.08821,-37.89271],[145.08856,-37.89079]],[[145.08945,-37.88734],[145.08937,-37.88758]],[[145.08921,-37.88755],[145.08929,-37.88712]],[[145.09123,-37.87706],[145.09131,-37.87658]],[[145.09069,-37.88236],[145.09099,-37.88275]],[[145.09053,-37.88104],[145.09058,-37.88074]],[[145.09074,-37.88088],[145.09068,-37.88127]],[[145.09079,-37.88059],[145.09074,-37.88088]],[[145.09124,-37.87787],[145.09122,-37.87799]],[[145.09145,-37.87597],[145.09153,-37.87547]],[[145.09131,-37.87658],[145.09141,-37.87615]],[[145.09039,-37.88172],[145.09053,-37.88104]],[[145.09044,-37.88245],[145.09038,-37.88268]],[[145.09003,-37.8843],[145.09002,-37.88435]],[[145.08949,-37.88714],[145.08945,-37.88734]],[[145.08931,-37.88698],[145.08935,-37.88677]],[[145.08952,-37.887],[145.08949,-37.88714]],[[145.08886,-37.8899],[145.08874,-37.89056]],[[145.08918,-37.88848],[145.08898,-37.8894]],[[145.08898,-37.8894],[145.08886,-37.8899]],[[145.08873,-37.88984],[145.08883,-37.88931]],[[145.08883,-37.88931],[145.08921,-37.88755]],[[145.08848,-37.89209],[145.08846,-37.8922]],[[145.09011,-37.8829],[145.09019,-37.88257]],[[145.09047,-37.88233],[145.09044,-37.88245]],[[145.09014,-37.88229],[145.09017,-37.88231]],[[145.09029,-37.88215],[145.09032,-37.88202]],[[145.09051,-37.88212],[145.09047,-37.88233]],[[145.09054,-37.88202],[145.09051,-37.88212]],[[145.09068,-37.88127],[145.09067,-37.88136]],[[145.09036,-37.88187],[145.09039,-37.88172]],[[145.09035,-37.88192],[145.09036,-37.88187]],[[145.08984,-37.88418],[145.08987,-37.88404]],[[145.08968,-37.88501],[145.08974,-37.8847]],[[145.09019,-37.88257],[145.09025,-37.88234]],[[145.09038,-37.88268],[145.09031,-37.88301]],[[145.09921,-37.88517],[145.10786,-37.88645]],[[145.09408,-37.88408],[145.09477,-37.88428]],[[145.09377,-37.88398],[145.09408,-37.88408]],[[145.08676,-37.88079],[145.08645,-37.88058]],[[145.0873,-37.88115],[145.08706,-37.881]],[[145.08759,-37.88133],[145.0873,-37.88115]],[[145.09319,-37.88457],[145.09215,-37.8843]],[[145.09126,-37.88398],[145.09062,-37.88364]],[[145.09062,-37.88364],[145.09029,-37.88347]],[[145.09054,-37.88202],[145.09069,-37.88236]],[[145.09044,-37.88245],[145.09054,-37.88251]],[[145.0902,-37.88207],[145.09032,-37.88202]],[[145.09017,-37.88231],[145.09025,-37.88234]],[[145.09031,-37.88391],[145.09006,-37.88414]],[[145.09029,-37.88347],[145.09022,-37.88343]],[[145.08994,-37.88327],[145.08982,-37.88319]],[[145.08983,-37.88338],[145.08982,-37.88319]],[[145.08873,-37.8815],[145.0891,-37.8817]],[[145.09122,-37.87799],[145.09102,-37.87898]],[[145.09125,-37.8778],[145.09124,-37.87787]],[[145.0911,-37.87778],[145.09123,-37.87706]],[[145.09109,-37.87785],[145.0911,-37.87778]]]}}