{"n":{"rail":[[[145.09993,-37.8736],[145.10838,-37.87298]],[[145.09159,-37.87422],[145.09207,-37.87418]],[[145.08045,-37.87685],[145.09159,-37.87422]],[[145.09207,-37.87418],[145.09972,-37.87362]],[[145.09972,-37.87362],[145.09993,-37.8736]],[[145.09994,-37.87364],[145.09972,-37.87365]],[[145.09972,-37.87365],[145.09208,-37.87422]],[[145.09159,-37.87428],[145.08045,-37.87689]],[[145.09208,-37.87422],[145.09159,-37.87428]],[[145.1082,-37.87303],[145.09994,-37.87364]]],"freeway":[[[145.09259,-37.86796],[145.09217,-37.87169]],[[145.09217,-37.87169],[145.09219,-37.87193]],[[145.09219,-37.87193],[145.09211,-37.87303]],[[145.09209,-37.87193],[145.09206,-37.87169]],[[145.09206,-37.87169],[145.09246,-37.86794]],[[145.09204,-37.87271],[145.09209,-37.87193]],[[145.09187,-37.87438],[145.09168,-37.87547]],[[145.09365,-37.86137],[145.09418,-37.85853]],[[145.09174,-37.87432],[145.09178,-37.87412]],[[145.09178,-37.87412],[145.09182,-37.8739]],[[145.09195,-37.87392],[145.09189,-37.87429]],[[145.09211,-37.87303],[145.09195,-37.87392]],[[145.09182,-37.8739],[145.09204,-37.87271]],[[145.09262,-37.86685],[145.09271,-37.86611]],[[145.09246,-37.86794],[145.09255,-37.86743]],[[145.09267,-37.86744],[145.09259,-37.86796]],[[145.09288,-37.8658],[145.09286,-37.86601]],[[145.09299,-37.86499],[145.09305,-37.86468]],[[145.09276,-37.86578],[145.09299,-37.86499]],[[145.09299,-37.86499],[145.09288,-37.8658]],[[145.09189,-37.87429],[145.09187,-37.87438]],[[145.09172,-37.87439],[145.09174,-37.87432]],[[145.09153,-37.87547],[145.09172,-37.87439]],[[145.09305,-37.86468],[145.09316,-37.86408]],[[145.09255,-37.86743],[145.09262,-37.86685]],[[145.09277,-37.86687],[145.09267,-37.86744]],[[145.09332,-37.86585],[145.09286,-37.86601]],[[145.09286,-37.86601],[145.09277,-37.86687]],[[145.09271,-37.86611],[145.09276,-37.86578]],[[145.09323,-37.86367],[145.09365,-37.86137]],[[145.0942,-37.85838],[145.09421,-37.85833]],[[145.09421,-37.85833],[145.09439,-37.85735]],[[145.09418,-37.85853],[145.0942,-37.85838]],[[145.09316,-37.86408],[145.09318,-37.86394]],[[145.09318,-37.86394],[145.09323,-37.86367]]]}}