{"n":{"rail":[[[145.09033,-38.01074],[145.08974,-38.00989]],[[145.08974,-38.00989],[145.08859,-38.00805]],[[145.08987,-38.00987],[145.09049,-38.01079]],[[145.08409,-38.00136],[145.08622,-38.00439]],[[145.08887,-38.00811],[145.09009,-38.00985]],[[145.08898,-38.00827],[145.09005,-38.00987]],[[145.08893,-38.00824],[145.08999,-38.00987]],[[145.08887,-38.00811],[145.08995,-38.00989]],[[145.08863,-38.00804],[145.08987,-38.00987]],[[145.08613,-38.00444],[145.08408,-38.00143]],[[145.08677,-38.00504],[145.08811,-38.00701]],[[145.08795,-38.00702],[145.08661,-38.00507]],[[145.08622,-38.00439],[145.08668,-38.00493]],[[145.08655,-38.00498],[145.08613,-38.00444]],[[145.08818,-38.00712],[145.08877,-38.00798]],[[145.08859,-38.00805],[145.08805,-38.00716]],[[145.08817,-38.0071],[145.08863,-38.00804]],[[145.08814,-38.00729],[145.08855,-38.00789]],[[145.09172,-38.01258],[145.09261,-38.01384]],[[145.09255,-38.01387],[145.09166,-38.01259]],[[145.09166,-38.01259],[145.09033,-38.01074]],[[145.09049,-38.01079],[145.09172,-38.01258]],[[145.08877,-38.00798],[145.08887,-38.00811]],[[145.08661,-38.00507],[145.08655,-38.00498]],[[145.08668,-38.00493],[145.08677,-38.00504]],[[145.08805,-38.00716],[145.08795,-38.00702]],[[145.08811,-38.00701],[145.08817,-38.0071]]],"freeway":[[[145.08799,-38.00845],[145.0877,-38.00838],[145.08799,-38.00845]],[[145.08557,-38.0059],[145.08548,-38.0056]],[[145.08824,-38.00933],[145.08816,-38.00901]],[[145.08805,-38.00879],[145.08783,-38.00852]],[[145.08537,-38.00489],[145.08576,-38.00574]],[[145.08645,-38.00666],[145.08676,-38.00705]],[[145.08771,-38.00837],[145.08759,-38.00808]],[[145.088,-38.0084],[145.08814,-38.00893]],[[145.08676,-38.00705],[145.08708,-38.00745]],[[145.08586,-38.00585],[145.0861,-38.00625]],[[145.08709,-38.00746],[145.08724,-38.00764]],[[145.0861,-38.00625],[145.08645,-38.00666]],[[145.08759,-38.00808],[145.08794,-38.00831]],[[145.0861,-38.00625],[145.0856,-38.00593]],[[145.09031,-38.01235],[145.09043,-38.01253]],[[145.09029,-38.01232],[145.09031,-38.01235]],[[145.08991,-38.01181],[145.09016,-38.01216]],[[145.09016,-38.01216],[145.09029,-38.01232]],[[145.08945,-38.01117],[145.08968,-38.01149]],[[145.08938,-38.01107],[145.08945,-38.01117]],[[145.08888,-38.01046],[145.08938,-38.01107]],[[145.08869,-38.01024],[145.08888,-38.01046]],[[145.08856,-38.01009],[145.08869,-38.01024]],[[145.08833,-38.00966],[145.08856,-38.01009]],[[145.08824,-38.00933],[145.08833,-38.00966]],[[145.09043,-38.01253],[145.0909,-38.01314]],[[145.08968,-38.01149],[145.08991,-38.01181]],[[145.08816,-38.00901],[145.08814,-38.00893]],[[145.08814,-38.00893],[145.08805,-38.00879]],[[145.08579,-38.00575],[145.08558,-38.00591],[145.08579,-38.00575]],[[145.08548,-38.0056],[145.08542,-38.00539]],[[145.08725,-38.00765],[145.08759,-38.00808]],[[145.08708,-38.00745],[145.08709,-38.00746]],[[145.0909,-38.01314],[145.09198,-38.01427]],[[145.08724,-38.00764],[145.08725,-38.00765]]]}}