{"n":{"rail":[[[145.10615,-38.03412],[145.10014,-38.02394],[145.09399,-38.01596]],[[145.09404,-38.01594],[145.1002,-38.02395],[145.10619,-38.03411]],[[145.09172,-38.01258],[145.09261,-38.01384]],[[145.09255,-38.01387],[145.09166,-38.01259]],[[145.0934,-38.01503],[145.09404,-38.01594]],[[145.09399,-38.01596],[145.09335,-38.01505]],[[145.09335,-38.01505],[145.09255,-38.01387]],[[145.09261,-38.01384],[145.0934,-38.01503]]],"freeway":[[[145.0922,-38.01451],[145.09548,-38.01797],[145.09999,-38.02405],[145.10194,-38.02737]],[[145.10218,-38.02777],[145.10238,-38.02811]],[[145.10238,-38.02811],[145.106,-38.03429]],[[145.10194,-38.02737],[145.10218,-38.02777]],[[145.0909,-38.01314],[145.09198,-38.01427]],[[145.09198,-38.01427],[145.0922,-38.01451]]]}}