{"n":{"rail":[[[145.10615,-38.03412],[145.10014,-38.02394]],[[145.1002,-38.02395],[145.10619,-38.03411]],[[145.10996,-38.0406],[145.10615,-38.03412]],[[145.10619,-38.03411],[145.11,-38.04058]]],"freeway":[[[145.106,-38.03429],[145.10763,-38.03702]],[[145.10238,-38.02811],[145.106,-38.03429]]]}}