{"b":[{"h":6,"g":[[144.391123,-37.200809],[144.391464,-37.200841],[144.391484,-37.200704],[144.391414,-37.200697],[144.391407,-37.200742],[144.391301,-37.200732],[144.391309,-37.200676],[144.39123,-37.200668],[144.391221,-37.200733],[144.391136,-37.200725],[144.391123,-37.200809]]},{"h":6,"g":[[144.391778,-37.200926],[144.391918,-37.201012],[144.391982,-37.200945],[144.391843,-37.20086],[144.391778,-37.200926]]},{"h":6,"g":[[144.395346,-37.200711],[144.395445,-37.200765],[144.395551,-37.200641],[144.395452,-37.200587],[144.395346,-37.200711]]},{"h":6,"g":[[144.393541,-37.21122],[144.393727,-37.211244],[144.393785,-37.210957],[144.393599,-37.210933],[144.393541,-37.21122]]}]}