{"b":[{"h":6,"g":[[144.382286,-37.252982],[144.38234,-37.253021],[144.382419,-37.25295],[144.382364,-37.252911],[144.382286,-37.252982]]},{"h":6,"g":[[144.382415,-37.252864],[144.382472,-37.252904],[144.382572,-37.252811],[144.382515,-37.252772],[144.382415,-37.252864]]}]}