{"b":[{"h":6,"g":[[144.383193,-37.66385],[144.383526,-37.663878],[144.38353,-37.663785],[144.383205,-37.663754],[144.383193,-37.66385]]},{"h":6,"g":[[144.38233,-37.665294],[144.382452,-37.665298],[144.382465,-37.665165],[144.382339,-37.66516],[144.38233,-37.665294]]},{"h":6,"g":[[144.382419,-37.665394],[144.382548,-37.665409],[144.38256,-37.66535],[144.382426,-37.665336],[144.382419,-37.665394]]}]}