{"b":[{"h":6,"g":[[144.403244,-37.739887],[144.403331,-37.739897],[144.40338,-37.739625],[144.403292,-37.739615],[144.403244,-37.739887]]},{"h":6,"g":[[144.402851,-37.73996],[144.403116,-37.739996],[144.403093,-37.740103],[144.403259,-37.740126],[144.403277,-37.74004],[144.403194,-37.740029],[144.403232,-37.73985],[144.402885,-37.739803],[144.402851,-37.73996]]}]}