{"b":[{"h":6,"g":[[144.401464,-37.677078],[144.401737,-37.677296],[144.402087,-37.676999],[144.401825,-37.676784],[144.401464,-37.677078]]}]}