{"b":[{"h":6,"g":[[144.40231,-37.688845],[144.402415,-37.688858],[144.402411,-37.688886],[144.402525,-37.688902],[144.402532,-37.688894],[144.402549,-37.688897],[144.402557,-37.688848],[144.402566,-37.688794],[144.402538,-37.688791],[144.402373,-37.688773],[144.402324,-37.688767],[144.402312,-37.688834],[144.40231,-37.688845]]},{"h":6,"g":[[144.402302,-37.688883],[144.402409,-37.688896],[144.40241,-37.68889],[144.402411,-37.688886],[144.402415,-37.688858],[144.40231,-37.688845],[144.402307,-37.688861],[144.402302,-37.688883]]}]}