{"b":[{"h":6,"g":[[144.402801,-37.905484],[144.403031,-37.905607],[144.403332,-37.905226],[144.403101,-37.905108],[144.402801,-37.905484]]},{"h":3.672,"g":[[144.404184,-37.898117],[144.40427,-37.898127],[144.404275,-37.898096],[144.404343,-37.898103],[144.404356,-37.898026],[144.404203,-37.898009],[144.404184,-37.898117]]},{"h":14.51,"g":[[144.402498,-37.899735],[144.402743,-37.899762],[144.402761,-37.899661],[144.402991,-37.899686],[144.403021,-37.899517],[144.402545,-37.899465],[144.402498,-37.899735]]}]}