{"b":[{"h":8.062,"g":[[144.401279,-37.927899],[144.401358,-37.927946],[144.401401,-37.927901],[144.401322,-37.927854],[144.401279,-37.927899]]},{"h":2.804,"g":[[144.403262,-37.932186],[144.403313,-37.932231],[144.403399,-37.93217],[144.403348,-37.932125],[144.403262,-37.932186]]},{"h":9.758,"g":[[144.400867,-37.928593],[144.401275,-37.928801],[144.401427,-37.928614],[144.401195,-37.928496],[144.401157,-37.928542],[144.400981,-37.928453],[144.400867,-37.928593]]},{"h":3.11,"g":[[144.402525,-37.931614],[144.4027,-37.931769],[144.402718,-37.931756],[144.402802,-37.931831],[144.402865,-37.931786],[144.402608,-37.931556],[144.402525,-37.931614]]}]}