{"n":{"rail":[[[145.45596,-38.07472],[145.45632,-38.07478]],[[145.45631,-38.07482],[145.45595,-38.07475]],[[145.45595,-38.07475],[145.43395,-38.07055]],[[145.45632,-38.07478],[145.47222,-38.07789]],[[145.47221,-38.07795],[145.45631,-38.07482]],[[145.43396,-38.07051],[145.45596,-38.07472]]],"freeway":[[[145.43954,-38.08109],[145.4359,-38.0805]],[[145.44592,-38.08343],[145.43954,-38.08109]],[[145.43909,-38.08073],[145.44528,-38.08296]],[[145.436,-38.07945],[145.43909,-38.08073]],[[145.4283,-38.07811],[145.43909,-38.08073]],[[145.43954,-38.08109],[145.42886,-38.07844]]]}}