{"b":[{"h":6,"g":[[145.85156,-37.460642],[145.851617,-37.460643],[145.851619,-37.460594],[145.851562,-37.460593],[145.85156,-37.460642]]},{"h":6,"g":[[145.851636,-37.460673],[145.85165,-37.460687],[145.851675,-37.460672],[145.85166,-37.460657],[145.851636,-37.460673]]}]}