{"b":[{"h":6,"g":[[145.8418,-37.529391],[145.841886,-37.529438],[145.841949,-37.529365],[145.841864,-37.529318],[145.8418,-37.529391]]},{"h":6,"g":[[145.842189,-37.529534],[145.84219,-37.529633],[145.842223,-37.529633],[145.842223,-37.529664],[145.842296,-37.529664],[145.842295,-37.529533],[145.842189,-37.529534]]}]}