{"b":[{"h":6,"g":[[145.832644,-37.748689],[145.832691,-37.74872],[145.83274,-37.748674],[145.832694,-37.748643],[145.832644,-37.748689]]}]}