{"b":[{"h":6,"g":[[145.836275,-38.098986],[145.83655,-38.099014],[145.836584,-38.098869],[145.836604,-38.098869],[145.836611,-38.098825],[145.836594,-38.098811],[145.836566,-38.098811],[145.836602,-38.098635],[145.836372,-38.098607],[145.836327,-38.098771],[145.836298,-38.098764],[145.836277,-38.098856],[145.836307,-38.098859],[145.836275,-38.098986]]},{"h":6,"g":[[145.836257,-38.099357],[145.836336,-38.099372],[145.836333,-38.099436],[145.836349,-38.099436],[145.836342,-38.099456],[145.836409,-38.099468],[145.836419,-38.099446],[145.836405,-38.099435],[145.836425,-38.099378],[145.836458,-38.099379],[145.836487,-38.099275],[145.836485,-38.099262],[145.83657,-38.099269],[145.836577,-38.099209],[145.836499,-38.099201],[145.836331,-38.099183],[145.836317,-38.099255],[145.836283,-38.099252],[145.836257,-38.099357]]}]}