{"b":[{"h":6,"g":[[145.838965,-38.256077],[145.839159,-38.256088],[145.839165,-38.256021],[145.839101,-38.256018],[145.839104,-38.255985],[145.838974,-38.255978],[145.838965,-38.256077]]}]}