{"b":[{"h":6,"g":[[145.837343,-38.172025],[145.837427,-38.172059],[145.837531,-38.171903],[145.837447,-38.171868],[145.837343,-38.172025]]}]}