{"b":[{"h":6,"g":[[145.852138,-38.427529],[145.852142,-38.427633],[145.852261,-38.427631],[145.852258,-38.427527],[145.852138,-38.427529]]}]}