{"b":[{"h":6,"g":[[145.842491,-38.45073],[145.842622,-38.450737],[145.842632,-38.450617],[145.842755,-38.450623],[145.842765,-38.450498],[145.84251,-38.450485],[145.842491,-38.45073]]}]}