{"b":[{"h":6,"g":[[145.289521,-37.35388],[145.28956,-37.354026],[145.28972,-37.354],[145.289681,-37.353853],[145.289521,-37.35388]]},{"h":6,"g":[[145.289673,-37.353397],[145.289729,-37.353703],[145.289888,-37.353685],[145.289832,-37.353379],[145.289673,-37.353397]]}]}