{"b":[{"h":6,"g":[[145.301891,-37.698635],[145.30194,-37.698661],[145.301988,-37.698689],[145.302014,-37.698678],[145.302067,-37.698718],[145.302007,-37.698752],[145.302028,-37.698795],[145.302058,-37.698836],[145.302074,-37.698879],[145.302079,-37.698932],[145.302082,-37.698977],[145.302079,-37.699014],[145.302172,-37.699024],[145.30216,-37.699076],[145.302134,-37.699071],[145.302102,-37.69913],[145.302081,-37.699167],[145.302115,-37.699181],[145.302146,-37.699115],[145.302318,-37.699169],[145.302364,-37.699055],[145.30237,-37.698977],[145.302475,-37.698972],[145.302474,-37.698917],[145.302474,-37.69889],[145.302436,-37.698809],[145.302382,-37.698692],[145.302333,-37.698615],[145.302256,-37.698525],[145.302203,-37.69849],[145.302187,-37.698469],[145.302197,-37.698432],[145.302187,-37.698389],[145.30216,-37.698371],[145.302105,-37.698366],[145.302059,-37.698377],[145.302038,-37.698401],[145.302026,-37.698423],[145.301999,-37.698442],[145.301954,-37.698469],[145.301941,-37.698511],[145.301936,-37.698547],[145.301936,-37.69858],[145.301926,-37.6986],[145.301891,-37.698635]]}]}