{"b":[{"h":6,"g":[[145.28453,-37.648409],[145.284648,-37.648457],[145.284677,-37.648413],[145.284627,-37.648392],[145.284728,-37.648238],[145.28466,-37.64821],[145.28453,-37.648409]]}]}