{"b":[{"h":6,"g":[[145.283152,-37.596273],[145.283497,-37.596445],[145.283563,-37.59633],[145.28325,-37.596188],[145.283152,-37.596273]]},{"h":6,"g":[[145.283843,-37.596547],[145.284008,-37.59663],[145.284116,-37.596463],[145.28392,-37.596397],[145.283843,-37.596547]]},{"h":6,"g":[[145.284125,-37.596782],[145.28427,-37.596865],[145.284354,-37.596761],[145.284198,-37.596676],[145.284125,-37.596782]]}]}