{"b":[{"h":6,"g":[[145.304438,-38.287711],[145.30449,-38.287717],[145.304503,-38.287651],[145.304452,-38.287644],[145.304438,-38.287711]]},{"h":6,"g":[[145.301883,-38.288396],[145.301939,-38.288402],[145.301948,-38.288345],[145.301893,-38.288339],[145.301883,-38.288396]]}]}