{"b":[{"h":6,"g":[[145.291123,-38.494865],[145.291271,-38.494903],[145.291288,-38.494861],[145.291606,-38.494941],[145.29166,-38.494808],[145.291195,-38.494691],[145.291123,-38.494865]]},{"h":6,"g":[[145.296216,-38.494022],[145.296328,-38.494025],[145.296337,-38.493821],[145.296225,-38.493818],[145.296216,-38.494022]]},{"h":6,"g":[[145.296397,-38.493946],[145.296576,-38.493955],[145.296581,-38.493898],[145.296401,-38.49389],[145.296397,-38.493946]]},{"h":6,"g":[[145.288479,-38.494277],[145.288577,-38.49459],[145.288708,-38.494565],[145.288659,-38.494409],[145.28878,-38.494386],[145.288731,-38.494229],[145.288479,-38.494277]]}]}