{"n":{"rail":[[[144.84418,-37.74949],[144.82797,-37.76696]],[[144.83143,-37.76334],[144.84421,-37.74951]]],"freeway":[[[144.82854,-37.75312],[144.83105,-37.75088]],[[144.83142,-37.74902],[144.83225,-37.74979]],[[144.83284,-37.75219],[144.83212,-37.75167]],[[144.83727,-37.74734],[144.84181,-37.74477]],[[144.84194,-37.74492],[144.83618,-37.74823]],[[144.84181,-37.74477],[144.84751,-37.7417]],[[144.83325,-37.75064],[144.83292,-37.75183]],[[144.83618,-37.74823],[144.83325,-37.75064]],[[144.83257,-37.75149],[144.83212,-37.75167]],[[144.84541,-37.74318],[144.84194,-37.74492]],[[144.83325,-37.75064],[144.83275,-37.7514]],[[144.83192,-37.7499],[144.83225,-37.74979]],[[144.83116,-37.7507],[144.83173,-37.74998]],[[144.83105,-37.75088],[144.83116,-37.7507]],[[144.83261,-37.7505],[144.8305,-37.75196]],[[144.83618,-37.74823],[144.83261,-37.7505]],[[144.83129,-37.75118],[144.83299,-37.75005]],[[144.83299,-37.75005],[144.83594,-37.74817]],[[144.8312,-37.75196],[144.82841,-37.75345]],[[144.83225,-37.74979],[144.83583,-37.74815]],[[144.83116,-37.7507],[144.83164,-37.74981]],[[144.83212,-37.75167],[144.8312,-37.75196]],[[144.83583,-37.74815],[144.83727,-37.74734]],[[144.83594,-37.74817],[144.83727,-37.74734]],[[144.8305,-37.75196],[144.82841,-37.75345]],[[144.82854,-37.75312],[144.83129,-37.75118]],[[144.82384,-37.75657],[144.82854,-37.75312]]]}}