{"n":{"rail":[[[144.8281,-37.78202],[144.82842,-37.78245]],[[144.82842,-37.78245],[144.83605,-37.79232]],[[144.83166,-37.78675],[144.8314,-37.78646]],[[144.83597,-37.79229],[144.82924,-37.7836]],[[144.82334,-37.77578],[144.82264,-37.77378],[144.82331,-37.77153],[144.82797,-37.76696]],[[144.82399,-37.77674],[144.81243,-37.76153]],[[144.82812,-37.78185],[144.82783,-37.78146]],[[144.82781,-37.78166],[144.8281,-37.78202]],[[144.82809,-37.78208],[144.8278,-37.78173]],[[144.8278,-37.78173],[144.82399,-37.77674]],[[144.82783,-37.78146],[144.82337,-37.77554],[144.8228,-37.77433],[144.82285,-37.7732],[144.82376,-37.77106],[144.83143,-37.76334]],[[144.82924,-37.7836],[144.83179,-37.78729]],[[144.82842,-37.78245],[144.829,-37.78328]],[[144.83178,-37.78737],[144.82826,-37.78231]],[[144.829,-37.78328],[144.82826,-37.78231]],[[144.83179,-37.78729],[144.83561,-37.79219]],[[144.82924,-37.7836],[144.829,-37.78328]],[[144.81563,-37.7844],[144.82919,-37.78569]],[[144.82826,-37.78231],[144.82809,-37.78208]],[[144.83543,-37.79141],[144.82812,-37.78185]],[[144.82797,-37.76696],[144.82324,-37.77176],[144.82269,-37.77402],[144.82359,-37.77605]],[[144.82412,-37.77675],[144.82781,-37.78166]],[[144.82417,-37.78521],[144.8156,-37.78447]],[[144.83558,-37.79222],[144.83178,-37.78737]],[[144.81247,-37.76151],[144.82412,-37.77675]],[[144.82179,-37.77373],[144.82236,-37.77461]],[[144.82349,-37.7851],[144.82417,-37.78521]],[[144.82252,-37.77462],[144.82215,-37.77421]],[[144.83178,-37.78737],[144.83064,-37.78626],[144.82918,-37.78572]],[[144.82919,-37.78569],[144.83068,-37.78622],[144.83179,-37.78729]],[[144.82918,-37.78572],[144.82417,-37.78521]]],"freeway":[[[144.82325,-37.77649],[144.82151,-37.77627]],[[144.82327,-37.77636],[144.82409,-37.77646]],[[144.8254,-37.77663],[144.82855,-37.77695]],[[144.82537,-37.77675],[144.82509,-37.77672]],[[144.8426,-37.77848],[144.84409,-37.77864]],[[144.84388,-37.77879],[144.84257,-37.77865]],[[144.82416,-37.7766],[144.82325,-37.77649]],[[144.82509,-37.77672],[144.82416,-37.7766]],[[144.82511,-37.77659],[144.8254,-37.77663]],[[144.82409,-37.77646],[144.82511,-37.77659]],[[144.83337,-37.77762],[144.83177,-37.77743]],[[144.83339,-37.77744],[144.8405,-37.77825]],[[144.8405,-37.77825],[144.8426,-37.77848]],[[144.84257,-37.77865],[144.84047,-37.77842]],[[144.8336,-37.77765],[144.83337,-37.77762]],[[144.83048,-37.77729],[144.82888,-37.77714]],[[144.82874,-37.77696],[144.82941,-37.77701]],[[144.82155,-37.77615],[144.82327,-37.77636]],[[144.82867,-37.77712],[144.82779,-37.77703]],[[144.83079,-37.77715],[144.83095,-37.77717]],[[144.82877,-37.77713],[144.82867,-37.77712]],[[144.83077,-37.77732],[144.83062,-37.7773]],[[144.83001,-37.77707],[144.83052,-37.77712]],[[144.82779,-37.77703],[144.82537,-37.77675]],[[144.83062,-37.7773],[144.83048,-37.77729]],[[144.83177,-37.77743],[144.83137,-37.77738]],[[144.83137,-37.77738],[144.83085,-37.77732]],[[144.82941,-37.77701],[144.83001,-37.77707]],[[144.83729,-37.77806],[144.83571,-37.77788]],[[144.83571,-37.77788],[144.83377,-37.77767]],[[144.84047,-37.77842],[144.83729,-37.77806]],[[144.83095,-37.77717],[144.83312,-37.77741]],[[144.83065,-37.77713],[144.83079,-37.77715]],[[144.8342,-37.77753],[144.83409,-37.7777]],[[144.82855,-37.77695],[144.82874,-37.77696]],[[144.83052,-37.77712],[144.83065,-37.77713]],[[144.82888,-37.77714],[144.82877,-37.77713]],[[144.83085,-37.77732],[144.83077,-37.77732]],[[144.83312,-37.77741],[144.83339,-37.77744]],[[144.83377,-37.77767],[144.8336,-37.77765]]]}}