{"n":{"rail":[[[144.84418,-37.74949],[144.82797,-37.76696]],[[144.82331,-37.77153],[144.82797,-37.76696]],[[144.83204,-37.76278],[144.83916,-37.7551]],[[144.83899,-37.75514],[144.83143,-37.76334]],[[144.82399,-37.77674],[144.81243,-37.76153]],[[144.82376,-37.77106],[144.83143,-37.76334]],[[144.82797,-37.76696],[144.82324,-37.77176]],[[144.83178,-37.76301],[144.83204,-37.76278]],[[144.83143,-37.76334],[144.84421,-37.74951]],[[144.81247,-37.76151],[144.82412,-37.77675]],[[144.83212,-37.76271],[144.83619,-37.75853]],[[144.83252,-37.76238],[144.83623,-37.75856]],[[144.82978,-37.76514],[144.83633,-37.75861]],[[144.83225,-37.76283],[144.83639,-37.75864]],[[144.83868,-37.75553],[144.83842,-37.7559]],[[144.83522,-37.75965],[144.83544,-37.75934]],[[144.83566,-37.75943],[144.83592,-37.75905]],[[144.83408,-37.76089],[144.83427,-37.76061]],[[144.82945,-37.76542],[144.82978,-37.76514]]],"freeway":[[[144.82083,-37.76112],[144.82231,-37.75836],[144.82384,-37.75657]],[[144.82319,-37.75751],[144.82185,-37.76016]],[[144.82229,-37.76158],[144.82125,-37.76174]],[[144.82841,-37.75345],[144.82319,-37.75751]],[[144.8312,-37.75196],[144.82841,-37.75345]],[[144.82051,-37.76084],[144.82236,-37.758],[144.82384,-37.75657]],[[144.82185,-37.76016],[144.82177,-37.76046]],[[144.8305,-37.75196],[144.82841,-37.75345]],[[144.82384,-37.75657],[144.82854,-37.75312]],[[144.82319,-37.75751],[144.82106,-37.76115]]]}}