{"n":{"rail":[[[144.84424,-37.81139],[144.83596,-37.81083],[144.83509,-37.81123],[144.83347,-37.81301]],[[144.83381,-37.81258],[144.83556,-37.811],[144.8375,-37.81091]]],"freeway":[[[144.82703,-37.82286],[144.82773,-37.82267]],[[144.82773,-37.82267],[144.82852,-37.82247]],[[144.83043,-37.82212],[144.82995,-37.82225]],[[144.84009,-37.81935],[144.83586,-37.82054]],[[144.82935,-37.82241],[144.82779,-37.82283]],[[144.82852,-37.82247],[144.82992,-37.82206]],[[144.8352,-37.82055],[144.83998,-37.81924]],[[144.83531,-37.82051],[144.83538,-37.82067]],[[144.82983,-37.82228],[144.82935,-37.82241]],[[144.83531,-37.82069],[144.8352,-37.82055]],[[144.83531,-37.82069],[144.83231,-37.82159]],[[144.83538,-37.82067],[144.83531,-37.82069]],[[144.83095,-37.82176],[144.8352,-37.82055]],[[144.83231,-37.82159],[144.83043,-37.82212]],[[144.8301,-37.82199],[144.83095,-37.82176]],[[144.82995,-37.82225],[144.82983,-37.82228]],[[144.82992,-37.82206],[144.8301,-37.82199]],[[144.84389,-37.81831],[144.84279,-37.81862]],[[144.84279,-37.81862],[144.8405,-37.81923]],[[144.8405,-37.81923],[144.84009,-37.81935]],[[144.83998,-37.81924],[144.84017,-37.81919]],[[144.84017,-37.81919],[144.84421,-37.81803]],[[144.83586,-37.82054],[144.83538,-37.82067]]]}}