{"t":[{"r":"PLENTY ROAD","v":4924,"h":5,"c":[[145.10969,-37.55785],[145.10909,-37.56477],[145.10655,-37.56894]]},{"r":"ARTHURS CREEK ROAD","v":3717,"h":6,"c":[[145.10655,-37.56894],[145.12235,-37.57087],[145.12635,-37.57001],[145.13563,-37.56942]]},{"r":"PLENTY ROAD","v":4752,"h":10,"c":[[145.10655,-37.56894],[145.10909,-37.56477],[145.10969,-37.55785]]},{"r":"ARTHURS CREEK ROAD","v":3717,"h":6,"c":[[145.10655,-37.56894],[145.12235,-37.57087],[145.12635,-37.57001],[145.13563,-37.56942]]}]}