{"t":[{"r":"PLENTY ROAD","v":4924,"h":5,"c":[[145.11246,-37.52521],[145.1124,-37.52994],[145.1091,-37.54767]]},{"r":"PLENTY ROAD","v":4752,"h":10,"c":[[145.1091,-37.54767],[145.1124,-37.52994],[145.11246,-37.52521]]}]}