{"t":[{"r":"BRIDGE INN ROAD","v":4670,"h":6,"c":[[145.09574,-37.60064],[145.1381,-37.6055]]},{"r":"BRIDGE INN ROAD","v":4407,"h":6,"c":[[145.09574,-37.60064],[145.1381,-37.6055]]}]}