{"t":[{"r":"YAN YEAN ROAD","v":10683,"h":6,"c":[[145.13114,-37.64612],[145.12893,-37.64781],[145.12703,-37.64858],[145.12284,-37.64938]]}]}