{"t":[{"r":"BOUNDARY ROAD","v":13795,"h":9,"c":[[145.10747,-37.98948],[145.1052,-38.00083]]},{"r":"HUTTON ROAD","v":7209,"h":13,"c":[[145.10431,-38.00729],[145.1359,-38.01112]]},{"r":"HUTTON ROAD","v":9117,"h":13,"c":[[145.1359,-38.01112],[145.10431,-38.00729]]},{"r":"BOUNDARY ROAD","v":16281,"h":9,"c":[[145.1052,-38.00083],[145.10751,-37.98933]]}]}