{"t":[{"r":"NEPEAN HIGHWAY","v":12043,"h":5,"c":[[145.11314,-38.04643],[145.11731,-38.05519],[145.1191,-38.06052],[145.12016,-38.0675]]},{"r":"NEPEAN HIGHWAY","v":10494,"h":2,"c":[[145.12016,-38.0675],[145.1191,-38.06052],[145.11731,-38.05519],[145.11314,-38.04643]]},{"r":"STATION STREET","v":2407,"h":0,"c":[[145.12007,-38.06359],[145.12027,-38.06501]]}]}