{"t":[{"r":"NEPEAN HIGHWAY","v":12537,"h":5,"c":[[145.12215,-38.07474],[145.1245,-38.08479],[145.12551,-38.09195],[145.12594,-38.10175]]},{"r":"NEPEAN HIGHWAY","v":7770,"h":2,"c":[[145.12594,-38.10175],[145.12551,-38.09195],[145.1245,-38.08479],[145.12215,-38.07474]]}]}