{"t":[{"r":"STUMPY GULLY ROAD","v":105,"h":6,"c":[[145.12719,-38.30009],[145.1272,-38.33883]]},{"r":"STUMPY GULLY ROAD","v":97,"h":6,"c":[[145.12719,-38.30009],[145.1272,-38.33883]]}]}