{"t":[{"r":"VENTNOR ROAD","v":302,"h":4,"c":[[145.11904,-38.51673],[145.12139,-38.51552],[145.12277,-38.51268]]},{"r":"VENTNOR ROAD","v":346,"h":5,"c":[[145.12277,-38.51268],[145.12139,-38.51552],[145.11904,-38.51673]]}]}