{"t":[{"r":"VENTNOR ROAD","v":302,"h":4,"c":[[145.12139,-38.51552],[145.12277,-38.51268],[145.12348,-38.51189],[145.12555,-38.51104],[145.13158,-38.50954]]},{"r":"VENTNOR ROAD","v":346,"h":5,"c":[[145.13158,-38.50954],[145.12555,-38.51104],[145.12348,-38.51189],[145.12277,-38.51268],[145.12139,-38.51552]]}]}