{"n":{"rail":[[[144.7861,-37.78131],[144.81485,-37.78432]],[[144.81485,-37.78432],[144.81563,-37.7844]],[[144.8156,-37.78447],[144.81486,-37.78439]],[[144.82399,-37.77674],[144.81243,-37.76153]],[[144.81486,-37.78439],[144.78641,-37.78139]],[[144.81563,-37.7844],[144.82919,-37.78569]],[[144.82417,-37.78521],[144.8156,-37.78447]],[[144.81247,-37.76151],[144.82412,-37.77675]]],"freeway":[[[144.82325,-37.77649],[144.82151,-37.77627]],[[144.79656,-37.77034],[144.79983,-37.77175]],[[144.82041,-37.77601],[144.82044,-37.77587]],[[144.80754,-37.77442],[144.82041,-37.77601]],[[144.80445,-37.774],[144.8044,-37.77417]],[[144.82035,-37.77613],[144.8075,-37.77458]],[[144.82041,-37.77601],[144.82155,-37.77615]],[[144.8075,-37.77458],[144.80382,-37.77402],[144.79984,-37.77198]],[[144.80174,-37.77301],[144.80178,-37.77282]],[[144.80189,-37.77288],[144.80181,-37.77304]],[[144.82155,-37.77615],[144.82327,-37.77636]],[[144.82151,-37.77627],[144.82035,-37.77613]],[[144.79995,-37.77181],[144.80386,-37.77384],[144.80754,-37.77442]],[[144.79984,-37.77198],[144.79761,-37.77092]],[[144.80251,-37.77344],[144.80233,-37.77347]],[[144.80257,-37.77362],[144.80254,-37.77346]],[[144.79919,-37.77145],[144.79989,-37.77158]],[[144.8001,-37.77143],[144.8001,-37.7719]],[[144.79983,-37.77175],[144.79995,-37.77181]]]}}