{"n":{"rail":[[[144.79038,-37.85913],[144.8224,-37.85105]],[[144.82241,-37.85109],[144.7904,-37.85917]],[[144.79036,-37.85908],[144.80837,-37.8545]],[[144.79035,-37.85905],[144.80837,-37.8545]],[[144.80837,-37.8545],[144.82238,-37.85101]],[[144.80768,-37.85463],[144.80649,-37.85483]],[[144.80695,-37.85476],[144.80592,-37.85503]],[[144.80649,-37.85483],[144.80228,-37.8558]],[[144.80139,-37.85608],[144.79171,-37.85838]],[[144.80592,-37.85503],[144.80168,-37.85601]],[[144.80168,-37.85601],[144.80139,-37.85608]],[[144.80204,-37.85585],[144.79173,-37.85831]],[[144.80228,-37.8558],[144.80204,-37.85585]]],"freeway":[[[144.80062,-37.83754],[144.79149,-37.84181]],[[144.79018,-37.84207],[144.80267,-37.83618]]]}}