{"n":{"rail":[[[144.82399,-37.77674],[144.81243,-37.76153]],[[144.81247,-37.76151],[144.82412,-37.77675]],[[144.81243,-37.76153],[144.81158,-37.76042]],[[144.81158,-37.76042],[144.81121,-37.75993]],[[144.81121,-37.75993],[144.80735,-37.75468]],[[144.80735,-37.75468],[144.80227,-37.74798]],[[144.80231,-37.74796],[144.80739,-37.75466]],[[144.80739,-37.75466],[144.81125,-37.75991]],[[144.81125,-37.75991],[144.81163,-37.76043]],[[144.81163,-37.76043],[144.81247,-37.76151]]],"freeway":[[[144.8063,-37.76794],[144.80572,-37.76781]],[[144.80562,-37.76763],[144.80621,-37.76775]],[[144.81593,-37.76658],[144.81368,-37.76767],[144.81137,-37.76822],[144.8063,-37.76794]],[[144.81582,-37.76644],[144.81666,-37.76582]],[[144.81678,-37.76597],[144.81593,-37.76658]],[[144.80621,-37.76775],[144.81121,-37.76808],[144.81356,-37.76753],[144.81582,-37.76644]],[[144.79656,-37.77034],[144.79983,-37.77175]],[[144.79788,-37.76819],[144.80109,-37.76723]],[[144.80042,-37.76752],[144.79815,-37.76846]],[[144.80572,-37.76781],[144.80295,-37.76733],[144.80042,-37.76752]],[[144.81793,-37.76466],[144.82054,-37.76165]],[[144.82054,-37.76165],[144.82083,-37.76112]],[[144.82083,-37.76112],[144.82231,-37.75836]],[[144.82106,-37.76115],[144.82077,-37.76167]],[[144.82077,-37.76167],[144.81818,-37.76474]],[[144.81793,-37.76466],[144.81941,-37.76267]],[[144.82026,-37.76125],[144.82051,-37.76084]],[[144.81957,-37.76119],[144.82051,-37.76084]],[[144.82177,-37.76046],[144.82167,-37.7614]],[[144.82229,-37.76158],[144.82125,-37.76174]],[[144.81967,-37.76222],[144.81988,-37.76138]],[[144.82125,-37.76174],[144.81818,-37.76474]],[[144.80042,-37.76752],[144.79806,-37.7683]],[[144.79773,-37.76806],[144.80109,-37.76723]],[[144.82051,-37.76084],[144.82236,-37.758]],[[144.81941,-37.76267],[144.81967,-37.76222]],[[144.82185,-37.76016],[144.82177,-37.76046]],[[144.82177,-37.76046],[144.82141,-37.76138]],[[144.81967,-37.76222],[144.82021,-37.76142]],[[144.82133,-37.76154],[144.82125,-37.76174]],[[144.82319,-37.75751],[144.82106,-37.76115]],[[144.81666,-37.76582],[144.81793,-37.76466]],[[144.81818,-37.76474],[144.81678,-37.76597]],[[144.80109,-37.76723],[144.80562,-37.76763]]]}}