{"b":[{"h":30,"g":[[145.64931,-37.915347],[145.649423,-37.915364],[145.649448,-37.915259],[145.649335,-37.915243],[145.64931,-37.915347]]}]}