{"b":[{"h":6,"g":[[145.635705,-37.864926],[145.635734,-37.864932],[145.635723,-37.864965],[145.635892,-37.865001],[145.635925,-37.864903],[145.635756,-37.864867],[145.635748,-37.864891],[145.635719,-37.864885],[145.635705,-37.864926]]}]}