{"b":[{"h":6,"g":[[145.641946,-38.186308],[145.642048,-38.186313],[145.642057,-38.186201],[145.641955,-38.186196],[145.641946,-38.186308]]}]}