{"b":[{"h":6,"g":[[145.218363,-37.238312],[145.218623,-37.238397],[145.218662,-37.23832],[145.218402,-37.238236],[145.218363,-37.238312]]}]}