{"b":[{"h":6,"g":[[145.220966,-37.281111],[145.221218,-37.281136],[145.221241,-37.280993],[145.221028,-37.280971],[145.221018,-37.281031],[145.22098,-37.281028],[145.220966,-37.281111]]}]}