{"b":[{"h":6,"g":[[145.219545,-37.669664],[145.219554,-37.669665],[145.219545,-37.669712],[145.219575,-37.669716],[145.219564,-37.669771],[145.219586,-37.669774],[145.21958,-37.669802],[145.219673,-37.669813],[145.219691,-37.669723],[145.219749,-37.66973],[145.219742,-37.669765],[145.21989,-37.669783],[145.219911,-37.669671],[145.219932,-37.669673],[145.21994,-37.669626],[145.219716,-37.6696],[145.219724,-37.669553],[145.219607,-37.669539],[145.219599,-37.669581],[145.21957,-37.669578],[145.21956,-37.669631],[145.219551,-37.66963],[145.219545,-37.669664]]}]}