{"b":[{"h":6,"g":[[145.228232,-37.658298],[145.228252,-37.658315],[145.228282,-37.658315],[145.228316,-37.658292],[145.228331,-37.658304],[145.228412,-37.658244],[145.228445,-37.658274],[145.228467,-37.658274],[145.228539,-37.658221],[145.228593,-37.658223],[145.228623,-37.6582],[145.228624,-37.658159],[145.228668,-37.658127],[145.22867,-37.658111],[145.228582,-37.658036],[145.228521,-37.65808],[145.22849,-37.658078],[145.22846,-37.658101],[145.228458,-37.658125],[145.228432,-37.658142],[145.228402,-37.658142],[145.228373,-37.658165],[145.228373,-37.658194],[145.228384,-37.658203],[145.228369,-37.658214],[145.228346,-37.658193],[145.228234,-37.658274],[145.228232,-37.658298]]}]}