{"b":[{"h":6,"g":[[145.219483,-38.519025],[145.219591,-38.519025],[145.219591,-38.518947],[145.219483,-38.518947],[145.219483,-38.519025]]},{"h":6,"g":[[145.219622,-38.518944],[145.219882,-38.518948],[145.219884,-38.518872],[145.219927,-38.518872],[145.219929,-38.518813],[145.219844,-38.518811],[145.219844,-38.518833],[145.219625,-38.51883],[145.219622,-38.518944]]}]}