{"t":[{"r":"KILMORE ROAD","v":2020,"h":7,"c":[[144.69678,-37.44688],[144.71681,-37.43097]]},{"r":"MAIN ROAD","v":2302,"h":7,"c":[[144.67442,-37.46469],[144.69678,-37.44688]]},{"r":"KILMORE ROAD","v":2192,"h":8,"c":[[144.69678,-37.44688],[144.67442,-37.46469]]},{"r":"KILMORE ROAD","v":1858,"h":9,"c":[[144.71681,-37.43097],[144.69678,-37.44688]]}]}