{"t":[{"r":"KILMORE ROAD","v":2020,"h":7,"c":[[144.69678,-37.44688],[144.71681,-37.43097]]},{"r":"KILMORE ROAD","v":1858,"h":9,"c":[[144.71681,-37.43097],[144.69678,-37.44688]]}]}