{"t":[{"r":"HOLDEN ROAD","v":135,"h":6,"c":[[144.68443,-37.65617],[144.70273,-37.65835]]},{"r":"PLUMPTON ROAD","v":250,"h":6,"c":[[144.70538,-37.64383],[144.70272,-37.65835]]},{"r":"PLUMPTON ROAD","v":135,"h":6,"c":[[144.70538,-37.64383],[144.70272,-37.65835]]},{"r":"HOLDEN ROAD","v":250,"h":6,"c":[[144.68443,-37.65617],[144.70273,-37.65835]]}]}