{"t":[{"r":"PLUMPTON ROAD","v":250,"h":6,"c":[[144.70866,-37.62906],[144.70538,-37.64383],[144.70272,-37.65835]]},{"r":"PLUMPTON ROAD","v":135,"h":6,"c":[[144.70866,-37.62906],[144.70538,-37.64383],[144.70272,-37.65835]]}]}