{"t":[{"r":"TAYLORS ROAD","v":3677,"h":0,"c":[[144.69246,-37.71659],[144.7245,-37.7204]]},{"r":"TAYLORS ROAD","v":3914,"h":0,"c":[[144.69246,-37.71659],[144.7245,-37.7204]]}]}