{"t":[{"r":"HOPKINS ROAD","v":8072,"h":8,"c":[[144.70374,-37.75321],[144.69594,-37.80502]]},{"r":"DERRIMUT ROAD","v":8522,"h":7,"c":[[144.69594,-37.80502],[144.70374,-37.75321]]}]}