{"t":[{"r":"BEACH ROAD","v":3717,"h":6,"c":[[144.68577,-37.97081],[144.69062,-37.97424],[144.69174,-37.97432],[144.69907,-37.97299],[144.69966,-37.97193],[144.70124,-37.97155],[144.7037,-37.96975]]},{"r":"DUNCANS ROAD","v":1508,"h":8,"c":[[144.70903,-37.94005],[144.70371,-37.96974]]},{"r":"DUNCANS ROAD","v":1252,"h":9,"c":[[144.70371,-37.96974],[144.70903,-37.94005]]},{"r":"BEACH ROAD","v":3717,"h":6,"c":[[144.68577,-37.97081],[144.69062,-37.97424],[144.69174,-37.97432],[144.69907,-37.97299],[144.69966,-37.97193],[144.70124,-37.97155],[144.7037,-37.96975]]}]}