{"t":[{"r":"DIGGERS ROAD","v":3717,"h":6,"c":[[144.69262,-37.9258],[144.68918,-37.94471]]},{"r":"DUNCANS ROAD","v":1508,"h":8,"c":[[144.70903,-37.94005],[144.70371,-37.96974]]},{"r":"DUNCANS ROAD","v":1252,"h":9,"c":[[144.70371,-37.96974],[144.70903,-37.94005]]},{"r":"DIGGERS ROAD","v":3717,"h":6,"c":[[144.69262,-37.9258],[144.68918,-37.94471]]}]}