{"t":[{"r":"HOOD ROAD","v":1216,"h":8,"c":[[144.68967,-38.12537],[144.69113,-38.1261],[144.69387,-38.12896],[144.69472,-38.12948],[144.70531,-38.13089],[144.70652,-38.13143],[144.70752,-38.13339],[144.70987,-38.13612]]},{"r":"THE ESPLANADE","v":1248,"h":8,"c":[[144.70987,-38.13612],[144.70752,-38.13339],[144.70652,-38.13143],[144.70531,-38.13089],[144.69472,-38.12948],[144.69387,-38.12896],[144.69113,-38.1261],[144.68967,-38.12537]]}]}