{"t":[{"r":"MURRADOC ROAD","v":1553,"h":6,"c":[[144.7004,-38.17804],[144.71841,-38.17084]]},{"r":"MURRADOC ROAD","v":2479,"h":7,"c":[[144.6814,-38.18568],[144.7004,-38.17804]]},{"r":"MURRADOC ROAD","v":2598,"h":10,"c":[[144.7004,-38.17804],[144.6814,-38.18568]]},{"r":"MURRADOC ROAD","v":1411,"h":8,"c":[[144.71841,-38.17084],[144.7004,-38.17804]]}]}