{"t":[{"r":"HOOD ROAD","v":1216,"h":8,"c":[[144.70752,-38.13339],[144.70987,-38.13612],[144.71294,-38.14216]]},{"r":"THE ESPLANADE","v":1248,"h":8,"c":[[144.71294,-38.14216],[144.70987,-38.13612],[144.70752,-38.13339]]}]}