{"t":[{"r":"DEFENCE ROAD","v":2706,"h":10,"c":[[144.7041,-38.31887],[144.71207,-38.31989]]},{"r":"DEFENCE ROAD","v":2840,"h":11,"c":[[144.71207,-38.31989],[144.7041,-38.31887]]},{"r":"BACK BEACH ROAD","v":3717,"h":6,"c":[[144.71207,-38.31989],[144.71057,-38.32713]]},{"r":"BACK BEACH ROAD","v":3717,"h":6,"c":[[144.71207,-38.31989],[144.71057,-38.32713]]}]}