{"t":[{"r":"TRENTHAM FALLS ROAD","v":1524,"h":7,"c":[[144.18028,-37.3461],[144.18362,-37.35378],[144.1845,-37.35505],[144.18643,-37.35667]]},{"r":"TRENTHAM FALLS ROAD","v":1510,"h":7,"c":[[144.18644,-37.35669],[144.18453,-37.35508],[144.18363,-37.3538],[144.1803,-37.34616]]}]}