{"t":[{"r":"TRENTHAM FALLS ROAD","v":1524,"h":7,"c":[[144.15596,-37.34104],[144.17646,-37.34355],[144.17799,-37.34403],[144.17942,-37.34503],[144.18028,-37.3461],[144.18362,-37.35378]]},{"r":"TRENTHAM FALLS ROAD","v":1510,"h":7,"c":[[144.18363,-37.3538],[144.1803,-37.34616],[144.17942,-37.34503],[144.17799,-37.34403],[144.17646,-37.34355],[144.15596,-37.34104]]}]}