{"n":{"rail":[[[144.44753,-37.69055],[144.44961,-37.69245],[144.45046,-37.69412],[144.45158,-37.69811],[144.45402,-37.70045]],[[144.45402,-37.70045],[144.45707,-37.70242]]],"freeway":[[[144.46929,-37.68134],[144.47433,-37.684]]]}}