{"n":{"rail":[[[144.45985,-37.98767],[144.4184,-38.01816]],[[144.4791,-37.97377],[144.41854,-38.01819]],[[144.47665,-37.97562],[144.41913,-38.01779]]],"freeway":[[[144.46495,-38.01141],[144.46608,-38.01215]],[[144.46384,-38.01466],[144.46504,-38.01307]],[[144.47366,-38.01075],[144.46959,-38.013],[144.46847,-38.0144]],[[144.46518,-38.01248],[144.46495,-38.01141]],[[144.46608,-38.01215],[144.46803,-38.01258],[144.47046,-38.01195]],[[144.46078,-38.01641],[144.47046,-38.01195]],[[144.46518,-38.01248],[144.46553,-38.0122]],[[144.47366,-38.01075],[144.46253,-38.01588]],[[144.46553,-38.0122],[144.46608,-38.01215]],[[144.46504,-38.01307],[144.46518,-38.01248]]]}}