{"n":{"rail":[[[145.3138,-37.89308],[145.31424,-37.89327]],[[145.31424,-37.89327],[145.31649,-37.89544],[145.32363,-37.89951],[145.3294,-37.90224]],[[145.30829,-37.8928],[145.30483,-37.89196]],[[145.31001,-37.89295],[145.3138,-37.89308]],[[145.30602,-37.89241],[145.30958,-37.89293]],[[145.30887,-37.89292],[145.30634,-37.89256]],[[145.30814,-37.89262],[145.31083,-37.89282]],[[145.30866,-37.89265],[145.31083,-37.89285]],[[145.30911,-37.89268],[145.30657,-37.89228]],[[145.30906,-37.89293],[145.31132,-37.89306]],[[145.30483,-37.89196],[145.30801,-37.89259]],[[145.30657,-37.89232],[145.30862,-37.89262]],[[145.30801,-37.89259],[145.31001,-37.89295]],[[145.31001,-37.89295],[145.30829,-37.8928]]],"freeway":[[[145.31069,-37.89338],[145.31295,-37.89329]],[[145.30608,-37.89293],[145.30904,-37.89335]],[[145.30463,-37.8923],[145.30566,-37.89298]],[[145.30566,-37.89298],[145.30716,-37.89322]],[[145.30924,-37.89347],[145.30902,-37.89347]],[[145.31534,-37.89278],[145.31478,-37.89297]],[[145.30934,-37.89335],[145.31069,-37.89338]],[[145.3107,-37.8935],[145.30924,-37.89347]],[[145.3129,-37.89341],[145.3107,-37.8935]],[[145.31295,-37.89329],[145.31535,-37.89259]],[[145.31309,-37.8934],[145.3129,-37.89341]],[[145.314,-37.89323],[145.31309,-37.8934]],[[145.31478,-37.89297],[145.314,-37.89323]],[[145.30558,-37.89273],[145.30608,-37.89293]],[[145.30612,-37.89315],[145.30566,-37.89298]],[[145.30902,-37.89347],[145.30612,-37.89315]],[[145.30904,-37.89335],[145.30925,-37.89335]],[[145.31295,-37.89329],[145.31295,-37.89329]],[[145.30925,-37.89335],[145.30934,-37.89335]],[[145.30463,-37.8923],[145.30558,-37.89273]],[[145.30566,-37.89298],[145.30441,-37.8924]]]}}