{"n":{"rail":[[[145.30658,-38.02896],[145.31036,-38.0307],[145.32034,-38.03304]],[[145.32405,-38.03393],[145.31023,-38.03072],[145.30657,-38.02902]],[[145.30057,-38.02582],[145.30658,-38.02896]],[[145.30657,-38.02902],[145.30054,-38.02587]]],"freeway":[[[145.32096,-38.02807],[145.32124,-38.02835]],[[145.32095,-38.02831],[145.32069,-38.02804]],[[145.32191,-38.02833],[145.32158,-38.02829]],[[145.3214,-38.02827],[145.32059,-38.02817]],[[145.30815,-38.02673],[145.30746,-38.02658]],[[145.32115,-38.028],[145.32186,-38.02808]],[[145.32209,-38.02859],[145.32431,-38.03141]],[[145.3226,-38.02841],[145.32209,-38.02859]],[[145.32164,-38.02765],[145.32186,-38.02808]],[[145.31967,-38.02755],[145.31803,-38.02578]],[[145.32164,-38.02765],[145.32232,-38.02814]],[[145.32036,-38.02865],[145.32003,-38.0281]],[[145.32045,-38.02872],[145.31947,-38.02804]],[[145.31313,-38.02143],[145.31288,-38.02123]],[[145.31302,-38.02113],[145.31325,-38.02131]],[[145.31325,-38.02131],[145.32073,-38.02783]],[[145.31288,-38.02123],[145.30506,-38.01476]],[[145.30874,-38.01702],[145.30923,-38.01738]],[[145.30991,-38.01913],[145.30846,-38.01845]],[[145.30786,-38.01773],[145.30676,-38.01647]],[[145.30813,-38.01963],[145.30786,-38.01773]],[[145.30785,-38.01641],[145.30863,-38.01658]],[[145.30087,-38.02202],[145.3053,-38.02523]],[[145.30783,-38.02646],[145.3127,-38.02708]],[[145.30495,-38.01439],[145.30526,-38.01467]],[[145.30531,-38.01463],[145.30663,-38.01556]],[[145.30526,-38.01467],[145.31302,-38.02113]],[[145.30923,-38.01738],[145.31046,-38.01882]],[[145.32158,-38.02829],[145.3214,-38.02827]],[[145.30667,-38.02607],[145.30688,-38.02616]],[[145.30606,-38.02574],[145.30667,-38.02607]],[[145.30991,-38.01913],[145.30852,-38.01813]],[[145.32434,-38.03189],[145.32095,-38.02831]],[[145.32033,-38.0279],[145.32115,-38.028]],[[145.30548,-38.02535],[145.30606,-38.02574]],[[145.30682,-38.02637],[145.30661,-38.02628]],[[145.30746,-38.02658],[145.30682,-38.02637]],[[145.30583,-38.02586],[145.30546,-38.02559]],[[145.30546,-38.02559],[145.30512,-38.02534]],[[145.30785,-38.01641],[145.30856,-38.01695]],[[145.31931,-38.02778],[145.31974,-38.02783]],[[145.31931,-38.02778],[145.31967,-38.02755]],[[145.30663,-38.01556],[145.30671,-38.01562]],[[145.30671,-38.01562],[145.30785,-38.01641]],[[145.31046,-38.01882],[145.31217,-38.02044]],[[145.30899,-38.01575],[145.30923,-38.01738]],[[145.30676,-38.01647],[145.30547,-38.01513]],[[145.30834,-38.01805],[145.30786,-38.01773]],[[145.31222,-38.02071],[145.30991,-38.01913]],[[145.32434,-38.03189],[145.32264,-38.03036]],[[145.32264,-38.03036],[145.32045,-38.02872]],[[145.31802,-38.02524],[145.31956,-38.02642]],[[145.32073,-38.02783],[145.32096,-38.02807]],[[145.31803,-38.02578],[145.31635,-38.0241]],[[145.32124,-38.02835],[145.32608,-38.03345]],[[145.32045,-38.0278],[145.31313,-38.02143]],[[145.31956,-38.02642],[145.32164,-38.02765]],[[145.31992,-38.02785],[145.31967,-38.02755]],[[145.31702,-38.02756],[145.31713,-38.02757]],[[145.31688,-38.02755],[145.31702,-38.02756]],[[145.30498,-38.01437],[145.30531,-38.01463]],[[145.30661,-38.02628],[145.3064,-38.02618]],[[145.31678,-38.02775],[145.30815,-38.02673]],[[145.3053,-38.02523],[145.30548,-38.02535]],[[145.3064,-38.02618],[145.30583,-38.02586]],[[145.30715,-38.02626],[145.30783,-38.02646]],[[145.30688,-38.02616],[145.30715,-38.02626]],[[145.32003,-38.0281],[145.31992,-38.02785]],[[145.31992,-38.02785],[145.32033,-38.0279]],[[145.31713,-38.02757],[145.31727,-38.02758]],[[145.31727,-38.02758],[145.3179,-38.02764]],[[145.32059,-38.02817],[145.32003,-38.0281]],[[145.32003,-38.0281],[145.31947,-38.02804]],[[145.3127,-38.02708],[145.31264,-38.02725]],[[145.3127,-38.02708],[145.31648,-38.02751]],[[145.3179,-38.02764],[145.31931,-38.02778]],[[145.32186,-38.02808],[145.32191,-38.02833]],[[145.32191,-38.02833],[145.32209,-38.02859]],[[145.32069,-38.02804],[145.32045,-38.0278]],[[145.31648,-38.02751],[145.31688,-38.02755]],[[145.31848,-38.02795],[145.31678,-38.02775]],[[145.31974,-38.02783],[145.31992,-38.02785]],[[145.31264,-38.02725],[145.31261,-38.02706]],[[145.31032,-38.02697],[145.3103,-38.0268]],[[145.31043,-38.02682],[145.31032,-38.02697]],[[145.31947,-38.02804],[145.31848,-38.02795]]]}}