{"n":{"rail":[[[145.31036,-38.0307],[145.32034,-38.03304],[145.32688,-38.03442],[145.33862,-38.03563]],[[145.33862,-38.03566],[145.32405,-38.03393],[145.31023,-38.03072]]],"freeway":[[[145.32679,-38.03448],[145.32637,-38.03403]],[[145.32637,-38.03403],[145.32434,-38.03189]],[[145.32671,-38.03412],[145.32712,-38.03457]],[[145.32209,-38.02859],[145.32431,-38.03141]],[[145.32434,-38.03189],[145.32095,-38.02831]],[[145.32434,-38.03189],[145.32264,-38.03036]],[[145.32431,-38.03141],[145.32608,-38.03345]],[[145.32124,-38.02835],[145.32608,-38.03345]],[[145.33174,-38.03969],[145.32679,-38.03448]],[[145.32712,-38.03457],[145.32868,-38.03623]],[[145.32608,-38.03345],[145.32671,-38.03412]]]}}