{"b":[{"h":6,"g":[[145.185077,-37.264623],[145.185162,-37.264628],[145.18517,-37.264551],[145.185085,-37.264546],[145.185077,-37.264623]]},{"h":6,"g":[[145.185062,-37.265129],[145.185096,-37.265172],[145.185148,-37.265147],[145.185115,-37.265103],[145.185062,-37.265129]]},{"h":6,"g":[[145.185033,-37.265051],[145.185057,-37.265107],[145.185244,-37.265056],[145.185219,-37.265],[145.185033,-37.265051]]}]}