{"b":[{"h":6,"g":[[145.195106,-38.461477],[145.195185,-38.461531],[145.195197,-38.46152],[145.195263,-38.461565],[145.195346,-38.461491],[145.195202,-38.461391],[145.195106,-38.461477]]},{"h":6,"g":[[145.195185,-38.461334],[145.195382,-38.461403],[145.195424,-38.46133],[145.195227,-38.461261],[145.195185,-38.461334]]},{"h":6,"g":[[145.195152,-38.460758],[145.1952,-38.460831],[145.195379,-38.46076],[145.195331,-38.460687],[145.195152,-38.460758]]}]}