{"b":[{"h":6,"g":[[145.175747,-38.484779],[145.176059,-38.484985],[145.176162,-38.48489],[145.17585,-38.484683],[145.175747,-38.484779]]}]}