{"t":[{"r":"MAROONDAH HIGHWAY","v":1046,"h":12,"c":[[145.55911,-37.64822],[145.56206,-37.64968],[145.56337,-37.64989],[145.56467,-37.64946],[145.56667,-37.6471]]},{"r":"MAROONDAH HIGHWAY","v":1052,"h":15,"c":[[145.56667,-37.6471],[145.56467,-37.64946],[145.56337,-37.64989],[145.56206,-37.64968],[145.55911,-37.64822]]}]}