{"t":[{"r":"MAROONDAH HIGHWAY","v":1046,"h":12,"c":[[145.5451,-37.64826],[145.54953,-37.64736],[145.5517,-37.64754],[145.5532,-37.64668],[145.55681,-37.64629],[145.55809,-37.64678],[145.55911,-37.64822],[145.56206,-37.64968]]},{"r":"MAROONDAH HIGHWAY","v":1046,"h":12,"c":[[145.56467,-37.64946],[145.56667,-37.6471],[145.56863,-37.64671],[145.57195,-37.64416]]},{"r":"MAROONDAH HIGHWAY","v":1052,"h":15,"c":[[145.57195,-37.64416],[145.56863,-37.64671],[145.56667,-37.6471],[145.56467,-37.64946]]},{"r":"MAROONDAH HIGHWAY","v":1052,"h":15,"c":[[145.56206,-37.64968],[145.55911,-37.64822],[145.55809,-37.64678],[145.55695,-37.64629],[145.5532,-37.64668],[145.5517,-37.64754],[145.54953,-37.64736],[145.5451,-37.64826]]}]}