{"t":[{"r":"DON ROAD","v":796,"h":6,"c":[[145.56642,-37.69971],[145.56929,-37.70126]]},{"r":"DONNA BUANG ROAD","v":830,"h":9,"c":[[145.56944,-37.70128],[145.56642,-37.69971]]}]}