{"t":[{"r":"DALRY ROAD","v":3717,"h":6,"c":[[145.5458,-37.75386],[145.5485,-37.75562],[145.55894,-37.75723],[145.56159,-37.75816],[145.56581,-37.75829],[145.56847,-37.75803],[145.57182,-37.75843]]}]}