{"t":[{"r":"WARBURTON HIGHWAY","v":6626,"h":6,"c":[[145.54227,-37.78307],[145.548,-37.78747],[145.54972,-37.78805],[145.55144,-37.78801]]},{"r":"WARBURTON HIGHWAY","v":6849,"h":6,"c":[[145.55144,-37.78801],[145.54972,-37.78805],[145.548,-37.78747],[145.54227,-37.78307]]}]}