{"t":[{"r":"PRINCES HIGHWAY","v":2752,"h":9,"c":[[145.53837,-38.06496],[145.55943,-38.06766]]},{"r":"PRINCES HIGHWAY","v":2497,"h":9,"c":[[145.55943,-38.06802],[145.53655,-38.06517]]}]}