{"t":[{"r":"GEMBROOK ROAD","v":7389,"h":9,"c":[[145.54701,-37.96037],[145.54758,-37.96819],[145.54685,-37.97145]]},{"r":"GEMBROOK ROAD","v":7389,"h":9,"c":[[145.54685,-37.97145],[145.54757,-37.96832],[145.547,-37.96056]]}]}