{"t":[{"r":"DORE ROAD","v":3717,"h":6,"c":[[145.54503,-38.02684],[145.548,-38.0248],[145.54799,-38.02281],[145.54837,-38.02215],[145.54913,-38.02173],[145.55266,-38.0213],[145.55375,-38.02025]]},{"r":"DORE ROAD","v":3717,"h":6,"c":[[145.54503,-38.02684],[145.548,-38.0248],[145.54799,-38.02281],[145.54837,-38.02215],[145.54913,-38.02173],[145.55266,-38.0213],[145.55375,-38.02025]]}]}