{"t":[{"r":"BESSIE CREEK ROAD","v":3717,"h":6,"c":[[145.54614,-38.00273],[145.5496,-38.00553],[145.55158,-38.00626],[145.555,-38.0067],[145.55623,-38.00784]]},{"r":"BESSIE CREEK ROAD","v":3717,"h":6,"c":[[145.54614,-38.00273],[145.5496,-38.00553],[145.55158,-38.00626],[145.555,-38.0067],[145.55623,-38.00784]]}]}