{"t":[{"r":"SOUTH GIPPSLAND HIGHWAY","v":9303,"h":11,"c":[[145.53923,-38.24715],[145.54914,-38.2552],[145.55036,-38.25712]]},{"r":"SOUTH GIPPSLAND HIGHWAY","v":9828,"h":9,"c":[[145.54901,-38.2558],[145.54738,-38.25412],[145.53873,-38.24714]]}]}