{"t":[{"r":"BALLARTO ROAD","v":1735,"h":9,"c":[[145.53617,-38.16266],[145.5705,-38.17777]]},{"r":"BALLARTO ROAD","v":1654,"h":12,"c":[[145.5705,-38.17777],[145.53617,-38.16266]]}]}