{"t":[{"r":"KOO WEE RUP-LONGWARRY ROAD","v":959,"h":12,"c":[[145.54571,-38.18524],[145.56406,-38.17925],[145.56664,-38.17785],[145.57106,-38.17778]]},{"r":"BALLARTO ROAD","v":1735,"h":9,"c":[[145.53617,-38.16266],[145.5705,-38.17777]]},{"r":"BALLARTO ROAD","v":1654,"h":12,"c":[[145.5705,-38.17777],[145.53617,-38.16266]]},{"r":"ROSSITER ROAD","v":876,"h":12,"c":[[145.57106,-38.17778],[145.56664,-38.17785],[145.56406,-38.17925],[145.54571,-38.18524]]}]}