{"t":[{"r":"BASS HIGHWAY","v":6708,"h":10,"c":[[145.54138,-38.32231],[145.54853,-38.32959],[145.55367,-38.33297],[145.55739,-38.33793],[145.55786,-38.33992],[145.55905,-38.35072]]},{"r":"BASS HIGHWAY","v":5535,"h":10,"c":[[145.55851,-38.35045],[145.55738,-38.33991],[145.55698,-38.3384],[145.55386,-38.33394],[145.54864,-38.33027],[145.54115,-38.32268]]}]}