{"t":[{"r":"SOUTH GIPPSLAND HIGHWAY","v":8762,"h":21,"c":[[145.54803,-38.27185],[145.54653,-38.28014],[145.547,-38.28307],[145.54696,-38.28522]]},{"r":"SOUTH GIPPSLAND HIGHWAY","v":8029,"h":18,"c":[[145.54591,-38.28012],[145.54762,-38.27185]]}]}