{"t":[{"r":"BASS HIGHWAY","v":6708,"h":10,"c":[[145.56244,-38.37304],[145.55725,-38.37817],[145.5405,-38.39297]]},{"r":"BASS HIGHWAY","v":5535,"h":10,"c":[[145.54014,-38.39313],[145.55878,-38.37652],[145.56211,-38.37312]]}]}