{"t":[{"r":"BASS HIGHWAY","v":6708,"h":10,"c":[[145.55786,-38.33992],[145.55905,-38.35072],[145.56403,-38.36821]]},{"r":"BASS HIGHWAY","v":5535,"h":10,"c":[[145.56351,-38.36794],[145.55851,-38.35045],[145.55738,-38.33991]]}]}