{"t":[{"r":"BASS HIGHWAY","v":6708,"h":10,"c":[[145.55905,-38.35072],[145.56403,-38.36821],[145.5637,-38.37097],[145.56244,-38.37304],[145.55725,-38.37817]]},{"r":"BASS HIGHWAY","v":5535,"h":10,"c":[[145.55878,-38.37652],[145.56211,-38.37312],[145.56346,-38.3707],[145.56351,-38.36794],[145.55851,-38.35045]]}]}