{"t":[{"r":"SOUTH GIPPSLAND HIGHWAY","v":3689,"h":23,"c":[[145.57029,-38.30506],[145.56579,-38.30352],[145.56413,-38.30264],[145.55879,-38.29659],[145.55535,-38.29438],[145.5523,-38.2932],[145.54732,-38.29241],[145.54551,-38.29139]]},{"r":"SOUTH GIPPSLAND HIGHWAY","v":3758,"h":24,"c":[[145.5462,-38.29088],[145.54718,-38.29206],[145.5487,-38.29264],[145.55363,-38.2936],[145.55706,-38.29539],[145.55939,-38.29717],[145.56413,-38.30264],[145.56579,-38.30352],[145.57029,-38.30506]]}]}