{"t":[{"r":"WHITE ROAD","v":5194,"h":9,"c":[[145.55906,-38.56543],[145.55641,-38.56461],[145.54668,-38.56339]]},{"r":"BASS HIGHWAY","v":5348,"h":13,"c":[[145.54668,-38.56339],[145.55641,-38.56461],[145.55906,-38.56543]]}]}