{"b":[{"h":6,"g":[[145.534906,-37.655165],[145.53493,-37.655165],[145.534928,-37.655299],[145.534978,-37.655302],[145.534979,-37.655326],[145.535097,-37.655331],[145.535092,-37.655106],[145.53491,-37.655106],[145.534906,-37.655165]]},{"h":6,"g":[[145.535416,-37.655149],[145.535424,-37.655314],[145.535572,-37.655309],[145.535572,-37.655162],[145.535593,-37.655163],[145.535594,-37.655101],[145.535509,-37.655101],[145.535507,-37.655148],[145.535416,-37.655149]]}]}