{"b":[{"h":6,"g":[[145.525568,-37.849526],[145.525707,-37.849609],[145.525761,-37.849552],[145.525621,-37.849469],[145.525568,-37.849526]]},{"h":6,"g":[[145.52631,-37.849608],[145.526384,-37.849636],[145.526412,-37.849588],[145.526337,-37.849561],[145.52631,-37.849608]]},{"h":6,"g":[[145.526377,-37.849649],[145.526439,-37.849671],[145.526416,-37.849711],[145.526634,-37.849791],[145.526695,-37.849686],[145.526415,-37.849583],[145.526412,-37.849588],[145.526384,-37.849636],[145.526377,-37.849649]]}]}