{"b":[{"h":6,"g":[[145.546801,-37.919896],[145.546919,-37.9199],[145.546939,-37.919581],[145.546822,-37.919576],[145.546801,-37.919896]]}]}