{"b":[{"h":6,"g":[[145.535347,-37.760149],[145.535654,-37.760166],[145.535676,-37.759908],[145.535369,-37.759892],[145.535347,-37.760149]]},{"h":6,"g":[[145.534515,-37.760339],[145.534577,-37.760434],[145.534653,-37.760404],[145.534686,-37.760455],[145.534772,-37.760419],[145.534732,-37.760357],[145.53479,-37.760333],[145.534735,-37.760248],[145.534694,-37.760265],[145.534656,-37.760206],[145.534544,-37.760251],[145.534583,-37.760311],[145.534515,-37.760339]]}]}