{"b":[{"h":6,"g":[[145.525503,-37.875118],[145.52562,-37.875132],[145.525643,-37.875013],[145.525682,-37.875018],[145.525709,-37.874885],[145.525527,-37.874863],[145.525518,-37.874911],[145.525543,-37.874914],[145.525503,-37.875118]]},{"h":6,"g":[[145.526117,-37.875216],[145.52623,-37.875229],[145.526262,-37.875044],[145.52615,-37.875032],[145.526117,-37.875216]]},{"h":6,"g":[[145.526911,-37.87511],[145.526925,-37.875332],[145.527079,-37.875326],[145.527066,-37.875104],[145.526911,-37.87511]]}]}