{"b":[{"h":6,"g":[[145.546077,-38.270564],[145.546304,-38.270577],[145.546307,-38.270541],[145.546394,-38.270546],[145.546408,-38.27039],[145.546095,-38.270372],[145.546077,-38.270564]]},{"h":6,"g":[[145.545745,-38.270791],[145.545879,-38.270813],[145.54594,-38.270585],[145.545805,-38.270563],[145.545745,-38.270791]]}]}