{"b":[{"h":6,"g":[[145.541565,-38.390812],[145.541641,-38.390845],[145.541753,-38.390727],[145.541861,-38.390719],[145.541973,-38.390593],[145.542129,-38.390547],[145.542097,-38.390471],[145.541882,-38.390534],[145.54178,-38.39061],[145.541689,-38.390669],[145.541565,-38.390812]]},{"h":6,"g":[[145.543453,-38.38728],[145.543554,-38.387348],[145.543889,-38.387044],[145.543787,-38.386975],[145.543453,-38.38728]]}]}