{"b":[{"h":6,"g":[[145.540372,-38.322822],[145.540473,-38.32285],[145.540585,-38.322607],[145.540484,-38.322578],[145.540372,-38.322822]]},{"h":6,"g":[[145.540265,-38.322389],[145.540272,-38.322537],[145.54041,-38.322533],[145.540403,-38.322384],[145.540265,-38.322389]]}]}