{"t":[{"r":"CRAIGIEBURN ROAD","v":16519,"h":4,"c":[[144.90885,-37.59347],[144.91769,-37.59637],[144.94173,-37.59898]]},{"r":"CRAIGIEBURN ROAD","v":9416,"h":6,"c":[[144.94173,-37.59898],[144.91769,-37.59637],[144.90885,-37.59347]]}]}