{"t":[{"r":"MORNINGTON PENINSULA FREEWAY","v":12609,"h":7,"c":[[144.93228,-38.35275],[144.92215,-38.35935],[144.91598,-38.3657],[144.91372,-38.36758],[144.91166,-38.36894],[144.90863,-38.37029]]},{"r":"MORNINGTON PENINSULA FREEWAY","v":12755,"h":7,"c":[[144.90869,-38.36926],[144.91228,-38.36795],[144.91401,-38.36694],[144.91607,-38.36524],[144.92181,-38.35927],[144.93057,-38.35351]]}]}