{"t":[{"r":"BROWNS ROAD","v":2183,"h":6,"c":[[144.8882,-38.3981],[144.912,-38.3987],[144.91508,-38.39763],[144.91666,-38.39762],[144.91919,-38.3983],[144.92158,-38.39713],[144.92214,-38.39655]]},{"r":"BROWNS ROAD","v":1082,"h":6,"c":[[144.92214,-38.39655],[144.92926,-38.39673],[144.93258,-38.39794]]},{"r":"BROWNS ROAD","v":999,"h":6,"c":[[144.92214,-38.39655],[144.92926,-38.39673],[144.93258,-38.39794]]},{"r":"BROWNS ROAD","v":2065,"h":6,"c":[[144.8882,-38.3981],[144.912,-38.3987],[144.91508,-38.39763],[144.91666,-38.39762],[144.91919,-38.3983],[144.92158,-38.39713],[144.92214,-38.39655]]}]}