{"t":[{"r":"BONEO ROAD","v":336,"h":7,"c":[[144.90422,-38.45978],[144.91269,-38.46524],[144.91571,-38.46647],[144.91999,-38.46884],[144.9235,-38.47015],[144.92636,-38.47252],[144.92886,-38.47396],[144.92976,-38.47506],[144.93234,-38.47711]]},{"r":"BONEO ROAD","v":340,"h":6,"c":[[144.93234,-38.47711],[144.92976,-38.47506],[144.92886,-38.47396],[144.92645,-38.47259],[144.9235,-38.47015],[144.91999,-38.46884],[144.91571,-38.46647],[144.91269,-38.46524],[144.90422,-38.45978]]}]}