{"t":[{"r":"BONEO ROAD","v":336,"h":7,"c":[[144.90422,-38.45978],[144.91269,-38.46524]]},{"r":"BONEO ROAD","v":340,"h":6,"c":[[144.91269,-38.46524],[144.90422,-38.45978]]}]}