{"b":[{"h":6,"g":[[145.37118,-37.646914],[145.371272,-37.64698],[145.371243,-37.647007],[145.371292,-37.647041],[145.37145,-37.646895],[145.371387,-37.646851],[145.371323,-37.646909],[145.371247,-37.646855],[145.37118,-37.646914]]},{"h":6,"g":[[145.37596,-37.646052],[145.37623,-37.646246],[145.376312,-37.646175],[145.376243,-37.646125],[145.376271,-37.646101],[145.376216,-37.646061],[145.376259,-37.646024],[145.376202,-37.645983],[145.376103,-37.646069],[145.376014,-37.646005],[145.37596,-37.646052]]},{"h":6,"g":[[145.382614,-37.639437],[145.382627,-37.639458],[145.382615,-37.639463],[145.382668,-37.639545],[145.382797,-37.639493],[145.38273,-37.63939],[145.382614,-37.639437]]},{"h":6,"g":[[145.382466,-37.639928],[145.382558,-37.639938],[145.382579,-37.639806],[145.382487,-37.639796],[145.382466,-37.639928]]}]}