{"b":[{"h":6,"g":[[145.38929,-37.738675],[145.389327,-37.738728],[145.389342,-37.738931],[145.389411,-37.738925],[145.389412,-37.738947],[145.389478,-37.738942],[145.389478,-37.738981],[145.389557,-37.73898],[145.389552,-37.738926],[145.389539,-37.738927],[145.3895,-37.738709],[145.389434,-37.738715],[145.389386,-37.738637],[145.38929,-37.738675]]},{"h":6,"g":[[145.385073,-37.741523],[145.393776,-37.74322],[145.394538,-37.739028],[145.392362,-37.738773],[145.39274,-37.736884],[145.389224,-37.736478],[145.388702,-37.736417],[145.388333,-37.738215],[145.387448,-37.73811],[145.387549,-37.737595],[145.385833,-37.737378],[145.385073,-37.741523]]},{"h":6,"g":[[145.392895,-37.738407],[145.392897,-37.738573],[145.393168,-37.738571],[145.393166,-37.738405],[145.392895,-37.738407]]}]}