{"b":[{"h":6,"g":[[145.371858,-37.597686],[145.371976,-37.597732],[145.37205,-37.597612],[145.371932,-37.597566],[145.371858,-37.597686]]}]}