{"b":[{"h":6,"g":[[145.383036,-37.67329],[145.383078,-37.673552],[145.38323,-37.673537],[145.383189,-37.673275],[145.383036,-37.67329]]},{"h":6,"g":[[145.383101,-37.671358],[145.383132,-37.671359],[145.3832,-37.671352],[145.383206,-37.671507],[145.383235,-37.671511],[145.383243,-37.671689],[145.38334,-37.671694],[145.383417,-37.672071],[145.383605,-37.672052],[145.3836,-37.671989],[145.383501,-37.671997],[145.383439,-37.671694],[145.38353,-37.671683],[145.383546,-37.671766],[145.384117,-37.671734],[145.384104,-37.671564],[145.38353,-37.671596],[145.38353,-37.671628],[145.383396,-37.671632],[145.383383,-37.671513],[145.383557,-37.671496],[145.383576,-37.671475],[145.38357,-37.671447],[145.383552,-37.671428],[145.383366,-37.671435],[145.383361,-37.671369],[145.383388,-37.671365],[145.383377,-37.671286],[145.383452,-37.67128],[145.383458,-37.671303],[145.383983,-37.671258],[145.383965,-37.671108],[145.383152,-37.671167],[145.383155,-37.671294],[145.383128,-37.671297],[145.383101,-37.671299],[145.383101,-37.671358]]},{"h":6,"g":[[145.383675,-37.672769],[145.383819,-37.673981],[145.384114,-37.673959],[145.383971,-37.672747],[145.383675,-37.672769]]}]}