{"b":[{"h":6,"g":[[145.37715,-37.959229],[145.377274,-37.95923],[145.377276,-37.959106],[145.377494,-37.959109],[145.377496,-37.958988],[145.377154,-37.958985],[145.37715,-37.959229]]}]}