{"b":[{"h":6,"g":[[145.376173,-38.168034],[145.376325,-38.168069],[145.376382,-38.167913],[145.376231,-38.167878],[145.376173,-38.168034]]},{"h":6,"g":[[145.376668,-38.167503],[145.376732,-38.167575],[145.376863,-38.167504],[145.376799,-38.167431],[145.376668,-38.167503]]},{"h":6,"g":[[145.376855,-38.167429],[145.377143,-38.167459],[145.377159,-38.167369],[145.37687,-38.167339],[145.376855,-38.167429]]},{"h":6,"g":[[145.375841,-38.167729],[145.376066,-38.167758],[145.376157,-38.167322],[145.375931,-38.167293],[145.375841,-38.167729]]}]}