{"b":[{"h":6,"g":[[145.392761,-38.367149],[145.392777,-38.367233],[145.393053,-38.367201],[145.393038,-38.367118],[145.392761,-38.367149]]},{"h":6,"g":[[145.387524,-38.363802],[145.387638,-38.363812],[145.387665,-38.363628],[145.387551,-38.363618],[145.387524,-38.363802]]},{"h":6,"g":[[145.388172,-38.36255],[145.388214,-38.362603],[145.388261,-38.36258],[145.388251,-38.362567],[145.38826,-38.362563],[145.388274,-38.362581],[145.388296,-38.36257],[145.388308,-38.362586],[145.388429,-38.362527],[145.388411,-38.362505],[145.388523,-38.36245],[145.388487,-38.362405],[145.388395,-38.36245],[145.388379,-38.36243],[145.388342,-38.362448],[145.388358,-38.362469],[145.388228,-38.362532],[145.388223,-38.362526],[145.388172,-38.36255]]}]}