{"b":[{"h":6,"g":[[145.379748,-38.380516],[145.379908,-38.380523],[145.379918,-38.380352],[145.379758,-38.380346],[145.379748,-38.380516]]},{"h":6,"g":[[145.37917,-38.380808],[145.379314,-38.380816],[145.379335,-38.380553],[145.379191,-38.380546],[145.37917,-38.380808]]},{"h":6,"g":[[145.37895,-38.380254],[145.379205,-38.380277],[145.379226,-38.380131],[145.378971,-38.380108],[145.37895,-38.380254]]},{"h":6,"g":[[145.37836,-38.380535],[145.378527,-38.380551],[145.378575,-38.380247],[145.378408,-38.38023],[145.37836,-38.380535]]}]}