{"b":[{"h":6,"g":[[145.371217,-38.417455],[145.37139,-38.417499],[145.371431,-38.417399],[145.371257,-38.417356],[145.371217,-38.417455]]}]}