{"t":[{"r":"WHITTLESEA-YEA ROAD","v":739,"h":12,"c":[[145.23965,-37.47041],[145.23701,-37.47557]]},{"r":"WHITTLESEA-KINGLAKE ROAD","v":1507,"h":11,"c":[[145.23658,-37.47608],[145.24972,-37.4805],[145.28836,-37.48182]]},{"r":"WHITTLESEA-KINGLAKE ROAD","v":1509,"h":11,"c":[[145.28836,-37.48182],[145.24972,-37.4805],[145.23658,-37.47608]]},{"r":"WHITTLESEA-YEA ROAD","v":748,"h":14,"c":[[145.23701,-37.47557],[145.23965,-37.47041]]}]}