{"t":[{"r":"WHITTLESEA-YEA ROAD","v":739,"h":12,"c":[[145.24588,-37.43842],[145.24433,-37.44069],[145.24388,-37.44243],[145.24383,-37.44313],[145.24456,-37.44538],[145.24338,-37.44803],[145.24301,-37.44988],[145.24241,-37.45859]]},{"r":"WHITTLESEA-YEA ROAD","v":748,"h":14,"c":[[145.24241,-37.45859],[145.24301,-37.44988],[145.24338,-37.44803],[145.24456,-37.44538],[145.24383,-37.44313],[145.24388,-37.44243],[145.24433,-37.44069],[145.24588,-37.43842]]}]}