{"t":[{"r":"WHITTLESEA-YEA ROAD","v":739,"h":12,"c":[[145.24301,-37.44988],[145.24241,-37.45859],[145.24119,-37.46197],[145.23965,-37.47041],[145.23701,-37.47557]]},{"r":"WHITTLESEA-YEA ROAD","v":748,"h":14,"c":[[145.23701,-37.47557],[145.23965,-37.47041],[145.24119,-37.46197],[145.24241,-37.45859],[145.24301,-37.44988]]}]}