{"t":[{"r":"WHITTLESEA-YEA ROAD","v":739,"h":12,"c":[[145.26188,-37.42503],[145.25929,-37.42554],[145.25632,-37.42713],[145.24943,-37.429],[145.24776,-37.43099],[145.24645,-37.43179],[145.24556,-37.43332],[145.24419,-37.43447],[145.24405,-37.43498],[145.24432,-37.43551],[145.24581,-37.43672],[145.24588,-37.43842],[145.24433,-37.44069]]},{"r":"WHITTLESEA-YEA ROAD","v":748,"h":14,"c":[[145.24433,-37.44069],[145.24588,-37.43842],[145.24581,-37.43672],[145.24432,-37.43551],[145.24405,-37.43498],[145.24419,-37.43447],[145.24556,-37.43332],[145.24645,-37.43179],[145.24776,-37.43099],[145.24943,-37.429],[145.25632,-37.42713],[145.25929,-37.42554],[145.26188,-37.42503]]}]}