{"t":[{"r":"SCOTT STREET","v":1276,"h":7,"c":[[145.23881,-37.60871],[145.23944,-37.6084],[145.24149,-37.60777],[145.24294,-37.60814],[145.24565,-37.60704],[145.24709,-37.60794],[145.24942,-37.60828],[145.25066,-37.60919],[145.25121,-37.60894],[145.2528,-37.60685],[145.25529,-37.60641],[145.2576,-37.60495],[145.26018,-37.6047],[145.26191,-37.60414]]},{"r":"HEIDELBERG-KINGLAKE ROAD","v":1287,"h":7,"c":[[145.26191,-37.60414],[145.26018,-37.6047],[145.2576,-37.60495],[145.25529,-37.60641],[145.2528,-37.60685],[145.25085,-37.60917],[145.25015,-37.60904],[145.2493,-37.60822],[145.24709,-37.60794],[145.24576,-37.60705],[145.24312,-37.60811],[145.24149,-37.60777],[145.23944,-37.6084],[145.23873,-37.60878]]}]}