{"t":[{"r":"JUMPING CREEK ROAD","v":2945,"h":6,"c":[[145.25936,-37.73776],[145.26114,-37.73435],[145.26204,-37.7339]]},{"r":"JUMPING CREEK ROAD","v":2888,"h":6,"c":[[145.25936,-37.73776],[145.26114,-37.73435],[145.26204,-37.7339]]}]}