{"t":[{"r":"BURNS STREET","v":2000,"h":4,"c":[[145.26243,-37.62042],[145.25991,-37.62177],[145.25826,-37.62374],[145.25558,-37.62453],[145.2543,-37.62538],[145.25096,-37.62928],[145.24834,-37.63303]]},{"r":"KANGAROO GROUND-ST ANDREWS ROAD","v":2029,"h":4,"c":[[145.24834,-37.63303],[145.25084,-37.62943],[145.2543,-37.62538],[145.25558,-37.62453],[145.25826,-37.62374],[145.25986,-37.62186],[145.26243,-37.62042]]}]}