{"t":[{"r":"SYMONDS STREET","v":1391,"h":20,"c":[[145.26107,-37.66672],[145.26313,-37.66472]]},{"r":"ALMA ROAD","v":230,"h":6,"c":[[145.23851,-37.65575],[145.2407,-37.65578],[145.24295,-37.65527],[145.24403,-37.65642],[145.24926,-37.65851],[145.251,-37.65875],[145.25168,-37.66051],[145.25392,-37.66258],[145.25393,-37.66453],[145.25525,-37.66586],[145.25526,-37.66749]]},{"r":"SYMONDS STREET","v":1459,"h":6,"c":[[145.26313,-37.66472],[145.26107,-37.66672]]},{"r":"ALMA ROAD","v":200,"h":7,"c":[[145.23851,-37.65575],[145.2407,-37.65578],[145.24295,-37.65527],[145.24403,-37.65642],[145.24926,-37.65851],[145.251,-37.65875],[145.25168,-37.66051],[145.25392,-37.66258],[145.25393,-37.66453],[145.25525,-37.66586],[145.25526,-37.66749]]}]}