{"t":[{"r":"BRYSONS ROAD","v":4012,"h":0,"c":[[145.26469,-37.75297],[145.25743,-37.75188],[145.25587,-37.75277],[145.25666,-37.75472]]},{"r":"JUMPING CREEK ROAD","v":2945,"h":6,"c":[[145.23754,-37.74292],[145.23958,-37.74049],[145.24165,-37.7395],[145.24325,-37.738],[145.24808,-37.73641],[145.25032,-37.73687],[145.2522,-37.73775],[145.25461,-37.73802],[145.25547,-37.73858],[145.25728,-37.73881],[145.25865,-37.73843],[145.25936,-37.73776],[145.26114,-37.73435]]},{"r":"JUMPING CREEK ROAD","v":2888,"h":6,"c":[[145.23754,-37.74292],[145.23958,-37.74049],[145.24165,-37.7395],[145.24325,-37.738],[145.24808,-37.73641],[145.25032,-37.73687],[145.2522,-37.73775],[145.25461,-37.73802],[145.25547,-37.73858],[145.25728,-37.73881],[145.25865,-37.73843],[145.25936,-37.73776],[145.26114,-37.73435]]},{"r":"BRYSONS ROAD","v":4012,"h":0,"c":[[145.26469,-37.75297],[145.25743,-37.75188],[145.25587,-37.75277],[145.25666,-37.75472]]}]}