{"t":[{"r":"BURNS STREET","v":2000,"h":4,"c":[[145.25096,-37.62928],[145.24834,-37.63303],[145.24671,-37.6342],[145.24444,-37.63528],[145.24394,-37.63775],[145.24113,-37.63915],[145.24017,-37.64156],[145.23866,-37.64225]]},{"r":"KANGAROO GROUND-ST ANDREWS ROAD","v":2029,"h":4,"c":[[145.23866,-37.64225],[145.24031,-37.64142],[145.24113,-37.63915],[145.24394,-37.63775],[145.24444,-37.63528],[145.24671,-37.6342],[145.24834,-37.63303],[145.25084,-37.62943]]}]}