{"t":[{"r":"FERNTREE GULLY ROAD","v":18676,"h":9,"c":[[145.23283,-37.89917],[145.2462,-37.89708],[145.24789,-37.8958],[145.2576,-37.89197]]},{"r":"FERNTREE GULLY ROAD","v":15685,"h":9,"c":[[145.2576,-37.89197],[145.24789,-37.8958],[145.2462,-37.89708],[145.23283,-37.89917]]}]}