{"t":[{"r":"BRYSONS ROAD","v":4012,"h":0,"c":[[145.25587,-37.75277],[145.25666,-37.75472],[145.2554,-37.7552],[145.25466,-37.75611],[145.25306,-37.76012],[145.24994,-37.76446],[145.24987,-37.76662],[145.25061,-37.76919],[145.25046,-37.77072]]},{"r":"CROYDON ROAD","v":3762,"h":5,"c":[[145.23829,-37.7655],[145.24075,-37.76696],[145.24165,-37.76711],[145.24231,-37.7679],[145.24581,-37.76845],[145.24819,-37.77379]]},{"r":"WONGA ROAD","v":3725,"h":4,"c":[[145.24819,-37.77379],[145.24581,-37.76845],[145.24208,-37.76788],[145.24165,-37.76711],[145.24075,-37.76696],[145.23829,-37.7655]]},{"r":"BRYSONS ROAD","v":4012,"h":0,"c":[[145.25587,-37.75277],[145.25666,-37.75472],[145.2554,-37.7552],[145.25466,-37.75611],[145.25306,-37.76012],[145.24994,-37.76446],[145.24987,-37.76662],[145.25061,-37.76919],[145.25046,-37.77072]]}]}