{"t":[{"r":"DANDENONG-HASTINGS ROAD","v":13940,"h":11,"c":[[145.23964,-38.07784],[145.23682,-38.09237]]},{"r":"DANDENONG-HASTINGS ROAD","v":15943,"h":9,"c":[[145.23355,-38.10711],[145.23945,-38.07766]]}]}