{"t":[{"r":"CHURCHILL PARK DRIVE","v":5630,"h":6,"c":[[145.24408,-37.94335],[145.24515,-37.94817],[145.24571,-37.94896],[145.24991,-37.95188],[145.25054,-37.95266]]},{"r":"CHURCHILL PARK DRIVE","v":4620,"h":6,"c":[[145.25055,-37.95266],[145.25453,-37.95538],[145.25762,-37.95827],[145.25827,-37.95856],[145.26303,-37.9582]]},{"r":"CHURCHILL PARK DRIVE","v":4759,"h":6,"c":[[145.25055,-37.95266],[145.25453,-37.95538],[145.25762,-37.95827],[145.25827,-37.95856],[145.26303,-37.9582]]},{"r":"CHURCHILL PARK DRIVE","v":5814,"h":6,"c":[[145.24408,-37.94335],[145.24515,-37.94817],[145.24571,-37.94896],[145.24991,-37.95188],[145.25054,-37.95266]]}]}