{"t":[{"r":"BROWNS ROAD","v":2156,"h":0,"c":[[145.2455,-38.14784],[145.29141,-38.15343]]},{"r":"BROWNS ROAD","v":2020,"h":0,"c":[[145.2455,-38.14784],[145.29141,-38.15343]]},{"r":"PEARCEDALE ROAD","v":2189,"h":6,"c":[[145.24851,-38.13307],[145.23515,-38.20294]]}]}