{"t":[{"r":"NORTH ROAD","v":2235,"h":0,"c":[[145.24104,-38.17118],[145.28668,-38.17672]]},{"r":"NORTH ROAD","v":2261,"h":0,"c":[[145.24104,-38.17118],[145.28668,-38.17672]]},{"r":"PEARCEDALE ROAD","v":2189,"h":6,"c":[[145.24851,-38.13307],[145.23515,-38.20294]]}]}