{"t":[{"r":"TYABB-TOORADIN ROAD","v":1838,"h":6,"c":[[145.25208,-38.20975],[145.23654,-38.2245]]},{"r":"TYABB-TOORADIN ROAD","v":1906,"h":6,"c":[[145.25208,-38.20975],[145.23654,-38.2245]]}]}