{"t":[{"r":"COWES-RHYLL ROAD","v":860,"h":8,"c":[[145.23898,-38.46364],[145.26518,-38.46378]]},{"r":"COWES-RHYLL ROAD","v":867,"h":8,"c":[[145.23898,-38.46364],[145.26518,-38.46378]]}]}