{"t":[{"r":"PHILLIP ISLAND ROAD","v":3305,"h":5,"c":[[145.24008,-38.48102],[145.24159,-38.48183],[145.24293,-38.48208],[145.25639,-38.48211],[145.25727,-38.48242],[145.25879,-38.48323],[145.26834,-38.49307]]},{"r":"PHILLIP ISLAND ROAD","v":4399,"h":12,"c":[[145.23925,-38.48002],[145.24008,-38.48102]]},{"r":"PHILLIP ISLAND ROAD","v":4428,"h":6,"c":[[145.24008,-38.48102],[145.23925,-38.48002]]},{"r":"PHILLIP ISLAND ROAD","v":3174,"h":6,"c":[[145.26834,-38.49307],[145.25879,-38.48323],[145.25727,-38.48242],[145.25639,-38.48211],[145.24293,-38.48208],[145.24159,-38.48183],[145.24008,-38.48102]]}]}