{"b":[{"h":6,"g":[[144.530831,-37.349368],[144.530902,-37.349537],[144.531114,-37.349481],[144.531043,-37.349312],[144.530831,-37.349368]]},{"h":6,"g":[[144.528016,-37.348518],[144.528029,-37.348537],[144.528051,-37.348546],[144.528077,-37.348545],[144.528087,-37.348534],[144.528097,-37.348519],[144.52809,-37.348499],[144.528068,-37.348491],[144.528038,-37.348491],[144.528026,-37.3485],[144.528016,-37.348518]]}]}