{"b":[{"h":6,"g":[[144.535044,-37.72524],[144.535295,-37.725258],[144.535319,-37.72511],[144.535202,-37.725099],[144.535197,-37.725156],[144.535052,-37.725145],[144.535044,-37.72524]]},{"h":6,"g":[[144.534032,-37.725277],[144.534106,-37.725284],[144.534106,-37.725306],[144.534364,-37.725333],[144.534382,-37.725214],[144.534138,-37.725187],[144.534131,-37.725203],[144.534049,-37.725193],[144.534032,-37.725277]]},{"h":6,"g":[[144.535974,-37.725287],[144.53629,-37.725326],[144.536308,-37.725218],[144.535997,-37.725192],[144.535974,-37.725287]]}]}