{"b":[{"h":6,"g":[[144.516439,-37.918791],[144.516518,-37.918801],[144.516508,-37.918891],[144.516665,-37.918907],[144.516697,-37.918674],[144.51646,-37.918649],[144.516439,-37.918791]]}]}