{"b":[{"h":6,"g":[[144.531726,-37.947653],[144.532072,-37.947697],[144.532082,-37.94765],[144.531994,-37.947639],[144.532006,-37.947579],[144.531748,-37.947546],[144.531726,-37.947653]]},{"h":6,"g":[[144.529527,-37.946882],[144.529664,-37.946898],[144.529655,-37.946946],[144.529929,-37.946977],[144.52995,-37.946864],[144.529847,-37.946853],[144.529864,-37.946759],[144.529766,-37.946748],[144.529748,-37.946848],[144.529538,-37.946824],[144.529527,-37.946882]]}]}