{"n":{"rail":[[[144.77618,-37.70377],[144.7728,-37.69962]],[[144.7734,-37.70012],[144.77313,-37.69983]],[[144.77304,-37.69973],[144.76777,-37.6931]],[[144.76745,-37.69279],[144.72192,-37.63417]],[[144.77356,-37.70038],[144.7728,-37.69962]],[[144.7734,-37.70012],[144.77811,-37.70611]],[[144.77454,-37.70163],[144.77356,-37.70038]],[[144.77271,-37.6993],[144.7678,-37.69309]],[[144.72196,-37.63416],[144.76761,-37.69272]],[[144.7728,-37.69962],[144.76763,-37.69303]],[[144.76763,-37.69303],[144.76745,-37.69279]],[[144.77356,-37.70038],[144.7724,-37.69884]],[[144.7724,-37.69884],[144.7734,-37.70012]],[[144.76761,-37.69272],[144.7724,-37.69884]]],"freeway":[[[144.77464,-37.69581],[144.77457,-37.69599]],[[144.7617,-37.69419],[144.76091,-37.6939]],[[144.7606,-37.69386],[144.76093,-37.69375]],[[144.75548,-37.69322],[144.7564,-37.69334]],[[144.75621,-37.69355],[144.75439,-37.69332]],[[144.75548,-37.69322],[144.75655,-37.69316]],[[144.75682,-37.69296],[144.75702,-37.69342]],[[144.75639,-37.69399],[144.75621,-37.69355]],[[144.7574,-37.6937],[144.75667,-37.69384]],[[144.76212,-37.69405],[144.76339,-37.69438]],[[144.77441,-37.69596],[144.77448,-37.69577]],[[144.75702,-37.69342],[144.76003,-37.6938]],[[144.7574,-37.6937],[144.7567,-37.69362]],[[144.75651,-37.69336],[144.75674,-37.69338]],[[144.76515,-37.69461],[144.76393,-37.69426]],[[144.77481,-37.69525],[144.77482,-37.69585]],[[144.77424,-37.69647],[144.77422,-37.69592]],[[144.77635,-37.69638],[144.77448,-37.69622]],[[144.77422,-37.69592],[144.77255,-37.69556]],[[144.77464,-37.69581],[144.77822,-37.69659]],[[144.7567,-37.69362],[144.75646,-37.69358]],[[144.75674,-37.69338],[144.75702,-37.69342]],[[144.77668,-37.69645],[144.77457,-37.69599]],[[144.76091,-37.6939],[144.76212,-37.69405]],[[144.7617,-37.69419],[144.75798,-37.69378]],[[144.76639,-37.69455],[144.76859,-37.69487]],[[144.77255,-37.69556],[144.76995,-37.69511]],[[144.76659,-37.6948],[144.76618,-37.69474]],[[144.77182,-37.69525],[144.77448,-37.69577]],[[144.77295,-37.69545],[144.77454,-37.6956]],[[144.76003,-37.6938],[144.76091,-37.6939]],[[144.76766,-37.69491],[144.76656,-37.69487]],[[144.76656,-37.69487],[144.76615,-37.69495]],[[144.76766,-37.69491],[144.76659,-37.6948]],[[144.76619,-37.69452],[144.76639,-37.69455]],[[144.76618,-37.69474],[144.76401,-37.69446]],[[144.77448,-37.69577],[144.77464,-37.69581]],[[144.77457,-37.69599],[144.77422,-37.69592]],[[144.75646,-37.69358],[144.75636,-37.69357]],[[144.76339,-37.69438],[144.7617,-37.69419]],[[144.76512,-37.69439],[144.76619,-37.69452]],[[144.77815,-37.69676],[144.77668,-37.69645]],[[144.76995,-37.69511],[144.7687,-37.695]],[[144.76984,-37.69497],[144.77182,-37.69525]],[[144.7687,-37.695],[144.76766,-37.69491]],[[144.76859,-37.69487],[144.76984,-37.69497]],[[144.76436,-37.6943],[144.76512,-37.69439]],[[144.76331,-37.69419],[144.76436,-37.6943]],[[144.75636,-37.69357],[144.75621,-37.69355]],[[144.7564,-37.69334],[144.75651,-37.69336]],[[144.75798,-37.69378],[144.7574,-37.6937]],[[144.76401,-37.69446],[144.76339,-37.69438]],[[144.76212,-37.69405],[144.76331,-37.69419]]]}}