{"n":{"rail":[[[144.76745,-37.69279],[144.72192,-37.63417]],[[144.72196,-37.63416],[144.76761,-37.69272]]],"freeway":[[[144.76995,-37.67648],[144.77051,-37.67621],[144.76906,-37.67515]],[[144.7719,-37.67705],[144.76995,-37.67648]],[[144.76417,-37.67105],[144.76406,-37.67142]],[[144.76384,-37.67126],[144.76417,-37.67105]],[[144.75668,-37.66822],[144.75689,-37.66801]],[[144.75668,-37.66822],[144.75654,-37.66784]],[[144.75689,-37.66801],[144.75681,-37.66825]],[[144.75801,-37.66856],[144.75681,-37.66825]],[[144.75689,-37.66801],[144.76082,-37.66957]],[[144.75562,-37.66709],[144.75689,-37.66801]],[[144.75689,-37.66801],[144.75407,-37.66668]],[[144.75476,-37.66652],[144.75742,-37.66794]],[[144.7719,-37.67705],[144.76906,-37.67515]],[[144.76372,-37.67153],[144.76384,-37.67126]],[[144.76384,-37.67126],[144.7739,-37.67798]],[[144.76906,-37.67515],[144.76515,-37.67253]],[[144.76372,-37.67153],[144.75689,-37.66801]],[[144.75562,-37.66709],[144.76236,-37.67038]],[[144.76515,-37.67253],[144.76445,-37.67204]],[[144.76236,-37.67038],[144.76384,-37.67126]],[[144.76445,-37.67204],[144.76372,-37.67153]],[[144.77998,-37.6821],[144.7746,-37.67878]],[[144.7739,-37.67798],[144.7822,-37.6831]],[[144.7746,-37.67878],[144.7719,-37.67705]]]}}