{"n":{"rail":[[[144.75585,-37.77314],[144.76611,-37.77592]],[[144.76609,-37.77597],[144.75584,-37.77318]],[[144.76611,-37.77592],[144.76897,-37.77668]],[[144.76897,-37.77668],[144.77636,-37.77875]],[[144.77636,-37.77875],[144.77899,-37.77949]],[[144.77897,-37.77954],[144.77634,-37.7788]],[[144.77634,-37.7788],[144.76894,-37.77672]],[[144.76894,-37.77672],[144.76609,-37.77597]]],"freeway":[[[144.77924,-37.77091],[144.77725,-37.77067]]]}}