{"n":{"rail":[[[144.72249,-37.87624],[144.77924,-37.86189]],[[144.77732,-37.86244],[144.77816,-37.86227]],[[144.72241,-37.87632],[144.77732,-37.86244]],[[144.77933,-37.86206],[144.77182,-37.864]],[[144.769,-37.86458],[144.72242,-37.87635]],[[144.77732,-37.86244],[144.77931,-37.86193]],[[144.77816,-37.86227],[144.769,-37.86458]],[[144.76537,-37.86546],[144.76481,-37.86564]],[[144.77182,-37.864],[144.769,-37.86458]]],"freeway":[[[144.77709,-37.86239],[144.77702,-37.86266]],[[144.77688,-37.86316],[144.77552,-37.86555],[144.77235,-37.86757]],[[144.77692,-37.86304],[144.77688,-37.86316]],[[144.77678,-37.86272],[144.77686,-37.86244]],[[144.76024,-37.86904],[144.75714,-37.86935]],[[144.77668,-37.8631],[144.77678,-37.86272]],[[144.77665,-37.86321],[144.77668,-37.8631]],[[144.77702,-37.86266],[144.77692,-37.86304]],[[144.76929,-37.86801],[144.77221,-37.86727]],[[144.77376,-37.86593],[144.77403,-37.86627],[144.77478,-37.86581],[144.77643,-37.86378]],[[144.76581,-37.86852],[144.76254,-37.86897]],[[144.75991,-37.87059],[144.75875,-37.8694],[144.75621,-37.86943]],[[144.77221,-37.86727],[144.77353,-37.86662],[144.77376,-37.86593]],[[144.77686,-37.86244],[144.77979,-37.85012]],[[144.75581,-37.86928],[144.76147,-37.86849]],[[144.77661,-37.86388],[144.77528,-37.86612],[144.77582,-37.8666]],[[144.77579,-37.86664],[144.77461,-37.86661],[144.77235,-37.86757]],[[144.76794,-37.86813],[144.77111,-37.86774],[144.77355,-37.8668],[144.77547,-37.86525],[144.77665,-37.86321]],[[144.76179,-37.86846],[144.76708,-37.86821]],[[144.75806,-37.86907],[144.76022,-37.86887]],[[144.75581,-37.86928],[144.75806,-37.86907]],[[144.75714,-37.86935],[144.75621,-37.86943]],[[144.76254,-37.86897],[144.76102,-37.86929],[144.76072,-37.87021]],[[144.77982,-37.85101],[144.77709,-37.86239]],[[144.76808,-37.8683],[144.76024,-37.86904]],[[144.76022,-37.86887],[144.76794,-37.86813]],[[144.75621,-37.86943],[144.75473,-37.86957]],[[144.77235,-37.86757],[144.76808,-37.8683]]]}}