{"t":[{"r":"MAROONDAH HIGHWAY","v":2303,"h":8,"c":[[145.52462,-37.64934],[145.52629,-37.64906],[145.52916,-37.64758]]},{"r":"DON ROAD","v":1930,"h":7,"c":[[145.52294,-37.6507],[145.54227,-37.67732]]},{"r":"MAROONDAH HIGHWAY","v":2323,"h":7,"c":[[145.52916,-37.64758],[145.52629,-37.64906],[145.52462,-37.64934]]},{"r":"DON ROAD","v":1840,"h":7,"c":[[145.54227,-37.67732],[145.52294,-37.6507]]}]}