{"t":[{"r":"DON ROAD","v":1930,"h":7,"c":[[145.52294,-37.6507],[145.54227,-37.67732],[145.54275,-37.67806],[145.54262,-37.67834],[145.54591,-37.68286],[145.54524,-37.68628]]},{"r":"DON ROAD","v":1840,"h":7,"c":[[145.54524,-37.68628],[145.54591,-37.68286],[145.54262,-37.67834],[145.54275,-37.67806],[145.54227,-37.67732],[145.52294,-37.6507]]}]}