{"t":[{"r":"HEALESVILLE-KOO WEE RUP ROAD","v":1413,"h":12,"c":[[145.52166,-37.79329],[145.52588,-37.79921],[145.52585,-37.80089],[145.52425,-37.80384]]},{"r":"HEALESVILLE-KOO WEE RUP ROAD","v":1399,"h":13,"c":[[145.52425,-37.80384],[145.52578,-37.80108],[145.52591,-37.79938],[145.52166,-37.79329]]}]}