{"t":[{"r":"HEALESVILLE-KOO WEE RUP ROAD","v":1272,"h":18,"c":[[145.53238,-37.87446],[145.53146,-37.8773],[145.53134,-37.88017],[145.53202,-37.88571],[145.53014,-37.88928],[145.52946,-37.8899],[145.5278,-37.89078],[145.52446,-37.89147]]},{"r":"WOORI YALLOCK ROAD","v":1236,"h":18,"c":[[145.52446,-37.89147],[145.5278,-37.89078],[145.52946,-37.8899],[145.53014,-37.88928],[145.53202,-37.88571],[145.53134,-37.88017],[145.53146,-37.8773],[145.53238,-37.87446]]}]}