{"t":[{"r":"HEALESVILLE-KOO WEE RUP ROAD","v":1272,"h":18,"c":[[145.52887,-37.85682],[145.53153,-37.86481],[145.53116,-37.86726],[145.53269,-37.87196],[145.53238,-37.87446],[145.53146,-37.8773]]},{"r":"WOORI YALLOCK ROAD","v":1236,"h":18,"c":[[145.53146,-37.8773],[145.53238,-37.87446],[145.53269,-37.87196],[145.53116,-37.86726],[145.53153,-37.86481],[145.52882,-37.8565]]}]}