{"t":[{"r":"HEALESVILLE-KOO WEE RUP ROAD","v":1272,"h":18,"c":[[145.52474,-37.84568],[145.52838,-37.84851],[145.52932,-37.85064],[145.52887,-37.85682],[145.53153,-37.86481]]},{"r":"WOORI YALLOCK ROAD","v":1236,"h":18,"c":[[145.53153,-37.86481],[145.52882,-37.8565],[145.52939,-37.85124],[145.529,-37.84969],[145.52838,-37.84851],[145.52474,-37.84568]]}]}