{"t":[{"r":"HEALESVILLE-KOO WEE RUP ROAD","v":2530,"h":13,"c":[[145.53636,-37.751],[145.53603,-37.75336],[145.53494,-37.75592],[145.53338,-37.75781],[145.53335,-37.75955],[145.5342,-37.76096],[145.53431,-37.7618],[145.53398,-37.76274],[145.53276,-37.76416],[145.53248,-37.76653],[145.5327,-37.76748],[145.53326,-37.76818],[145.53639,-37.76972],[145.53828,-37.77322]]},{"r":"HEALESVILLE-KOO WEE RUP ROAD","v":2530,"h":13,"c":[[145.53844,-37.77388],[145.53639,-37.76972],[145.53326,-37.76818],[145.5327,-37.76748],[145.53248,-37.76653],[145.53276,-37.76416],[145.53398,-37.76274],[145.53431,-37.7618],[145.5342,-37.76096],[145.53335,-37.75955],[145.53338,-37.75781],[145.53484,-37.75607],[145.53603,-37.75336],[145.53636,-37.751]]},{"r":"DALRY ROAD","v":3717,"h":6,"c":[[145.54006,-37.75228],[145.54267,-37.7534],[145.5458,-37.75386],[145.5485,-37.75562]]}]}