{"t":[{"r":"GEMBROOK ROAD","v":7389,"h":9,"c":[[145.53179,-37.99365],[145.53069,-37.99623],[145.52843,-37.9966],[145.52668,-37.99896],[145.52398,-38.00028]]},{"r":"BESSIE CREEK ROAD","v":3717,"h":6,"c":[[145.54292,-37.99325],[145.54419,-37.99649],[145.54423,-37.9981],[145.54584,-38.00114],[145.54614,-38.00273],[145.5496,-38.00553]]},{"r":"GEMBROOK ROAD","v":7389,"h":9,"c":[[145.52398,-38.00028],[145.52668,-37.99896],[145.52843,-37.9966],[145.53069,-37.99623],[145.53171,-37.99378]]},{"r":"BESSIE CREEK ROAD","v":3717,"h":6,"c":[[145.54292,-37.99325],[145.54419,-37.99649],[145.54423,-37.9981],[145.54584,-38.00114],[145.54614,-38.00273],[145.5496,-38.00553]]}]}