{"t":[{"r":"MORRISON ROAD","v":42,"h":5,"c":[[145.52334,-38.02478],[145.52698,-38.02514],[145.52909,-38.02458],[145.53028,-38.02495],[145.53088,-38.02662],[145.53035,-38.02773],[145.5305,-38.02888],[145.53236,-38.03259]]},{"r":"DORE ROAD","v":3717,"h":6,"c":[[145.53967,-38.03241],[145.5425,-38.02989],[145.5442,-38.02901],[145.54503,-38.02684],[145.548,-38.0248]]},{"r":"DORE ROAD","v":3717,"h":6,"c":[[145.53967,-38.03241],[145.5425,-38.02989],[145.5442,-38.02901],[145.54503,-38.02684],[145.548,-38.0248]]},{"r":"MORRISON ROAD","v":48,"h":6,"c":[[145.52334,-38.02478],[145.52698,-38.02514],[145.52909,-38.02458],[145.53028,-38.02495],[145.53088,-38.02662],[145.53035,-38.02773],[145.5305,-38.02888],[145.53236,-38.03259]]}]}