{"t":[{"r":"URE ROAD","v":3717,"h":6,"c":[[145.5356,-37.9433],[145.53509,-37.94599]]},{"r":"MOUNTAIN ROAD","v":3717,"h":6,"c":[[145.52388,-37.93988],[145.53177,-37.94279],[145.5356,-37.9433]]},{"r":"URE ROAD","v":3717,"h":6,"c":[[145.5356,-37.9433],[145.53509,-37.94599]]},{"r":"MOUNTAIN ROAD","v":3717,"h":6,"c":[[145.52388,-37.93988],[145.53177,-37.94279],[145.5356,-37.9433]]}]}