{"t":[{"r":"BALD HILL ROAD","v":1638,"h":6,"c":[[145.5137,-38.09307],[145.52666,-38.09408]]},{"r":"BALD HILL ROAD","v":1516,"h":6,"c":[[145.5137,-38.09307],[145.52666,-38.09408]]},{"r":"PRINCES FREEWAY","v":13735,"h":16,"c":[[145.52671,-38.0787],[145.50848,-38.08772]]},{"r":"PRINCES FREEWAY","v":13033,"h":16,"c":[[145.5083,-38.08758],[145.52638,-38.07864]]}]}