{"t":[{"r":"PRINCES HIGHWAY","v":2752,"h":9,"c":[[145.52443,-38.06463],[145.52766,-38.06411],[145.53837,-38.06496],[145.55943,-38.06766]]},{"r":"DORE ROAD","v":3717,"h":6,"c":[[145.52451,-38.06439],[145.52727,-38.06385],[145.53055,-38.04865],[145.53486,-38.04502]]},{"r":"PRINCES HIGHWAY","v":2497,"h":9,"c":[[145.55943,-38.06802],[145.53655,-38.06517],[145.529,-38.06456],[145.52454,-38.06498]]},{"r":"DORE ROAD","v":3717,"h":6,"c":[[145.52451,-38.06439],[145.52727,-38.06385],[145.53055,-38.04865],[145.53486,-38.04502]]}]}