{"t":[{"r":"PRINCES HIGHWAY","v":2752,"h":9,"c":[[145.53837,-38.06496],[145.55943,-38.06766]]},{"r":"PRINCES FREEWAY","v":13735,"h":16,"c":[[145.54996,-38.07318],[145.53757,-38.07528],[145.53195,-38.0767],[145.52671,-38.0787],[145.50848,-38.08772]]},{"r":"PRINCES HIGHWAY","v":2497,"h":9,"c":[[145.55943,-38.06802],[145.53655,-38.06517]]},{"r":"PRINCES FREEWAY","v":13033,"h":16,"c":[[145.5083,-38.08758],[145.52638,-38.07864],[145.53216,-38.07644],[145.53772,-38.07502],[145.55565,-38.07172]]}]}