{"t":[{"r":"BALLARTO ROAD","v":1735,"h":9,"c":[[145.48755,-38.15396],[145.53255,-38.15994],[145.5338,-38.16054],[145.53506,-38.16195],[145.53617,-38.16266],[145.5705,-38.17777]]},{"r":"BALLARTO ROAD","v":1654,"h":12,"c":[[145.5705,-38.17777],[145.53617,-38.16266],[145.53506,-38.16195],[145.5338,-38.16054],[145.53255,-38.15994],[145.48755,-38.15396]]}]}