{"t":[{"r":"KOO WEE RUP-LONGWARRY ROAD","v":959,"h":12,"c":[[145.51653,-38.19276],[145.52986,-38.18741],[145.54571,-38.18524]]},{"r":"ROSSITER ROAD","v":876,"h":12,"c":[[145.54571,-38.18524],[145.52986,-38.18741],[145.51653,-38.19276]]}]}