{"t":[{"r":"BASS HIGHWAY","v":6708,"h":10,"c":[[145.53167,-38.40568],[145.52698,-38.41249],[145.51862,-38.42133]]},{"r":"BASS HIGHWAY","v":5535,"h":10,"c":[[145.51865,-38.42111],[145.52661,-38.41273],[145.53164,-38.40548]]}]}