{"t":[{"r":"BASS HIGHWAY","v":6708,"h":10,"c":[[145.54608,-38.28957],[145.54001,-38.31771],[145.54,-38.31973],[145.54138,-38.32231],[145.54853,-38.32959]]},{"r":"BASS HIGHWAY","v":5535,"h":10,"c":[[145.54864,-38.33027],[145.54115,-38.32268],[145.53991,-38.32087],[145.53952,-38.31961],[145.5395,-38.31787],[145.54672,-38.28519]]}]}