{"t":[{"r":"BASS HIGHWAY","v":6708,"h":10,"c":[[145.5405,-38.39297],[145.53949,-38.39439],[145.5358,-38.40252],[145.53167,-38.40568],[145.52698,-38.41249]]},{"r":"BASS HIGHWAY","v":5535,"h":10,"c":[[145.52661,-38.41273],[145.53164,-38.40548],[145.53555,-38.40259],[145.54014,-38.39313]]}]}