{"t":[{"r":"BASS HIGHWAY","v":6708,"h":10,"c":[[145.55725,-38.37817],[145.5405,-38.39297],[145.53949,-38.39439]]},{"r":"BASS HIGHWAY","v":5535,"h":10,"c":[[145.53555,-38.40259],[145.54014,-38.39313],[145.55878,-38.37652]]}]}