{"t":[{"r":"BASS HIGHWAY","v":6708,"h":10,"c":[[145.54608,-38.28957],[145.54001,-38.31771]]},{"r":"BASS HIGHWAY","v":5535,"h":10,"c":[[145.5395,-38.31787],[145.54672,-38.28519]]},{"r":"SOUTH GIPPSLAND HIGHWAY","v":3689,"h":23,"c":[[145.54732,-38.29241],[145.54551,-38.29139],[145.54473,-38.29024],[145.54464,-38.28857]]},{"r":"SOUTH GIPPSLAND HIGHWAY","v":3758,"h":24,"c":[[145.54608,-38.28957],[145.5462,-38.29088],[145.54718,-38.29206]]}]}