{"t":[{"r":"BASS HIGHWAY","v":6708,"h":10,"c":[[145.54138,-38.32231],[145.54853,-38.32959]]},{"r":"BASS HIGHWAY","v":5535,"h":10,"c":[[145.54864,-38.33027],[145.54115,-38.32268]]}]}