{"t":[{"r":"WHITE ROAD","v":5194,"h":9,"c":[[145.55641,-38.56461],[145.54668,-38.56339],[145.54043,-38.56401],[145.51859,-38.56121]]},{"r":"BASS HIGHWAY","v":5348,"h":13,"c":[[145.51859,-38.56121],[145.54043,-38.56401],[145.54668,-38.56339],[145.55641,-38.56461]]}]}