{"t":[{"r":"FOREST STREET","v":1560,"h":6,"c":[[144.4227,-37.33436],[144.45922,-37.33864]]},{"r":"TYLDEN-WOODEND ROAD","v":1561,"h":8,"c":[[144.45922,-37.33864],[144.4227,-37.33436]]}]}