{"t":[{"r":"PRINCES FREEWAY","v":35806,"h":9,"c":[[144.42436,-38.03325],[144.43056,-38.03037]]},{"r":"AVALON ROAD","v":5528,"h":9,"c":[[144.43074,-38.03062],[144.43159,-38.0319],[144.43157,-38.0327],[144.43187,-38.03266]]},{"r":"PRINCES FREEWAY","v":35052,"h":9,"c":[[144.43074,-38.03062],[144.42581,-38.03292]]},{"r":"AVALON ROAD","v":4877,"h":9,"c":[[144.43074,-38.03062],[144.43159,-38.0319],[144.43157,-38.0327]]}]}