{"t":[{"r":"OLD MELBOURNE ROAD","v":404,"h":14,"c":[[144.49023,-37.98951],[144.43357,-38.02648]]},{"r":"OLD MELBOURNE ROAD","v":355,"h":13,"c":[[144.49023,-37.98951],[144.43357,-38.02648]]}]}