{"t":[{"r":"PORTARLINGTON ROAD","v":12700,"h":6,"c":[[144.42246,-38.16707],[144.42736,-38.17025]]},{"r":"PORTARLINGTON ROAD","v":17636,"h":3,"c":[[144.42729,-38.17045],[144.42232,-38.1672]]}]}