{"t":[{"r":"BELLARINE HIGHWAY","v":16528,"h":8,"c":[[144.42027,-38.17839],[144.47898,-38.1928]]},{"r":"PORTARLINGTON ROAD","v":12700,"h":6,"c":[[144.42246,-38.16707],[144.42736,-38.17025],[144.42907,-38.17084],[144.54768,-38.18507]]},{"r":"BELLARINE HIGHWAY","v":16163,"h":5,"c":[[144.46218,-38.18865],[144.43518,-38.18239],[144.42026,-38.17853]]},{"r":"PORTARLINGTON ROAD","v":17636,"h":3,"c":[[144.53283,-38.1833],[144.4293,-38.17108],[144.42729,-38.17045],[144.42232,-38.1672]]}]}