{"t":[{"r":"BARWON HEADS ROAD","v":5372,"h":8,"c":[[144.39207,-38.25529],[144.43134,-38.26024],[144.43539,-38.26198],[144.43785,-38.26392],[144.43939,-38.26464],[144.46567,-38.2678]]},{"r":"BARWON HEADS ROAD","v":5360,"h":5,"c":[[144.46567,-38.2678],[144.43939,-38.26464],[144.43785,-38.26392],[144.43539,-38.26198],[144.43134,-38.26024],[144.39207,-38.25529]]}]}