{"n":{"rail":[[[144.76745,-37.69279],[144.72192,-37.63417]],[[144.72196,-37.63416],[144.76761,-37.69272]]],"freeway":[[[144.74244,-37.66022],[144.73382,-37.64287]],[[144.73233,-37.63911],[144.74033,-37.65457]]]}}