{"n":{"rail":[[[144.76745,-37.69279],[144.72192,-37.63417],[144.72095,-37.63169],[144.71791,-37.61773]],[[144.71796,-37.61773],[144.72099,-37.63168],[144.72196,-37.63416],[144.76761,-37.69272]]],"freeway":[[[144.72385,-37.62584],[144.72822,-37.6324]],[[144.73213,-37.63487],[144.73147,-37.63575],[144.73133,-37.63671],[144.73233,-37.63911]],[[144.728,-37.63616],[144.72878,-37.63495]],[[144.72761,-37.63139],[144.72944,-37.63352],[144.73187,-37.63451]],[[144.74244,-37.66022],[144.73382,-37.64287]],[[144.73382,-37.64287],[144.73219,-37.63944]],[[144.72878,-37.63495],[144.72793,-37.63243]],[[144.72933,-37.63683],[144.72828,-37.63654]],[[144.73219,-37.63944],[144.7309,-37.63778],[144.72933,-37.63683]],[[144.73233,-37.63911],[144.74033,-37.65457]],[[144.72793,-37.63243],[144.72423,-37.62661]],[[144.73008,-37.63592],[144.72793,-37.63243]],[[144.73219,-37.63944],[144.73008,-37.63592]],[[144.72822,-37.6324],[144.73157,-37.63787]],[[144.73157,-37.63787],[144.73233,-37.63911]]]}}