{"n":{"rail":[[[144.72095,-37.63169],[144.71791,-37.61773],[144.71816,-37.59986]],[[144.71821,-37.59986],[144.71796,-37.61773],[144.72099,-37.63168]]],"freeway":[[[144.71923,-37.62294],[144.722,-37.62436],[144.72385,-37.62584],[144.72822,-37.6324]],[[144.72761,-37.63139],[144.72944,-37.63352]],[[144.71878,-37.62273],[144.71923,-37.62294]],[[144.71932,-37.62323],[144.7188,-37.623]],[[144.7129,-37.61824],[144.71128,-37.61663]],[[144.72793,-37.63243],[144.72423,-37.62661],[144.72185,-37.62455],[144.71932,-37.62323]],[[144.7188,-37.623],[144.7148,-37.62051],[144.70955,-37.61428]],[[144.71053,-37.61497],[144.71478,-37.62013],[144.71643,-37.62151],[144.71878,-37.62273]]]}}