{"n":{"rail":[[[144.73146,-37.76429],[144.63881,-37.72402]],[[144.63883,-37.72399],[144.73398,-37.76523]]],"freeway":[[[144.71647,-37.74953],[144.70972,-37.74825]],[[144.72674,-37.75157],[144.7357,-37.75459]],[[144.72674,-37.75157],[144.73167,-37.75351]],[[144.72564,-37.75158],[144.71647,-37.74953]],[[144.7322,-37.75508],[144.72951,-37.75302],[144.72564,-37.75158]],[[144.73421,-37.75543],[144.73083,-37.7533],[144.72564,-37.75158]],[[144.70609,-37.74719],[144.72349,-37.75051]],[[144.72349,-37.75051],[144.72674,-37.75157]]]}}