{"n":{"rail":[[[144.76745,-37.69279],[144.72192,-37.63417]],[[144.72196,-37.63416],[144.76761,-37.69272]]],"freeway":[[[144.72062,-37.68963],[144.73021,-37.69031]],[[144.73054,-37.69026],[144.73177,-37.69042]],[[144.73223,-37.69066],[144.73054,-37.69052]],[[144.733,-37.69051],[144.73423,-37.69084]],[[144.73027,-37.69053],[144.72059,-37.68983]],[[144.73042,-37.69056],[144.73029,-37.69054]],[[144.70999,-37.68864],[144.71269,-37.68896]],[[144.72059,-37.68983],[144.72062,-37.68963]],[[144.73177,-37.69042],[144.73473,-37.69068]],[[144.73481,-37.69092],[144.73223,-37.69066]],[[144.72059,-37.68983],[144.71779,-37.68949]],[[144.71779,-37.68949],[144.72062,-37.68963]],[[144.71593,-37.68934],[144.71266,-37.68915]],[[144.71779,-37.68949],[144.71593,-37.68934]],[[144.71266,-37.68915],[144.71269,-37.68896]],[[144.73029,-37.69054],[144.73027,-37.69053]],[[144.73027,-37.69053],[144.73021,-37.69031]],[[144.73021,-37.69031],[144.73028,-37.69025]],[[144.73028,-37.69025],[144.7305,-37.69024]],[[144.7305,-37.69024],[144.73054,-37.69026]],[[144.73054,-37.69026],[144.73054,-37.69052]],[[144.73054,-37.69052],[144.73048,-37.69055]],[[144.73048,-37.69055],[144.73042,-37.69056]],[[144.71266,-37.68915],[144.70999,-37.68864]],[[144.71269,-37.68896],[144.71593,-37.68934]]]}}