{"n":{"rail":[[[144.72249,-37.87624],[144.77924,-37.86189]],[[144.72241,-37.87632],[144.77732,-37.86244]],[[144.769,-37.86458],[144.72242,-37.87635]]],"freeway":[[[144.73212,-37.87474],[144.72955,-37.87539]],[[144.73072,-37.85711],[144.73092,-37.85785]],[[144.73223,-37.87446],[144.73618,-37.87347]],[[144.72963,-37.87513],[144.73223,-37.87446]],[[144.73642,-37.87366],[144.73212,-37.87474]],[[144.731,-37.85504],[144.73064,-37.85792]],[[144.73064,-37.85792],[144.73208,-37.86385],[144.73412,-37.86667]],[[144.73509,-37.87431],[144.73212,-37.87474]],[[144.73208,-37.86385],[144.732,-37.86398]],[[144.73223,-37.87446],[144.73481,-37.87361]],[[144.7317,-37.86309],[144.73184,-37.86313]],[[144.73367,-37.86777],[144.73431,-37.86716]],[[144.73431,-37.86716],[144.73206,-37.86415],[144.73061,-37.85887],[144.73108,-37.85355]]]}}