{"n":{"rail":[[[144.71471,-37.83084],[144.7092,-37.83258]],[[144.71468,-37.83081],[144.71513,-37.83061]],[[144.71513,-37.83061],[144.71948,-37.828],[144.72331,-37.82417],[144.73285,-37.80653]],[[144.71516,-37.83064],[144.71471,-37.83084]],[[144.70918,-37.83254],[144.71468,-37.83081]],[[144.73289,-37.80653],[144.72334,-37.82419],[144.71951,-37.82803],[144.71516,-37.83064]]],"freeway":[[[144.71381,-37.83662],[144.71013,-37.8363]],[[144.71565,-37.83659],[144.71654,-37.83684]],[[144.7316,-37.83792],[144.7316,-37.83811]],[[144.73161,-37.84337],[144.73136,-37.8381]],[[144.71132,-37.8362],[144.71565,-37.83659]],[[144.73168,-37.83987],[144.73179,-37.84335]],[[144.7316,-37.83811],[144.73136,-37.8381]],[[144.73136,-37.8381],[144.73111,-37.83808]],[[144.7217,-37.83709],[144.73136,-37.8379]],[[144.71654,-37.83684],[144.71637,-37.83682]],[[144.71831,-37.83676],[144.71931,-37.83684]],[[144.73233,-37.83817],[144.73161,-37.83845]],[[144.73138,-37.83864],[144.73111,-37.83808]],[[144.73136,-37.8381],[144.73136,-37.8379]],[[144.72883,-37.8379],[144.72449,-37.8375]],[[144.7316,-37.83811],[144.73168,-37.83987]],[[144.73136,-37.8379],[144.7316,-37.83792]],[[144.73411,-37.83833],[144.7316,-37.83811]],[[144.71951,-37.83711],[144.71952,-37.83686]],[[144.71637,-37.83682],[144.71458,-37.83668]],[[144.71575,-37.83677],[144.71512,-37.83654]],[[144.73075,-37.83786],[144.73135,-37.83753]],[[144.73159,-37.83753],[144.7321,-37.83796]],[[144.73111,-37.83808],[144.72883,-37.8379]],[[144.71952,-37.83686],[144.71971,-37.83687]],[[144.71951,-37.83711],[144.71933,-37.83709]],[[144.71971,-37.83687],[144.72038,-37.83693]],[[144.71931,-37.83684],[144.71952,-37.83686]],[[144.71565,-37.83659],[144.71831,-37.83676]],[[144.7316,-37.83792],[144.73413,-37.83812]],[[144.72079,-37.83722],[144.71976,-37.83714]],[[144.71976,-37.83714],[144.71951,-37.83711]],[[144.71933,-37.83709],[144.71781,-37.83695]],[[144.71738,-37.83691],[144.71687,-37.83687]],[[144.71687,-37.83687],[144.71654,-37.83684]],[[144.71781,-37.83695],[144.71738,-37.83691]],[[144.71458,-37.83668],[144.71381,-37.83662]],[[144.72301,-37.83738],[144.72079,-37.83722]],[[144.72449,-37.8375],[144.72301,-37.83738]],[[144.72038,-37.83693],[144.7217,-37.83709]]]}}