{"n":{"rail":[[[144.72186,-37.87649],[144.71071,-37.87943]],[[144.72242,-37.87635],[144.72186,-37.87649]],[[144.71073,-37.87938],[144.72185,-37.87646]],[[144.71072,-37.87933],[144.72174,-37.87643]],[[144.72174,-37.87643],[144.72249,-37.87624]],[[144.72249,-37.87624],[144.77924,-37.86189]],[[144.72185,-37.87646],[144.72241,-37.87632]],[[144.72241,-37.87632],[144.77732,-37.86244]],[[144.769,-37.86458],[144.72242,-37.87635]]],"freeway":[[[144.72047,-37.87769],[144.71688,-37.87905]],[[144.73212,-37.87474],[144.72955,-37.87539]],[[144.71202,-37.88061],[144.71079,-37.88062]],[[144.72217,-37.87727],[144.72047,-37.87769]],[[144.72238,-37.87697],[144.72963,-37.87513]],[[144.72243,-37.87721],[144.72217,-37.87727]],[[144.72213,-37.87703],[144.72238,-37.87697]],[[144.72047,-37.87769],[144.71423,-37.87928],[144.71175,-37.88058]],[[144.71588,-37.87857],[144.72213,-37.87703]],[[144.72963,-37.87513],[144.73223,-37.87446]],[[144.72955,-37.87539],[144.72243,-37.87721]],[[144.71321,-37.87919],[144.71588,-37.87857]],[[144.71688,-37.87905],[144.71465,-37.88037],[144.71202,-37.88061]],[[144.71107,-37.88059],[144.71311,-37.87939],[144.71588,-37.87857]],[[144.71125,-37.87979],[144.71321,-37.87919]],[[144.70971,-37.88049],[144.71321,-37.87919]]]}}