{"n":{"rail":[[[145.34382,-37.75911],[145.33694,-37.76534],[145.33503,-37.77224]],[[145.34671,-37.75645],[145.34502,-37.75807]],[[145.35116,-37.75208],[145.34839,-37.75471]],[[145.34664,-37.75632],[145.35106,-37.75208]],[[145.34844,-37.75479],[145.35137,-37.752]],[[145.3514,-37.75203],[145.34879,-37.75445]],[[145.34844,-37.75479],[145.3503,-37.75314]],[[145.3512,-37.7521],[145.34839,-37.75471]],[[145.34489,-37.75798],[145.34658,-37.75638]],[[145.34382,-37.75911],[145.34481,-37.75806]],[[145.34844,-37.75479],[145.34675,-37.7564]],[[145.34495,-37.75814],[145.34382,-37.75911]],[[145.34839,-37.75471],[145.34762,-37.75539]],[[145.34481,-37.75806],[145.34489,-37.75798]],[[145.34502,-37.75807],[145.34495,-37.75814]],[[145.34675,-37.7564],[145.34671,-37.75645]],[[145.34658,-37.75638],[145.34664,-37.75632]]],"freeway":[[[145.338,-37.76091],[145.33488,-37.76123]],[[145.33958,-37.75874],[145.3391,-37.75999],[145.338,-37.76091]],[[145.34603,-37.75665],[145.3447,-37.75631]],[[145.33433,-37.7612],[145.33435,-37.76107]],[[145.33433,-37.7612],[145.33022,-37.76084]],[[145.34661,-37.75678],[145.34655,-37.75677]],[[145.34306,-37.7561],[145.34265,-37.75621]],[[145.33374,-37.76102],[145.33435,-37.76107]],[[145.33549,-37.76112],[145.338,-37.76091]],[[145.3413,-37.75708],[145.33989,-37.7582]],[[145.34838,-37.75722],[145.34697,-37.75687]],[[145.3469,-37.75686],[145.34674,-37.75682]],[[145.33022,-37.76084],[145.32823,-37.76051]],[[145.32511,-37.75934],[145.3282,-37.76031]],[[145.32831,-37.76034],[145.33345,-37.76099]],[[145.32811,-37.76048],[145.3254,-37.7596]],[[145.34674,-37.75682],[145.34661,-37.75678]],[[145.34972,-37.75752],[145.34838,-37.75722]],[[145.3442,-37.75618],[145.34366,-37.75608]],[[145.3447,-37.75631],[145.3442,-37.75618]],[[145.34265,-37.75621],[145.34207,-37.75652]],[[145.34366,-37.75608],[145.34327,-37.75608]],[[145.32823,-37.76051],[145.32811,-37.76048]],[[145.3282,-37.76031],[145.32831,-37.76034]],[[145.34327,-37.75608],[145.34306,-37.7561]],[[145.33435,-37.76107],[145.33549,-37.76112]],[[145.33488,-37.76123],[145.33433,-37.7612]],[[145.33345,-37.76099],[145.33374,-37.76102]],[[145.34207,-37.75652],[145.3413,-37.75708]],[[145.34644,-37.75674],[145.3463,-37.75671]],[[145.3463,-37.75671],[145.34619,-37.75669]],[[145.33989,-37.7582],[145.33958,-37.75874]],[[145.34697,-37.75687],[145.3469,-37.75686]],[[145.34655,-37.75677],[145.34644,-37.75674]],[[145.34619,-37.75669],[145.34603,-37.75665]]]}}