{"n":{"rail":[[[145.32688,-38.03442],[145.33862,-38.03563],[145.34242,-38.03719]],[[145.34241,-38.03724],[145.33862,-38.03566],[145.32405,-38.03393]],[[145.34778,-38.04304],[145.34749,-38.0428]],[[145.34274,-38.03742],[145.3449,-38.03942],[145.34778,-38.04304],[145.34985,-38.04478]],[[145.34988,-38.04485],[145.34709,-38.0424],[145.34274,-38.03747]],[[145.34274,-38.03747],[145.34241,-38.03724]],[[145.34242,-38.03719],[145.34274,-38.03742]]],"freeway":[[[145.34098,-38.04562],[145.34054,-38.04545]],[[145.34167,-38.04294],[145.34176,-38.04421]],[[145.34627,-38.04744],[145.3426,-38.0461]],[[145.34172,-38.04586],[145.34122,-38.04591],[145.341,-38.04639]],[[145.34048,-38.04384],[145.34129,-38.04401]],[[145.33999,-38.04453],[145.33594,-38.04256]],[[145.34503,-38.04666],[145.35765,-38.0513]],[[145.35748,-38.05151],[145.34627,-38.04744]],[[145.34199,-38.0455],[145.33999,-38.04453]],[[145.34627,-38.04744],[145.34199,-38.0455]],[[145.34002,-38.04428],[145.34503,-38.04666]],[[145.32868,-38.03623],[145.33202,-38.03966],[145.33616,-38.04244]],[[145.33616,-38.04244],[145.34002,-38.04428]],[[145.34054,-38.04545],[145.33842,-38.04404]],[[145.34199,-38.04452],[145.34643,-38.04723]],[[145.34145,-38.04406],[145.34176,-38.04421]],[[145.33842,-38.04404],[145.33594,-38.04256]],[[145.33594,-38.04256],[145.33174,-38.03969],[145.32679,-38.03448]],[[145.33616,-38.04244],[145.33803,-38.04319]],[[145.3426,-38.0461],[145.34172,-38.04586]],[[145.34172,-38.04586],[145.34114,-38.04564]],[[145.34176,-38.04421],[145.34199,-38.04452]],[[145.3387,-38.04345],[145.34048,-38.04384]],[[145.33803,-38.04319],[145.3387,-38.04345]],[[145.32712,-38.03457],[145.32868,-38.03623]],[[145.34048,-38.04384],[145.34135,-38.04378]],[[145.34056,-38.04776],[145.34084,-38.04589],[145.34054,-38.04545]]]}}