{"b":[{"h":6,"g":[[145.448706,-37.31791],[145.448851,-37.31791],[145.448851,-37.317709],[145.448706,-37.317709],[145.448706,-37.31791]]},{"h":6,"g":[[145.448282,-37.317821],[145.448497,-37.317855],[145.448529,-37.317726],[145.448315,-37.317692],[145.448282,-37.317821]]}]}