{"b":[{"h":6,"g":[[145.453749,-37.24958],[145.453851,-37.249738],[145.453989,-37.249682],[145.453887,-37.249524],[145.453749,-37.24958]]},{"h":6,"g":[[145.449672,-37.250605],[145.44972,-37.250725],[145.449835,-37.250695],[145.449787,-37.250576],[145.449672,-37.250605]]},{"h":6,"g":[[145.450535,-37.250716],[145.450694,-37.25073],[145.450715,-37.250567],[145.450557,-37.250554],[145.450535,-37.250716]]}]}