{"b":[{"h":6,"g":[[145.437973,-37.578593],[145.438055,-37.578686],[145.438077,-37.578674],[145.43815,-37.578756],[145.438211,-37.578723],[145.438056,-37.578547],[145.437973,-37.578593]]},{"h":6,"g":[[145.438167,-37.578764],[145.438273,-37.578889],[145.438329,-37.57886],[145.438223,-37.578734],[145.438167,-37.578764]]}]}