{"b":[{"h":6,"g":[[145.457623,-37.6334],[145.457644,-37.633509],[145.457725,-37.633499],[145.457712,-37.633433],[145.457791,-37.633423],[145.457734,-37.633131],[145.457647,-37.633142],[145.457696,-37.633391],[145.457623,-37.6334]]}]}