{"b":[{"h":6,"g":[[145.449538,-37.734299],[145.449663,-37.734303],[145.449662,-37.734322],[145.449853,-37.734327],[145.449856,-37.734253],[145.44954,-37.734245],[145.449538,-37.734299]]}]}