{"b":[{"h":6,"g":[[145.450965,-37.683054],[145.45128,-37.68307],[145.45129,-37.682938],[145.451201,-37.682933],[145.451214,-37.682771],[145.450988,-37.68276],[145.450965,-37.683054]]},{"h":6,"g":[[145.455898,-37.671338],[145.456004,-37.671362],[145.456031,-37.671288],[145.455925,-37.671264],[145.455898,-37.671338]]}]}