{"b":[{"h":6,"g":[[145.456407,-37.981417],[145.456473,-37.981634],[145.45658,-37.981613],[145.456513,-37.981397],[145.456407,-37.981417]]}]}