{"b":[{"h":6,"g":[[145.454038,-38.215239],[145.454321,-38.215245],[145.454326,-38.215128],[145.454043,-38.215121],[145.454038,-38.215239]]},{"h":6,"g":[[145.45354,-38.215181],[145.453608,-38.215187],[145.453624,-38.215084],[145.453555,-38.215077],[145.45354,-38.215181]]},{"h":6,"g":[[145.453682,-38.215362],[145.453751,-38.215373],[145.453798,-38.215199],[145.453729,-38.215187],[145.453682,-38.215362]]},{"h":6,"g":[[145.453618,-38.215206],[145.453701,-38.215212],[145.453704,-38.215183],[145.453725,-38.215179],[145.453736,-38.215086],[145.453633,-38.215079],[145.453618,-38.215206]]}]}