{"b":[{"h":6,"g":[[145.437186,-38.427206],[145.437191,-38.427346],[145.437253,-38.427345],[145.437253,-38.427345],[145.437269,-38.427345],[145.437283,-38.427344],[145.437283,-38.427344],[145.437334,-38.427343],[145.437328,-38.427236],[145.437279,-38.427237],[145.437277,-38.427204],[145.437186,-38.427206]]}]}