{"b":[{"h":6,"g":[[145.45228,-38.531818],[145.452427,-38.531896],[145.452485,-38.53183],[145.452338,-38.531752],[145.45228,-38.531818]]},{"h":6,"g":[[145.452532,-38.531446],[145.45268,-38.531524],[145.452738,-38.531458],[145.45259,-38.53138],[145.452532,-38.531446]]},{"h":6,"g":[[145.452622,-38.53136],[145.452762,-38.531428],[145.4528,-38.531379],[145.45266,-38.531311],[145.452622,-38.53136]]}]}