{"b":[{"h":6,"g":[[145.055717,-37.358895],[145.055775,-37.358971],[145.055935,-37.358893],[145.055877,-37.358817],[145.055717,-37.358895]]}]}