{"b":[{"h":6,"g":[[145.057296,-37.618952],[145.057318,-37.619014],[145.057363,-37.619067],[145.057426,-37.619106],[145.057503,-37.619127],[145.057583,-37.619128],[145.05766,-37.619109],[145.057725,-37.619071],[145.057772,-37.619019],[145.057797,-37.618954],[145.057792,-37.618886],[145.057758,-37.618823],[145.0577,-37.618773],[145.057624,-37.618741],[145.057539,-37.618731],[145.057455,-37.618745],[145.057381,-37.61878],[145.05733,-37.618829],[145.0573,-37.618889],[145.057296,-37.618952]]},{"h":6,"g":[[145.057902,-37.618973],[145.057903,-37.619046],[145.057937,-37.619115],[145.057997,-37.619171],[145.058078,-37.619207],[145.058169,-37.619219],[145.058253,-37.619209],[145.058329,-37.619177],[145.058389,-37.619129],[145.058426,-37.619069],[145.058438,-37.619002],[145.058423,-37.618935],[145.058383,-37.618876],[145.058321,-37.618829],[145.058244,-37.6188],[145.058159,-37.618792],[145.058068,-37.618807],[145.057989,-37.618846],[145.057932,-37.618903],[145.057902,-37.618973]]},{"h":6,"g":[[145.057853,-37.619496],[145.057861,-37.619554],[145.057894,-37.619606],[145.057947,-37.619646],[145.058015,-37.61967],[145.058088,-37.619674],[145.058152,-37.61966],[145.058208,-37.619631],[145.05825,-37.619589],[145.058273,-37.61954],[145.058276,-37.619487],[145.058258,-37.619436],[145.058222,-37.619392],[145.058169,-37.61936],[145.058107,-37.619341],[145.05804,-37.619339],[145.05797,-37.619356],[145.057911,-37.619391],[145.05787,-37.619439],[145.057853,-37.619496]]}]}