{"b":[{"h":6,"g":[[145.058105,-37.599632],[145.058846,-37.599712],[145.058864,-37.599631],[145.058795,-37.599618],[145.058857,-37.599329],[145.058749,-37.599325],[145.058784,-37.599159],[145.058198,-37.599096],[145.058105,-37.599632]]}]}