{"b":[{"h":6,"g":[[145.062427,-38.20065],[145.062478,-38.20068],[145.062514,-38.200643],[145.062464,-38.200613],[145.062427,-38.20065]]},{"h":6,"g":[[145.062351,-38.200716],[145.06242,-38.200759],[145.062443,-38.200735],[145.062374,-38.200693],[145.062351,-38.200716]]},{"h":6,"g":[[145.063209,-38.200022],[145.063263,-38.200047],[145.0633,-38.199999],[145.063247,-38.199974],[145.063209,-38.200022]]},{"h":6,"g":[[145.062618,-38.200461],[145.062678,-38.200506],[145.062719,-38.200472],[145.062659,-38.200427],[145.062618,-38.200461]]}]}