{"b":[{"h":6,"g":[[145.046267,-38.393533],[145.046292,-38.393628],[145.046372,-38.393615],[145.046369,-38.393605],[145.046439,-38.393594],[145.046416,-38.393508],[145.046267,-38.393533]]}]}