{"b":[{"h":6,"g":[[145.049665,-38.323238],[145.04977,-38.323404],[145.049774,-38.323403],[145.049782,-38.323416],[145.049794,-38.323411],[145.049849,-38.323499],[145.04991,-38.323475],[145.049847,-38.323376],[145.049915,-38.32335],[145.049809,-38.323182],[145.049665,-38.323238]]}]}