{"b":[{"h":6,"g":[[145.05088,-38.27461],[145.051011,-38.274618],[145.051018,-38.27455],[145.050887,-38.274541],[145.05088,-38.27461]]},{"h":6,"g":[[145.041474,-38.272996],[145.041475,-38.273031],[145.041478,-38.27312],[145.041547,-38.273118],[145.041546,-38.273028],[145.041568,-38.273027],[145.041566,-38.272995],[145.041474,-38.272996]]},{"h":6,"g":[[145.041471,-38.272993],[145.041576,-38.272994],[145.041575,-38.27292],[145.041472,-38.27292],[145.041471,-38.272983],[145.041471,-38.272993]]}]}