{"b":[{"h":6,"g":[[145.052806,-38.341413],[145.052811,-38.341586],[145.052879,-38.341585],[145.05288,-38.341625],[145.052967,-38.341624],[145.052966,-38.341581],[145.052947,-38.341581],[145.052943,-38.341419],[145.05294,-38.341339],[145.052964,-38.341338],[145.052963,-38.341271],[145.052893,-38.341273],[145.052895,-38.341322],[145.052844,-38.341323],[145.052847,-38.341412],[145.052806,-38.341413]]},{"h":6,"g":[[145.053063,-38.340908],[145.05307,-38.340958],[145.053077,-38.341006],[145.053198,-38.340996],[145.053185,-38.340898],[145.053063,-38.340908]]}]}