{"b":[{"h":6,"g":[[145.051675,-38.344033],[145.051965,-38.344096],[145.051998,-38.344002],[145.051708,-38.343939],[145.051675,-38.344033]]},{"h":6,"g":[[145.049763,-38.344461],[145.049853,-38.344579],[145.049935,-38.344541],[145.049845,-38.344422],[145.049763,-38.344461]]},{"h":6,"g":[[145.050201,-38.345143],[145.050321,-38.345343],[145.050457,-38.345292],[145.050336,-38.345093],[145.050201,-38.345143]]},{"h":6,"g":[[145.053544,-38.354852],[145.053648,-38.354932],[145.053781,-38.354815],[145.053683,-38.354739],[145.053544,-38.354852]]}]}