{"b":[{"h":6,"g":[[145.050597,-38.36323],[145.050612,-38.363265],[145.050685,-38.363245],[145.05078,-38.363239],[145.050854,-38.363252],[145.050926,-38.363278],[145.050969,-38.363303],[145.050991,-38.36332],[145.05104,-38.363298],[145.051033,-38.363241],[145.05105,-38.36319],[145.05109,-38.363137],[145.051119,-38.363108],[145.051112,-38.363081],[145.051076,-38.36308],[145.051002,-38.363069],[145.050924,-38.363043],[145.050855,-38.362997],[145.050804,-38.362938],[145.050783,-38.362885],[145.050813,-38.362822],[145.050822,-38.362772],[145.050815,-38.36272],[145.050798,-38.362678],[145.050766,-38.362639],[145.050729,-38.362612],[145.05073,-38.362598],[145.050785,-38.362581],[145.05085,-38.362547],[145.050903,-38.362497],[145.050944,-38.362442],[145.05097,-38.362375],[145.05097,-38.362315],[145.050965,-38.362294],[145.050827,-38.362338],[145.0507,-38.362439],[145.050619,-38.362568],[145.050605,-38.362668],[145.05062,-38.362747],[145.050665,-38.36283],[145.050717,-38.362926],[145.050735,-38.363012],[145.050723,-38.363071],[145.050709,-38.3631],[145.050737,-38.363109],[145.050704,-38.363167],[145.050623,-38.363221],[145.050597,-38.36323]]},{"h":6,"g":[[145.05826,-38.374962],[145.058261,-38.37503],[145.058375,-38.37503],[145.058375,-38.374962],[145.05826,-38.374962]]}]}