{"n":{"rail":[[[144.63881,-37.72402],[144.5793,-37.7045]],[[144.57937,-37.70446],[144.63883,-37.72399]]],"freeway":[[[144.61334,-37.69706],[144.6214,-37.70235]],[[144.62095,-37.70388],[144.62079,-37.70254],[144.61798,-37.70039]],[[144.62287,-37.7039],[144.62116,-37.70277],[144.62095,-37.70388]],[[144.6242,-37.70485],[144.62287,-37.7039]],[[144.6214,-37.70235],[144.62452,-37.70457]],[[144.62287,-37.7039],[144.61798,-37.70039]]]}}