{"n":{"rail":[[[144.61556,-37.91715],[144.50724,-37.95891]]],"freeway":[[[144.6068,-37.94165],[144.56438,-37.96484]],[[144.60659,-37.9415],[144.62462,-37.93139]],[[144.62712,-37.93058],[144.6068,-37.94165]],[[144.55933,-37.96752],[144.60659,-37.9415]]]}}