{"n":{"rail":[[[144.61422,-38.2612],[144.61387,-38.26103]],[[144.61301,-38.26033],[144.61177,-38.25939]],[[144.61295,-38.26039],[144.61169,-38.25946]],[[144.61291,-38.26042],[144.61166,-38.25948]]],"freeway":[[[144.60884,-38.26095],[144.60978,-38.26145]],[[144.62301,-38.27116],[144.62452,-38.27188]],[[144.62439,-38.27204],[144.62301,-38.27116]],[[144.60673,-38.25984],[144.60884,-38.26095]],[[144.57717,-38.24428],[144.60673,-38.25984]],[[144.61861,-38.26653],[144.62024,-38.26937],[144.62301,-38.27116]],[[144.61747,-38.26549],[144.61861,-38.26653]],[[144.61231,-38.26272],[144.61184,-38.26255],[144.61231,-38.26272]],[[144.61637,-38.26488],[144.61747,-38.26549]],[[144.61184,-38.26266],[144.60978,-38.26145]],[[144.61364,-38.26344],[144.61216,-38.2628]],[[144.60978,-38.26145],[144.61208,-38.2624]],[[144.61233,-38.26253],[144.61364,-38.26344]],[[144.61364,-38.26344],[144.61637,-38.26488]]]}}