{"t":[{"r":"HEALESVILLE-KOO WEE RUP ROAD","v":1689,"h":13,"c":[[145.51946,-37.69853],[145.52218,-37.7025],[145.52251,-37.70366],[145.517,-37.72611]]},{"r":"HEALESVILLE-KOO WEE RUP ROAD","v":1643,"h":13,"c":[[145.517,-37.72611],[145.52251,-37.70366],[145.52218,-37.7025],[145.51946,-37.69853]]}]}