{"t":[{"r":"HEALESVILLE-KOO WEE RUP ROAD","v":1689,"h":13,"c":[[145.52251,-37.70366],[145.517,-37.72611],[145.51607,-37.73097],[145.5166,-37.73172],[145.51855,-37.7325],[145.51959,-37.73334],[145.52035,-37.73422],[145.52091,-37.73622]]},{"r":"HEALESVILLE-KOO WEE RUP ROAD","v":1643,"h":13,"c":[[145.52134,-37.73694],[145.52035,-37.73422],[145.51959,-37.73334],[145.51855,-37.7325],[145.5166,-37.73172],[145.51607,-37.73097],[145.517,-37.72611],[145.52251,-37.70366]]}]}