{"t":[{"r":"HEALESVILLE-KOO WEE RUP ROAD","v":1689,"h":13,"c":[[145.52035,-37.73422],[145.52091,-37.73622],[145.52163,-37.73721],[145.52535,-37.73929]]},{"r":"HEALESVILLE-KOO WEE RUP ROAD","v":1643,"h":13,"c":[[145.52535,-37.73929],[145.52134,-37.73694],[145.52035,-37.73422]]}]}