{"t":[{"r":"MYERS CREEK ROAD","v":390,"h":6,"c":[[145.51927,-37.60553],[145.51874,-37.6058],[145.51777,-37.60852],[145.51682,-37.60987],[145.51687,-37.61038],[145.51844,-37.61324],[145.52017,-37.61557]]},{"r":"MYERS CREEK ROAD","v":407,"h":6,"c":[[145.51927,-37.60553],[145.51874,-37.6058],[145.51777,-37.60852],[145.51682,-37.60987],[145.51687,-37.61038],[145.51844,-37.61324],[145.52017,-37.61557]]}]}