{"t":[{"r":"HEALESVILLE-KOO WEE RUP ROAD","v":1689,"h":13,"c":[[145.51521,-37.68157],[145.51812,-37.68543],[145.51904,-37.68972],[145.51946,-37.69853],[145.52218,-37.7025]]},{"r":"HEALESVILLE-KOO WEE RUP ROAD","v":1643,"h":13,"c":[[145.52218,-37.7025],[145.51946,-37.69853],[145.51904,-37.68972],[145.51812,-37.68543],[145.51521,-37.68157]]}]}