{"t":[{"r":"MYERS CREEK ROAD","v":390,"h":6,"c":[[145.51844,-37.61324],[145.52017,-37.61557],[145.52116,-37.61631],[145.52138,-37.61717],[145.52292,-37.61933],[145.52277,-37.62027],[145.52231,-37.62076],[145.51885,-37.62107],[145.51797,-37.62164],[145.51777,-37.62232],[145.51678,-37.62315],[145.5166,-37.6261],[145.51595,-37.62708],[145.51567,-37.62823],[145.5164,-37.62873],[145.52071,-37.629],[145.52191,-37.63009],[145.52315,-37.63275]]},{"r":"MYERS CREEK ROAD","v":407,"h":6,"c":[[145.51844,-37.61324],[145.52017,-37.61557],[145.52116,-37.61631],[145.52138,-37.61717],[145.52292,-37.61933],[145.52277,-37.62027],[145.52231,-37.62076],[145.51885,-37.62107],[145.51797,-37.62164],[145.51777,-37.62232],[145.51678,-37.62315],[145.5166,-37.6261],[145.51595,-37.62708],[145.51567,-37.62823],[145.5164,-37.62873],[145.52071,-37.629],[145.52191,-37.63009],[145.52315,-37.63275]]}]}