{"t":[{"r":"HEALESVILLE-KOO WEE RUP ROAD","v":1272,"h":18,"c":[[145.5278,-37.89078],[145.52446,-37.89147],[145.51381,-37.8999]]},{"r":"WOORI YALLOCK ROAD","v":1236,"h":18,"c":[[145.51381,-37.8999],[145.52446,-37.89147],[145.5278,-37.89078]]}]}