{"t":[{"r":"MOUNTAIN ROAD","v":3717,"h":6,"c":[[145.50291,-37.92405],[145.50405,-37.9245],[145.50546,-37.92728]]},{"r":"MOUNTAIN ROAD","v":3717,"h":6,"c":[[145.50714,-37.92762],[145.5097,-37.92564],[145.5109,-37.92556],[145.51396,-37.92399],[145.51668,-37.92434],[145.5176,-37.92396],[145.5179,-37.92467],[145.52179,-37.92656],[145.52205,-37.92693]]},{"r":"MOUNTAIN ROAD","v":3717,"h":6,"c":[[145.50291,-37.92405],[145.50405,-37.9245],[145.50546,-37.92728]]},{"r":"MOUNTAIN ROAD","v":3717,"h":6,"c":[[145.50714,-37.92762],[145.5097,-37.92564],[145.5109,-37.92556],[145.51396,-37.92399],[145.51668,-37.92434],[145.5176,-37.92396],[145.5179,-37.92467],[145.52179,-37.92656],[145.52205,-37.92693]]}]}