{"t":[{"r":"HEALESVILLE-KOO WEE RUP ROAD","v":1272,"h":18,"c":[[145.52051,-37.83863],[145.52285,-37.84111],[145.52474,-37.84568],[145.52838,-37.84851]]},{"r":"WOORI YALLOCK ROAD","v":1236,"h":18,"c":[[145.52838,-37.84851],[145.52474,-37.84568],[145.52361,-37.84343],[145.52322,-37.84166],[145.52202,-37.84015]]}]}