{"t":[{"r":"WARBURTON HIGHWAY","v":6978,"h":6,"c":[[145.50167,-37.77555],[145.5077,-37.775],[145.52006,-37.77525],[145.52251,-37.776],[145.5259,-37.77888]]},{"r":"HEALESVILLE-KOO WEE RUP ROAD","v":1413,"h":12,"c":[[145.53063,-37.78426],[145.52434,-37.78527],[145.52108,-37.78723],[145.52027,-37.7883]]},{"r":"WARBURTON HIGHWAY","v":7632,"h":6,"c":[[145.5259,-37.77888],[145.52251,-37.776],[145.52006,-37.77525],[145.5077,-37.775],[145.50167,-37.77555]]},{"r":"HEALESVILLE-KOO WEE RUP ROAD","v":1399,"h":13,"c":[[145.52027,-37.7883],[145.52108,-37.78723],[145.52434,-37.78527],[145.53063,-37.78426]]}]}