{"t":[{"r":"HEALESVILLE-KOO WEE RUP ROAD","v":1272,"h":18,"c":[[145.50631,-37.82092],[145.51012,-37.82543],[145.51305,-37.8276],[145.51394,-37.82986],[145.51564,-37.83235],[145.51825,-37.83717],[145.52051,-37.83863],[145.52285,-37.84111]]},{"r":"WOORI YALLOCK ROAD","v":1236,"h":18,"c":[[145.52322,-37.84166],[145.52202,-37.84015],[145.52051,-37.83863],[145.51806,-37.8369],[145.51564,-37.83235],[145.51394,-37.82986],[145.51305,-37.8276],[145.51012,-37.82543],[145.50641,-37.82107]]}]}