{"t":[{"r":"HEALESVILLE-KOO WEE RUP ROAD","v":1413,"h":12,"c":[[145.52108,-37.78723],[145.52027,-37.7883],[145.52029,-37.78944],[145.52141,-37.79128],[145.52166,-37.79329],[145.52588,-37.79921]]},{"r":"HEALESVILLE-KOO WEE RUP ROAD","v":1413,"h":12,"c":[[145.52585,-37.80089],[145.52425,-37.80384],[145.52206,-37.80596]]},{"r":"HEALESVILLE-KOO WEE RUP ROAD","v":1399,"h":13,"c":[[145.52206,-37.80596],[145.52425,-37.80384],[145.52578,-37.80108]]},{"r":"HEALESVILLE-KOO WEE RUP ROAD","v":1399,"h":13,"c":[[145.52591,-37.79938],[145.52166,-37.79329],[145.52141,-37.79128],[145.52029,-37.78944],[145.52027,-37.7883],[145.52108,-37.78723]]}]}