{"t":[{"r":"HEALESVILLE-KOO WEE RUP ROAD","v":1272,"h":18,"c":[[145.52446,-37.89147],[145.51381,-37.8999],[145.51046,-37.90106],[145.50432,-37.9068],[145.5037,-37.90708],[145.50203,-37.90709]]},{"r":"WOORI YALLOCK ROAD","v":1236,"h":18,"c":[[145.50203,-37.90709],[145.5037,-37.90708],[145.50432,-37.9068],[145.51046,-37.90106],[145.51381,-37.8999],[145.52446,-37.89147]]}]}