{"t":[{"r":"PAKENHAM ROAD","v":1206,"h":17,"c":[[145.50286,-37.95874],[145.50501,-37.96168]]},{"r":"BELGRAVE-GEMBROOK ROAD","v":1290,"h":11,"c":[[145.50249,-37.94316],[145.50416,-37.94558],[145.50651,-37.9468],[145.50752,-37.94788],[145.51095,-37.94672],[145.51218,-37.94481],[145.5139,-37.94423],[145.51799,-37.94496],[145.52019,-37.94491],[145.5218,-37.94629],[145.52462,-37.94619],[145.52995,-37.9466]]},{"r":"PAKENHAM ROAD","v":1179,"h":17,"c":[[145.50569,-37.96385],[145.50483,-37.96144],[145.50292,-37.95893]]},{"r":"BELGRAVE-GEMBROOK ROAD","v":1320,"h":11,"c":[[145.52995,-37.9466],[145.52462,-37.94619],[145.52197,-37.94639],[145.52019,-37.94491],[145.51799,-37.94496],[145.5139,-37.94423],[145.51204,-37.94492],[145.51095,-37.94672],[145.50752,-37.94788],[145.50651,-37.9468],[145.50416,-37.94558],[145.50249,-37.94316]]}]}