{"t":[{"r":"PAKENHAM ROAD","v":1141,"h":17,"c":[[145.51035,-37.97782],[145.5104,-37.97965],[145.50962,-37.98245],[145.50645,-37.98513],[145.50616,-37.9859],[145.50677,-37.98683],[145.50901,-37.98798],[145.50895,-37.98859],[145.50779,-37.98969],[145.50717,-37.99208],[145.50872,-37.99518],[145.51213,-37.99852]]},{"r":"PAKENHAM ROAD","v":1123,"h":15,"c":[[145.51222,-37.99869],[145.50872,-37.99518],[145.50717,-37.99208],[145.50779,-37.98969],[145.50895,-37.98859],[145.50901,-37.98798],[145.50677,-37.98683],[145.50616,-37.9859],[145.50645,-37.98513],[145.50962,-37.98245],[145.5104,-37.97965],[145.51035,-37.97782]]}]}