{"t":[{"r":"BALLARTO ROAD","v":1735,"h":9,"c":[[145.48755,-38.15396],[145.53255,-38.15994]]},{"r":"BALLARTO ROAD","v":1654,"h":12,"c":[[145.53255,-38.15994],[145.48755,-38.15396]]}]}