{"t":[{"r":"SOUTH GIPPSLAND HIGHWAY","v":9303,"h":11,"c":[[145.50756,-38.21935],[145.50944,-38.22302],[145.51024,-38.23114],[145.51093,-38.23269],[145.51207,-38.23393],[145.51352,-38.23487],[145.53923,-38.24715]]},{"r":"SOUTH GIPPSLAND HIGHWAY","v":9828,"h":9,"c":[[145.53873,-38.24714],[145.51232,-38.23438],[145.51088,-38.23302],[145.51007,-38.23142],[145.50917,-38.22313],[145.50725,-38.21933]]}]}