{"t":[{"r":"SOUTH GIPPSLAND HIGHWAY","v":9303,"h":11,"c":[[145.51352,-38.23487],[145.53923,-38.24715]]},{"r":"SOUTH GIPPSLAND HIGHWAY","v":9828,"h":9,"c":[[145.53873,-38.24714],[145.51232,-38.23438]]}]}