{"t":[{"r":"KOO WEE RUP-LONGWARRY ROAD","v":959,"h":12,"c":[[145.50041,-38.1954],[145.50843,-38.19224],[145.51653,-38.19276],[145.52986,-38.18741]]},{"r":"ROSSITER ROAD","v":876,"h":12,"c":[[145.52986,-38.18741],[145.51653,-38.19276],[145.50843,-38.19224],[145.50041,-38.1954]]}]}