{"t":[{"r":"SOUTH GIPPSLAND HIGHWAY","v":9303,"h":11,"c":[[145.50157,-38.2158],[145.50347,-38.21637],[145.50549,-38.21742],[145.50756,-38.21935],[145.50944,-38.22302]]},{"r":"SOUTH GIPPSLAND HIGHWAY","v":9828,"h":9,"c":[[145.50917,-38.22313],[145.50725,-38.21933],[145.50616,-38.21822],[145.50371,-38.2167],[145.49768,-38.21528]]}]}