{"t":[{"r":"CAMERON DRIVE","v":73,"h":3,"c":[[144.57764,-37.38353],[144.5784,-37.37699],[144.57793,-37.37421],[144.57821,-37.37338],[144.57899,-37.37325],[144.58041,-37.37391]]},{"r":"MEMORIAL CROSS LOOP ROAD","v":73,"h":3,"c":[[144.57763,-37.38372],[144.57622,-37.38403],[144.57581,-37.38475],[144.57597,-37.38618],[144.57689,-37.38626]]},{"r":"CAMERON DRIVE","v":63,"h":5,"c":[[144.58041,-37.37391],[144.57899,-37.37325],[144.57821,-37.37338],[144.57793,-37.37421],[144.5784,-37.37699],[144.57764,-37.38353]]}]}