{"t":[{"r":"ROMSEY ROAD","v":2091,"h":10,"c":[[144.55244,-37.35028],[144.56904,-37.35237],[144.57115,-37.35224],[144.5731,-37.35142],[144.58348,-37.34412]]},{"r":"ROMSEY ROAD","v":2202,"h":7,"c":[[144.58479,-37.34333],[144.5731,-37.35142],[144.57115,-37.35224],[144.56904,-37.35237],[144.55244,-37.35028]]}]}