{"t":[{"r":"GISBORNE-MELTON ROAD","v":2126,"h":9,"c":[[144.57069,-37.5618],[144.57099,-37.56544],[144.57246,-37.56883],[144.57215,-37.57067],[144.57129,-37.57292],[144.57105,-37.57688],[144.58385,-37.59416]]},{"r":"MELTON ROAD","v":2205,"h":7,"c":[[144.58385,-37.59416],[144.57105,-37.57688],[144.57129,-37.57292],[144.57215,-37.57067],[144.57246,-37.56883],[144.57099,-37.56544],[144.57069,-37.5618]]}]}