{"t":[{"r":"GISBORNE-MELTON ROAD","v":2126,"h":9,"c":[[144.56144,-37.51955],[144.56833,-37.53197],[144.57197,-37.53676],[144.5743,-37.54727]]},{"r":"MELTON ROAD","v":2205,"h":7,"c":[[144.5743,-37.54727],[144.57197,-37.53676],[144.56833,-37.53197],[144.56144,-37.51955]]}]}