{"t":[{"r":"ROBERTSON STREET","v":1797,"h":11,"c":[[144.58062,-37.48471],[144.57993,-37.48503],[144.57749,-37.48745],[144.57328,-37.49],[144.57171,-37.49038],[144.56825,-37.49023],[144.56636,-37.48947],[144.55761,-37.48205]]},{"r":"GISBORNE ROAD","v":1724,"h":12,"c":[[144.55761,-37.48205],[144.56636,-37.48947],[144.56825,-37.49023],[144.57171,-37.49038],[144.57328,-37.49],[144.57749,-37.48745],[144.57993,-37.48503],[144.58062,-37.48471]]}]}