{"t":[{"r":"GISBORNE-MELTON ROAD","v":2126,"h":9,"c":[[144.57197,-37.53676],[144.5743,-37.54727],[144.57432,-37.54882],[144.57069,-37.5618],[144.57099,-37.56544]]},{"r":"MELTON ROAD","v":2205,"h":7,"c":[[144.57099,-37.56544],[144.57069,-37.5618],[144.57432,-37.54882],[144.5743,-37.54727],[144.57197,-37.53676]]}]}