{"t":[{"r":"GISBORNE-MELTON ROAD","v":2126,"h":9,"c":[[144.56676,-37.50941],[144.56196,-37.51673],[144.56117,-37.51854],[144.56144,-37.51955],[144.56833,-37.53197]]},{"r":"MELTON ROAD","v":2205,"h":7,"c":[[144.56833,-37.53197],[144.56144,-37.51955],[144.56117,-37.51854],[144.56196,-37.51673],[144.56676,-37.50941]]}]}