{"t":[{"r":"GISBORNE-MELTON ROAD","v":2126,"h":9,"c":[[144.58147,-37.50089],[144.56835,-37.50749],[144.56676,-37.50941],[144.56196,-37.51673]]},{"r":"MELTON ROAD","v":2205,"h":7,"c":[[144.56196,-37.51673],[144.56676,-37.50941],[144.56835,-37.50749],[144.58147,-37.50089]]}]}