{"t":[{"r":"CALDER FREEWAY","v":13211,"h":9,"c":[[144.57785,-37.45672],[144.57979,-37.46065]]},{"r":"CALDER FREEWAY","v":13948,"h":9,"c":[[144.57979,-37.46065],[144.58107,-37.4642]]},{"r":"CALDER FREEWAY","v":13041,"h":12,"c":[[144.57959,-37.46106],[144.57758,-37.45683]]},{"r":"CALDER FREEWAY","v":13739,"h":12,"c":[[144.58077,-37.4642],[144.57959,-37.46106]]}]}