{"t":[{"r":"DIGGERS REST-COIMADAI ROAD","v":1312,"h":25,"c":[[144.52806,-37.61696],[144.56818,-37.61198]]},{"r":"COBURNS ROAD","v":1173,"h":6,"c":[[144.56817,-37.61198],[144.57199,-37.63073],[144.57613,-37.64307]]},{"r":"COBURNS ROAD","v":1151,"h":6,"c":[[144.56817,-37.61198],[144.57199,-37.63073],[144.57613,-37.64307]]},{"r":"DIGGERS REST-COIMADAI ROAD","v":1524,"h":17,"c":[[144.56818,-37.61198],[144.52806,-37.61696]]}]}