{"t":[{"r":"EXFORD ROAD","v":2061,"h":6,"c":[[144.57578,-37.74783],[144.57516,-37.74652],[144.57637,-37.74495],[144.57711,-37.7428],[144.57674,-37.74075],[144.57639,-37.73244]]},{"r":"EXFORD ROAD","v":2043,"h":6,"c":[[144.57578,-37.74783],[144.57516,-37.74652],[144.57637,-37.74495],[144.57711,-37.7428],[144.57674,-37.74075],[144.57639,-37.73244]]}]}