{"t":[{"r":"COBURNS ROAD","v":1173,"h":6,"c":[[144.57199,-37.63073],[144.57613,-37.64307],[144.57044,-37.67303]]},{"r":"COBURNS ROAD","v":1151,"h":6,"c":[[144.57199,-37.63073],[144.57613,-37.64307],[144.57044,-37.67303]]}]}