{"t":[{"r":"EXFORD ROAD","v":2061,"h":6,"c":[[144.57674,-37.74075],[144.57639,-37.73244],[144.57589,-37.73098],[144.57267,-37.72583],[144.57313,-37.7215],[144.57221,-37.71907],[144.57506,-37.703]]},{"r":"EXFORD ROAD","v":2043,"h":6,"c":[[144.57674,-37.74075],[144.57639,-37.73244],[144.57589,-37.73098],[144.57267,-37.72583],[144.57313,-37.7215],[144.57221,-37.71907],[144.57506,-37.703]]}]}