{"t":[{"r":"BULBAN ROAD","v":504,"h":6,"c":[[144.56946,-37.92389],[144.59107,-37.92609]]},{"r":"BULBAN ROAD","v":618,"h":6,"c":[[144.56946,-37.92389],[144.59107,-37.92609]]}]}