{"t":[{"r":"BALLAN ROAD","v":1798,"h":13,"c":[[144.60296,-37.8645],[144.57472,-37.84563]]},{"r":"BALLAN ROAD","v":1842,"h":14,"c":[[144.57472,-37.84563],[144.60296,-37.8645]]}]}