{"t":[{"r":"PRINCES FREEWAY","v":25797,"h":12,"c":[[144.56396,-37.9648],[144.62419,-37.93175]]},{"r":"PRINCES FREEWAY","v":30621,"h":11,"c":[[144.62717,-37.93053],[144.56444,-37.96481]]}]}