{"t":[{"r":"HIGH STREET","v":4400,"h":5,"c":[[144.57106,-38.17285],[144.57685,-38.16698],[144.57834,-38.16356],[144.5799,-38.16121],[144.58374,-38.15983]]},{"r":"HIGH STREET","v":4460,"h":7,"c":[[144.58374,-38.15983],[144.5799,-38.16121],[144.57834,-38.16356],[144.57685,-38.16698],[144.57106,-38.17285]]}]}