{"t":[{"r":"BELLARINE HIGHWAY","v":4075,"h":7,"c":[[144.54192,-38.22607],[144.57277,-38.24196]]},{"r":"BELLARINE HIGHWAY","v":4281,"h":6,"c":[[144.57277,-38.24196],[144.54192,-38.22608]]}]}