{"t":[{"r":"MELBA HIGHWAY","v":1852,"h":17,"c":[[145.42212,-37.45698],[145.42281,-37.45915],[145.42236,-37.46216],[145.41858,-37.47806]]},{"r":"MELBA HIGHWAY","v":1852,"h":17,"c":[[145.42212,-37.45698],[145.42281,-37.45915],[145.42236,-37.46216],[145.41858,-37.47806]]},{"r":"MELBA HIGHWAY","v":1867,"h":17,"c":[[145.41858,-37.47806],[145.42236,-37.46216],[145.42281,-37.45915],[145.42212,-37.45698]]}]}