{"t":[{"r":"MELBA HIGHWAY","v":1852,"h":17,"c":[[145.41727,-37.49038],[145.4192,-37.49762],[145.42019,-37.49931],[145.42271,-37.50189],[145.42371,-37.50421],[145.42389,-37.50552],[145.42347,-37.5088],[145.42492,-37.51221]]},{"r":"MELBA HIGHWAY","v":1852,"h":17,"c":[[145.41727,-37.49038],[145.4192,-37.49762],[145.42019,-37.49931],[145.42271,-37.50189],[145.42371,-37.50421],[145.42389,-37.50552],[145.42347,-37.5088],[145.42492,-37.51221]]},{"r":"MELBA HIGHWAY","v":1867,"h":17,"c":[[145.42492,-37.51221],[145.42347,-37.5088],[145.42389,-37.50552],[145.42371,-37.50421],[145.42271,-37.50189],[145.42019,-37.49931],[145.4192,-37.49762],[145.41727,-37.49038]]}]}