{"t":[{"r":"MELBA HIGHWAY","v":1852,"h":17,"c":[[145.42433,-37.42126],[145.42294,-37.42348],[145.42136,-37.43526],[145.41914,-37.43947],[145.41894,-37.44371]]},{"r":"MELBA HIGHWAY","v":1852,"h":17,"c":[[145.42433,-37.42126],[145.42294,-37.42348],[145.42136,-37.43526],[145.41914,-37.43947],[145.41894,-37.44371]]},{"r":"MELBA HIGHWAY","v":1867,"h":17,"c":[[145.41894,-37.44371],[145.41914,-37.43947],[145.42136,-37.43526],[145.42294,-37.42348],[145.42433,-37.42126]]}]}