{"t":[{"r":"MELBA HIGHWAY","v":1852,"h":17,"c":[[145.41914,-37.43947],[145.41894,-37.44371],[145.41718,-37.44723],[145.4168,-37.44906],[145.41725,-37.4508],[145.42212,-37.45698],[145.42281,-37.45915]]},{"r":"MELBA HIGHWAY","v":1852,"h":17,"c":[[145.41914,-37.43947],[145.41894,-37.44371],[145.41718,-37.44723],[145.4168,-37.44906],[145.41725,-37.4508],[145.42212,-37.45698],[145.42281,-37.45915]]},{"r":"MELBA HIGHWAY","v":1867,"h":17,"c":[[145.42281,-37.45915],[145.42212,-37.45698],[145.41725,-37.4508],[145.4168,-37.44906],[145.41718,-37.44723],[145.41894,-37.44371],[145.41914,-37.43947]]}]}