{"t":[{"r":"MELBA HIGHWAY","v":2536,"h":15,"c":[[145.41462,-37.57223],[145.41514,-37.56823],[145.41625,-37.56645],[145.41579,-37.56412],[145.41655,-37.56191]]},{"r":"MELBA HIGHWAY","v":2481,"h":13,"c":[[145.41655,-37.56191],[145.41579,-37.56412],[145.41625,-37.56645],[145.41514,-37.56823],[145.41462,-37.57223]]}]}