{"t":[{"r":"MELBA HIGHWAY","v":1852,"h":17,"c":[[145.44278,-37.41458],[145.43569,-37.41558],[145.42556,-37.42004],[145.42433,-37.42126],[145.42294,-37.42348]]},{"r":"MELBA HIGHWAY","v":1852,"h":17,"c":[[145.44278,-37.41458],[145.43569,-37.41558],[145.42556,-37.42004],[145.42433,-37.42126],[145.42294,-37.42348]]},{"r":"MELBA HIGHWAY","v":1867,"h":17,"c":[[145.42294,-37.42348],[145.42433,-37.42126],[145.42556,-37.42004],[145.43569,-37.41558],[145.44278,-37.41458]]}]}