{"t":[{"r":"MELBA HIGHWAY","v":2536,"h":15,"c":[[145.41579,-37.56412],[145.41655,-37.56191],[145.41646,-37.55897],[145.41712,-37.55632],[145.41657,-37.5526],[145.41685,-37.55048],[145.41601,-37.54385]]},{"r":"MELBA HIGHWAY","v":2481,"h":13,"c":[[145.41601,-37.54385],[145.41684,-37.5503],[145.41657,-37.5526],[145.41712,-37.55632],[145.41646,-37.55897],[145.41655,-37.56191],[145.41579,-37.56412]]}]}