{"t":[{"r":"MELBA HIGHWAY","v":1852,"h":17,"c":[[145.42236,-37.46216],[145.41858,-37.47806],[145.41852,-37.47943],[145.41927,-37.48263],[145.41774,-37.48602],[145.41727,-37.49038],[145.4192,-37.49762]]},{"r":"MELBA HIGHWAY","v":1852,"h":17,"c":[[145.42236,-37.46216],[145.41858,-37.47806],[145.41852,-37.47943],[145.41927,-37.48263],[145.41774,-37.48602],[145.41727,-37.49038],[145.4192,-37.49762]]},{"r":"MELBA HIGHWAY","v":1867,"h":17,"c":[[145.4192,-37.49762],[145.41727,-37.49038],[145.41774,-37.48602],[145.41927,-37.48263],[145.41852,-37.47943],[145.41858,-37.47806],[145.42236,-37.46216]]}]}