{"t":[{"r":"MELBA HIGHWAY","v":2536,"h":15,"c":[[145.41352,-37.61215],[145.41761,-37.60435],[145.41831,-37.60186],[145.41842,-37.59934],[145.41804,-37.59788],[145.41691,-37.5954]]},{"r":"MELBA HIGHWAY","v":2481,"h":13,"c":[[145.41691,-37.5954],[145.41804,-37.59788],[145.41842,-37.59934],[145.41831,-37.60186],[145.41761,-37.60435],[145.41352,-37.61215]]}]}