{"t":[{"r":"MAROONDAH HIGHWAY","v":4702,"h":9,"c":[[145.40827,-37.70695],[145.41996,-37.69847],[145.42104,-37.69698],[145.423,-37.68695],[145.42401,-37.68546],[145.42626,-37.684],[145.42888,-37.68346]]},{"r":"MAROONDAH HIGHWAY","v":4767,"h":5,"c":[[145.42888,-37.68346],[145.42626,-37.684],[145.42401,-37.68546],[145.423,-37.68695],[145.42104,-37.69698],[145.41996,-37.69847],[145.40827,-37.70695]]}]}