{"t":[{"r":"MELBA HIGHWAY","v":2536,"h":15,"c":[[145.41804,-37.59788],[145.41691,-37.5954],[145.41471,-37.59301]]},{"r":"MELBA HIGHWAY","v":2481,"h":13,"c":[[145.41471,-37.59301],[145.41691,-37.5954],[145.41804,-37.59788]]}]}