{"t":[{"r":"HEALESVILLE-KINGLAKE ROAD","v":1060,"h":12,"c":[[145.43898,-37.6549],[145.43423,-37.65439],[145.42305,-37.65432],[145.41199,-37.65721]]},{"r":"HEALESVILLE-YARRA GLEN ROAD","v":1054,"h":13,"c":[[145.41199,-37.65721],[145.42298,-37.65432],[145.43423,-37.65439],[145.43898,-37.6549]]}]}