{"t":[{"r":"KILLARA ROAD","v":821,"h":6,"c":[[145.37859,-37.7247],[145.42064,-37.72243],[145.42335,-37.72306],[145.4269,-37.72291],[145.42901,-37.72393],[145.43121,-37.72764],[145.4377,-37.72971]]},{"r":"KILLARA ROAD","v":714,"h":6,"c":[[145.37859,-37.7247],[145.42064,-37.72243],[145.42335,-37.72306],[145.4269,-37.72291],[145.42901,-37.72393],[145.43121,-37.72764],[145.4377,-37.72971]]}]}