{"t":[{"r":"BELGRAVE-GEMBROOK ROAD","v":4801,"h":6,"c":[[145.4138,-37.92126],[145.41541,-37.92111],[145.41947,-37.92196],[145.41985,-37.92279],[145.41873,-37.9245],[145.41886,-37.92494],[145.41968,-37.92619],[145.42313,-37.92915]]},{"r":"KALLISTA-EMERALD ROAD","v":3717,"h":6,"c":[[145.42788,-37.9092],[145.43249,-37.91018],[145.43506,-37.91039],[145.4368,-37.91193],[145.43896,-37.91151]]},{"r":"KALLISTA-EMERALD ROAD","v":3717,"h":6,"c":[[145.42788,-37.9092],[145.43249,-37.91018],[145.43506,-37.91039],[145.4368,-37.91193],[145.43896,-37.91151]]},{"r":"BELGRAVE-GEMBROOK ROAD","v":4974,"h":8,"c":[[145.42313,-37.92915],[145.41975,-37.92629],[145.41897,-37.92507],[145.41873,-37.9245],[145.41985,-37.92279],[145.41947,-37.92196],[145.41559,-37.92114],[145.4138,-37.92126]]}]}