{"t":[{"r":"MONBULK ROAD","v":3665,"h":12,"c":[[145.4138,-37.82233],[145.41681,-37.82361]]},{"r":"MONBULK ROAD","v":3744,"h":12,"c":[[145.41681,-37.82361],[145.4138,-37.82233]]},{"r":"QUEENS ROAD","v":375,"h":0,"c":[[145.43002,-37.80952],[145.44327,-37.80236]]},{"r":"QUEENS ROAD","v":315,"h":0,"c":[[145.43002,-37.80952],[145.44327,-37.80236]]}]}