{"t":[{"r":"VICTORIA ROAD","v":3717,"h":6,"c":[[145.41412,-37.76771],[145.41607,-37.7675],[145.4174,-37.76784],[145.4216,-37.76998],[145.42607,-37.77006],[145.43144,-37.76738],[145.43777,-37.76757]]},{"r":"SEBIRE AVENUE","v":3717,"h":6,"c":[[145.43737,-37.76795],[145.43664,-37.7713]]},{"r":"SEBIRE AVENUE","v":3717,"h":6,"c":[[145.43737,-37.76795],[145.43664,-37.7713]]},{"r":"VICTORIA ROAD","v":3717,"h":6,"c":[[145.41412,-37.76771],[145.41607,-37.7675],[145.4174,-37.76784],[145.4216,-37.76998],[145.42607,-37.77006],[145.43144,-37.76738],[145.43777,-37.76757]]}]}