{"t":[{"r":"DAVID HILL ROAD","v":3717,"h":6,"c":[[145.41037,-37.87715],[145.41656,-37.87615],[145.41999,-37.8787],[145.4211,-37.88066],[145.42134,-37.88252],[145.42446,-37.88372],[145.42629,-37.88305],[145.42922,-37.88277],[145.42942,-37.883],[145.42916,-37.8846],[145.42964,-37.88581],[145.42848,-37.88757],[145.42906,-37.88819],[145.43063,-37.88851],[145.43005,-37.88997],[145.43024,-37.89098],[145.43187,-37.89308]]},{"r":"EMERALD-MONBULK ROAD","v":344,"h":9,"c":[[145.41432,-37.88348],[145.41527,-37.88353],[145.41678,-37.88562],[145.4162,-37.88795],[145.41667,-37.88987],[145.41814,-37.89206],[145.41835,-37.893]]},{"r":"EMERALD-MONBULK ROAD","v":379,"h":8,"c":[[145.41835,-37.893],[145.41814,-37.89206],[145.41667,-37.88987],[145.4162,-37.88795],[145.41678,-37.88562],[145.41527,-37.88353],[145.41432,-37.88348]]},{"r":"DAVID HILL ROAD","v":3717,"h":6,"c":[[145.41037,-37.87715],[145.41656,-37.87615],[145.41999,-37.8787],[145.4211,-37.88066],[145.42134,-37.88252],[145.42446,-37.88372],[145.42629,-37.88305],[145.42922,-37.88277],[145.42942,-37.883],[145.42916,-37.8846],[145.42964,-37.88581],[145.42848,-37.88757],[145.42906,-37.88819],[145.43063,-37.88851],[145.43005,-37.88997],[145.43024,-37.89098],[145.43187,-37.89308]]}]}