{"t":[{"r":"MONBULK ROAD","v":3665,"h":12,"c":[[145.4138,-37.82233],[145.41681,-37.82361],[145.42059,-37.82429],[145.42411,-37.82962],[145.4251,-37.8304],[145.42644,-37.83076],[145.42937,-37.83236],[145.42948,-37.83447],[145.42682,-37.83926],[145.42476,-37.84195]]},{"r":"MONBULK ROAD","v":3744,"h":12,"c":[[145.42476,-37.84195],[145.42682,-37.83926],[145.42948,-37.83447],[145.42937,-37.83236],[145.42644,-37.83076],[145.4251,-37.8304],[145.42411,-37.82962],[145.42059,-37.82429],[145.41681,-37.82361],[145.4138,-37.82233]]}]}