{"t":[{"r":"BEENAK ROAD","v":3717,"h":6,"c":[[145.43251,-37.78159],[145.43303,-37.78827],[145.43626,-37.79072],[145.44061,-37.79578]]},{"r":"BEENAK ROAD","v":3717,"h":6,"c":[[145.43251,-37.78159],[145.43303,-37.78827],[145.43626,-37.79072],[145.44061,-37.79578]]},{"r":"QUEENS ROAD","v":375,"h":0,"c":[[145.43002,-37.80952],[145.44327,-37.80236]]},{"r":"QUEENS ROAD","v":315,"h":0,"c":[[145.43002,-37.80952],[145.44327,-37.80236]]}]}