{"t":[{"r":"BEACONSFIELD-EMERALD ROAD","v":1255,"h":8,"c":[[145.4392,-37.98759],[145.43332,-37.99063],[145.43102,-37.99094],[145.43016,-37.99184],[145.42848,-37.99178],[145.42453,-37.99063],[145.42317,-37.99108],[145.42271,-37.99168],[145.42273,-37.99365],[145.42155,-37.99571],[145.42047,-37.99642]]},{"r":"BEACONSFIELD-EMERALD ROAD","v":1260,"h":9,"c":[[145.42039,-37.99654],[145.42155,-37.99571],[145.42273,-37.99365],[145.42271,-37.99168],[145.42317,-37.99108],[145.42453,-37.99063],[145.42848,-37.99178],[145.43016,-37.99184],[145.43087,-37.99103],[145.43332,-37.99063],[145.4392,-37.98759]]}]}