{"t":[{"r":"LEPPITT ROAD","v":1301,"h":6,"c":[[145.43369,-38.02093],[145.43844,-38.02236]]},{"r":"SALISBURY ROAD","v":1301,"h":6,"c":[[145.42693,-38.0133],[145.42834,-38.01456],[145.43124,-38.01637],[145.43309,-38.01873],[145.43369,-38.02093]]},{"r":"SALISBURY ROAD","v":1326,"h":6,"c":[[145.42693,-38.0133],[145.42834,-38.01456],[145.43124,-38.01637],[145.43309,-38.01873],[145.43369,-38.02093]]},{"r":"LEPPITT ROAD","v":1326,"h":6,"c":[[145.43369,-38.02093],[145.43844,-38.02236]]}]}