{"t":[{"r":"BEACONSFIELD-EMERALD ROAD","v":1255,"h":8,"c":[[145.42155,-37.99571],[145.42047,-37.99642],[145.42026,-37.9981],[145.41839,-37.9991],[145.41582,-37.99947],[145.41487,-38.0006]]},{"r":"SALISBURY ROAD","v":1301,"h":6,"c":[[145.41375,-38.00581],[145.41684,-38.0077],[145.42122,-38.00776],[145.4237,-38.00703],[145.42672,-38.00708],[145.42743,-38.00768],[145.42793,-38.00867],[145.42693,-38.0133],[145.42834,-38.01456]]},{"r":"BEACONSFIELD-EMERALD ROAD","v":1260,"h":9,"c":[[145.41487,-38.0006],[145.41582,-37.99947],[145.41839,-37.9991],[145.42026,-37.9981],[145.42039,-37.99654],[145.42155,-37.99571]]},{"r":"SALISBURY ROAD","v":1326,"h":6,"c":[[145.41375,-38.00581],[145.41684,-38.0077],[145.42122,-38.00776],[145.4237,-38.00703],[145.42672,-38.00708],[145.42743,-38.00768],[145.42793,-38.00867],[145.42693,-38.0133],[145.42834,-38.01456]]}]}