{"t":[{"r":"CARDINIA ROAD","v":9944,"h":6,"c":[[145.43739,-38.06338],[145.43455,-38.07655]]},{"r":"PRINCES HIGHWAY","v":10680,"h":7,"c":[[145.40999,-38.06014],[145.41754,-38.06166],[145.42283,-38.06408],[145.42519,-38.06472],[145.42768,-38.0647],[145.43721,-38.06261]]},{"r":"PRINCES HIGHWAY","v":8886,"h":7,"c":[[145.4373,-38.063],[145.42846,-38.0649],[145.42557,-38.06499],[145.42268,-38.06431],[145.41631,-38.06153],[145.40996,-38.06027]]},{"r":"PRINCES OUT-CARDINIA RAMP OF","v":5527,"h":6,"c":[[145.43423,-38.07729],[145.43739,-38.06338]]}]}