{"t":[{"r":"CARDINIA ROAD","v":3616,"h":6,"c":[[145.43318,-38.08329],[145.42593,-38.11703]]},{"r":"CARDINIA ROAD","v":3268,"h":6,"c":[[145.43318,-38.08329],[145.42593,-38.11703]]}]}