{"t":[{"r":"SOUTH GIPPSLAND HIGHWAY","v":7111,"h":15,"c":[[145.41458,-38.21373],[145.4214,-38.21349],[145.42871,-38.21138],[145.43488,-38.21061],[145.43941,-38.21094]]},{"r":"SOUTH GIPPSLAND HIGHWAY","v":7386,"h":10,"c":[[145.43914,-38.21112],[145.43488,-38.21085],[145.42797,-38.21189],[145.42122,-38.21399],[145.4146,-38.21406]]}]}