{"t":[{"r":"CORINELLA ROAD","v":705,"h":11,"c":[[145.43223,-38.41445],[145.43184,-38.41641],[145.43756,-38.41711]]},{"r":"JAMIESON STREET","v":598,"h":9,"c":[[145.4381,-38.41731],[145.43184,-38.41641],[145.43223,-38.41445]]}]}