{"t":[{"r":"PHILLIP ISLAND ROAD","v":5438,"h":8,"c":[[145.39304,-38.52082],[145.41939,-38.52433],[145.42127,-38.52418],[145.4244,-38.52323],[145.42911,-38.52277],[145.43071,-38.52323],[145.43491,-38.52615],[145.43616,-38.52656],[145.4412,-38.52713]]},{"r":"PHILLIP ISLAND ROAD","v":5500,"h":8,"c":[[145.44051,-38.52714],[145.43616,-38.52656],[145.43491,-38.52615],[145.43071,-38.52323],[145.42911,-38.52277],[145.4244,-38.52323],[145.42127,-38.52418],[145.41939,-38.52433],[145.39304,-38.52082]]}]}