{"b":[{"h":6,"g":[[144.913712,-37.223135],[144.913788,-37.223171],[144.913858,-37.223075],[144.913782,-37.22304],[144.913712,-37.223135]]}]}