{"b":[{"h":6,"g":[[144.910657,-37.263486],[144.910688,-37.263488],[144.910681,-37.263547],[144.910832,-37.263557],[144.91086,-37.263375],[144.910888,-37.263356],[144.910894,-37.263297],[144.910694,-37.263285],[144.910657,-37.263486]]}]}