{"b":[{"h":6,"g":[[144.927889,-37.362293],[144.927922,-37.362293],[144.927921,-37.362352],[144.928004,-37.362352],[144.928005,-37.362312],[144.928018,-37.362302],[144.928054,-37.3623],[144.928051,-37.362278],[144.928031,-37.36227],[144.928032,-37.362241],[144.92789,-37.36224],[144.927889,-37.362293]]}]}