{"b":[{"h":6,"g":[[144.920327,-37.536802],[144.92181,-37.536963],[144.921871,-37.536609],[144.92163,-37.536583],[144.921701,-37.536169],[144.921076,-37.536102],[144.921055,-37.536222],[144.920494,-37.536161],[144.920442,-37.536463],[144.920387,-37.536457],[144.920327,-37.536802]]},{"h":6,"g":[[144.930324,-37.536779],[144.931233,-37.536886],[144.931418,-37.5359],[144.931277,-37.535884],[144.931307,-37.535728],[144.930537,-37.535638],[144.930324,-37.536779]]},{"h":6,"g":[[144.919937,-37.535824],[144.920272,-37.535863],[144.920371,-37.535338],[144.920035,-37.535299],[144.919937,-37.535824]]}]}