{"b":[{"h":6,"g":[[144.924625,-37.604325],[144.924855,-37.604353],[144.924872,-37.604267],[144.924832,-37.604262],[144.924835,-37.604244],[144.924646,-37.604221],[144.924625,-37.604325]]}]}