{"b":[{"h":6,"g":[[144.91471,-38.43001],[144.914716,-38.430038],[144.914731,-38.430064],[144.914757,-38.430082],[144.914757,-38.430114],[144.914876,-38.430115],[144.914877,-38.43004],[144.914975,-38.43004],[144.914975,-38.429959],[144.91488,-38.429961],[144.91488,-38.429898],[144.914752,-38.429898],[144.914752,-38.429938],[144.914739,-38.42995],[144.914724,-38.429964],[144.914711,-38.429983],[144.91471,-38.43001]]}]}