{"b":[{"h":6,"g":[[144.929356,-38.385408],[144.929445,-38.38541],[144.929449,-38.38529],[144.92936,-38.385288],[144.929356,-38.385408]]}]}