{"n":{"rail":[[[144.64615,-37.46851],[144.58687,-37.45655]],[[144.58674,-37.45656],[144.58686,-37.45659]],[[144.58686,-37.45659],[144.64615,-37.46855]],[[144.58043,-37.45387],[144.57664,-37.45058]],[[144.5804,-37.4539],[144.58063,-37.45405]],[[144.58066,-37.45402],[144.58043,-37.45387]],[[144.58687,-37.45655],[144.58676,-37.45652]],[[144.58063,-37.45405],[144.58329,-37.45547],[144.58674,-37.45656]],[[144.58676,-37.45652],[144.58331,-37.45544],[144.58066,-37.45402]],[[144.5766,-37.4506],[144.5804,-37.4539]]],"freeway":[[[144.57798,-37.45685],[144.58072,-37.46338]]]}}