{"n":{"rail":[[[144.64615,-37.46851],[144.58687,-37.45655]],[[144.59775,-37.45879],[144.5931,-37.45781]],[[144.59294,-37.45785],[144.59364,-37.45795]],[[144.58686,-37.45659],[144.64615,-37.46855]]],"freeway":[[[144.59382,-37.4723],[144.59448,-37.47319]],[[144.57798,-37.45685],[144.58072,-37.46338],[144.58225,-37.46605],[144.58561,-37.46894],[144.5931,-37.47283]],[[144.58818,-37.4703],[144.59165,-37.47185]],[[144.59851,-37.47645],[144.59457,-37.47424]],[[144.5991,-37.47689],[144.59353,-37.47332]],[[144.5931,-37.47283],[144.5936,-37.47308]],[[144.5936,-37.47308],[144.59895,-37.47648]],[[144.59353,-37.47332],[144.59304,-37.47307]],[[144.59304,-37.47307],[144.58544,-37.46913],[144.58295,-37.46723],[144.58062,-37.46395],[144.57894,-37.45927]],[[144.59165,-37.47185],[144.59329,-37.47216]],[[144.59211,-37.47301],[144.58759,-37.47026]],[[144.59448,-37.47319],[144.59871,-37.47629]],[[144.59457,-37.47424],[144.59339,-37.47397]],[[144.59288,-37.47391],[144.59211,-37.47301]]]}}