{"b":[{"h":6,"g":[[145.077987,-37.320316],[145.078068,-37.320499],[145.078244,-37.32045],[145.078164,-37.320267],[145.077987,-37.320316]]},{"h":6,"g":[[145.080943,-37.320051],[145.081015,-37.320149],[145.081198,-37.320064],[145.081126,-37.319966],[145.080943,-37.320051]]},{"h":6,"g":[[145.082451,-37.319194],[145.082601,-37.319203],[145.082612,-37.319092],[145.082461,-37.319083],[145.082451,-37.319194]]}]}