{"b":[{"h":6,"g":[[145.071778,-37.532946],[145.071942,-37.533037],[145.071958,-37.53302],[145.072053,-37.533072],[145.072059,-37.533066],[145.072096,-37.533086],[145.072138,-37.533038],[145.072101,-37.533018],[145.072107,-37.533011],[145.071925,-37.532909],[145.071993,-37.532832],[145.071917,-37.53279],[145.071778,-37.532946]]}]}