{"b":[{"h":6,"g":[[145.082194,-37.555316],[145.082528,-37.555355],[145.082553,-37.555219],[145.082219,-37.55518],[145.082194,-37.555316]]},{"h":6,"g":[[145.082469,-37.555087],[145.082655,-37.555101],[145.082665,-37.555024],[145.082479,-37.555009],[145.082469,-37.555087]]}]}