{"b":[{"h":6,"g":[[145.082425,-37.593468],[145.082463,-37.593504],[145.082444,-37.593517],[145.082498,-37.593569],[145.082656,-37.593466],[145.082575,-37.593388],[145.082503,-37.593435],[145.082492,-37.593425],[145.082425,-37.593468]]}]}