{"b":[{"h":6,"g":[[145.080371,-38.386179],[145.080519,-38.386179],[145.080519,-38.386028],[145.080371,-38.386028],[145.080371,-38.386179]]},{"h":6,"g":[[145.071281,-38.386065],[145.071633,-38.386068],[145.071635,-38.385902],[145.071284,-38.385898],[145.071281,-38.386065]]},{"h":6,"g":[[145.084884,-38.389934],[145.085073,-38.389935],[145.085075,-38.389559],[145.084946,-38.389559],[145.084944,-38.389832],[145.084885,-38.389832],[145.084884,-38.389934]]}]}