{"n":{"rail":[[[145.45595,-38.07475],[145.43395,-38.07055]],[[145.43396,-38.07051],[145.45596,-38.07472]],[[145.43386,-38.07054],[145.41391,-38.06672]],[[145.43395,-38.07055],[145.43386,-38.07054]],[[145.41392,-38.06669],[145.43387,-38.0705]],[[145.43387,-38.0705],[145.43396,-38.07051]]],"freeway":[[[145.43954,-38.08109],[145.4359,-38.0805],[145.43384,-38.08166]],[[145.4283,-38.07811],[145.43151,-38.07836],[145.43417,-38.07736]],[[145.43282,-38.08075],[145.43143,-38.07924],[145.42886,-38.07844]],[[145.40681,-38.07503],[145.41548,-38.07628]],[[145.41604,-38.07636],[145.4283,-38.07811]],[[145.416,-38.07654],[145.41543,-38.07647]],[[145.41543,-38.07647],[145.40676,-38.07518]],[[145.41548,-38.07628],[145.41604,-38.07636]],[[145.42886,-38.07844],[145.416,-38.07654]],[[145.43475,-38.07738],[145.436,-38.07945],[145.43909,-38.08073]],[[145.4333,-38.08162],[145.43282,-38.08075]],[[145.4283,-38.07811],[145.43909,-38.08073]],[[145.43954,-38.08109],[145.42886,-38.07844]]]}}