{"b":[{"h":6,"g":[[144.974738,-37.248939],[144.97482,-37.248953],[144.974828,-37.24892],[144.974752,-37.248906],[144.974738,-37.248939]]},{"h":6,"g":[[144.974796,-37.248777],[144.974872,-37.248785],[144.974882,-37.248751],[144.974805,-37.248741],[144.974796,-37.248777]]},{"h":6,"g":[[144.975482,-37.248903],[144.975568,-37.248917],[144.975578,-37.248883],[144.975499,-37.248871],[144.975482,-37.248903]]},{"h":6,"g":[[144.975435,-37.24907],[144.975512,-37.249083],[144.975521,-37.249052],[144.975444,-37.249039],[144.975435,-37.24907]]}]}