{"b":[{"h":6,"g":[[144.965372,-37.381064],[144.965415,-37.381147],[144.965486,-37.381124],[144.965443,-37.381041],[144.965372,-37.381064]]},{"h":6,"g":[[144.96497,-37.380692],[144.96506,-37.380695],[144.965069,-37.380506],[144.964979,-37.380503],[144.96497,-37.380692]]}]}