{"b":[{"h":6,"g":[[144.966113,-37.353652],[144.966207,-37.353668],[144.966285,-37.353375],[144.966191,-37.353359],[144.966113,-37.353652]]},{"h":6,"g":[[144.966747,-37.353067],[144.967087,-37.353123],[144.967162,-37.352833],[144.966823,-37.352777],[144.966747,-37.353067]]}]}