{"b":[{"h":6,"g":[[144.95484,-37.431062],[144.955034,-37.431111],[144.95511,-37.430923],[144.954916,-37.430873],[144.95484,-37.431062]]}]}