{"b":[{"h":6,"g":[[144.954999,-37.471297],[144.955391,-37.471342],[144.955401,-37.471278],[144.955458,-37.471282],[144.955482,-37.471153],[144.955031,-37.471104],[144.954999,-37.471297]]},{"h":6,"g":[[144.972513,-37.467614],[144.972553,-37.467837],[144.972614,-37.46783],[144.972574,-37.467607],[144.972513,-37.467614]]}]}