{"b":[{"h":6,"g":[[144.955472,-37.502897],[144.955692,-37.503008],[144.955803,-37.502869],[144.955583,-37.502758],[144.955472,-37.502897]]},{"h":6,"g":[[144.955017,-37.502624],[144.955142,-37.502701],[144.95534,-37.502499],[144.955215,-37.502422],[144.955017,-37.502624]]},{"h":6,"g":[[144.958567,-37.496203],[144.958612,-37.496237],[144.958678,-37.49618],[144.958633,-37.496147],[144.958567,-37.496203]]},{"h":6,"g":[[144.974742,-37.504752],[144.974747,-37.504813],[144.974778,-37.504869],[144.97483,-37.504913],[144.974899,-37.504941],[144.974975,-37.504949],[144.975051,-37.504936],[144.975112,-37.504907],[144.975159,-37.504864],[144.975186,-37.504811],[144.975191,-37.504754],[144.975174,-37.504699],[144.975135,-37.50465],[144.975079,-37.504615],[144.975011,-37.504594],[144.974939,-37.504592],[144.97487,-37.504608],[144.974807,-37.504643],[144.974762,-37.504693],[144.974742,-37.504752]]}]}