{"b":[{"h":6,"g":[[144.958534,-37.450493],[144.958599,-37.450557],[144.958708,-37.450487],[144.958643,-37.450423],[144.958534,-37.450493]]},{"h":6,"g":[[144.975416,-37.450686],[144.975485,-37.4507],[144.975516,-37.450606],[144.975449,-37.450589],[144.975416,-37.450686]]},{"h":6,"g":[[144.973639,-37.448822],[144.974066,-37.448863],[144.974098,-37.448652],[144.973995,-37.448642],[144.973989,-37.448682],[144.974052,-37.448688],[144.97404,-37.448768],[144.973747,-37.44874],[144.973765,-37.448618],[144.973671,-37.448609],[144.973639,-37.448822]]},{"h":6,"g":[[144.961611,-37.449979],[144.961787,-37.449984],[144.961794,-37.449817],[144.961618,-37.449813],[144.961611,-37.449979]]}]}