{"b":[{"h":6,"g":[[144.953858,-37.479498],[144.953934,-37.479582],[144.954156,-37.479455],[144.954109,-37.479404],[144.954096,-37.479412],[144.954056,-37.479368],[144.953974,-37.479414],[144.953985,-37.479426],[144.953858,-37.479498]]},{"h":6,"g":[[144.95934,-37.47607],[144.959341,-37.476081],[144.959348,-37.476092],[144.959359,-37.4761],[144.959372,-37.476105],[144.959387,-37.476107],[144.959401,-37.476104],[144.959414,-37.476098],[144.959424,-37.476089],[144.95943,-37.476078],[144.95943,-37.476066],[144.959426,-37.476055],[144.959417,-37.476045],[144.959405,-37.476038],[144.95939,-37.476035],[144.959375,-37.476036],[144.959361,-37.47604],[144.95935,-37.476048],[144.959343,-37.476058],[144.95934,-37.47607]]},{"h":6,"g":[[144.954384,-37.476899],[144.954543,-37.476915],[144.954539,-37.476938],[144.954622,-37.476947],[144.954633,-37.47688],[144.95467,-37.476884],[144.954683,-37.476801],[144.954523,-37.476785],[144.95453,-37.476739],[144.954411,-37.476727],[144.954384,-37.476899]]}]}