{"b":[{"h":6,"g":[[144.971973,-37.566427],[144.972353,-37.566573],[144.972568,-37.566222],[144.972188,-37.566076],[144.971973,-37.566427]]}]}