{"b":[{"h":6,"g":[[144.954053,-37.629483],[144.956778,-37.629779],[144.957125,-37.627776],[144.954384,-37.627479],[144.954283,-37.628064],[144.95606,-37.628257],[144.956031,-37.628426],[144.954234,-37.62823],[144.954142,-37.628764],[144.955992,-37.628965],[144.955963,-37.62913],[144.954149,-37.628933],[144.954053,-37.629483]]}]}