{"b":[{"h":12.8,"g":[[144.974855,-37.874526],[144.974934,-37.875114],[144.974864,-37.87512],[144.974922,-37.875555],[144.975087,-37.875541],[144.975193,-37.875532],[144.975163,-37.875304],[144.975072,-37.875312],[144.974965,-37.874517],[144.974855,-37.874526]]}]}