{"b":[{"h":6,"g":[[144.962292,-38.430795],[144.962391,-38.430796],[144.962393,-38.430638],[144.962295,-38.430637],[144.962292,-38.430795]]},{"h":6,"g":[[144.962256,-38.431275],[144.962369,-38.431279],[144.962377,-38.431112],[144.962264,-38.431108],[144.962256,-38.431275]]},{"h":6,"g":[[144.962441,-38.430646],[144.962639,-38.430651],[144.962644,-38.430538],[144.962445,-38.430533],[144.962441,-38.430646]]}]}