{"b":[{"h":6,"g":[[144.95372,-38.359465],[144.953741,-38.359505],[144.953818,-38.35948],[144.953797,-38.35944],[144.95372,-38.359465]]}]}