{"b":[{"h":6,"g":[[144.973779,-38.385309],[144.973862,-38.385333],[144.973916,-38.385349],[144.974077,-38.385013],[144.97394,-38.384973],[144.973889,-38.38508],[144.973851,-38.385069],[144.973799,-38.385177],[144.973837,-38.385188],[144.973779,-38.385309]]}]}