{"b":[{"h":6,"g":[[144.48292,-37.234352],[144.483088,-37.234383],[144.483114,-37.234388],[144.483105,-37.234428],[144.483226,-37.234449],[144.483243,-37.234386],[144.483268,-37.234391],[144.483296,-37.234283],[144.483282,-37.234281],[144.483303,-37.234209],[144.483011,-37.234158],[144.483003,-37.234175],[144.482974,-37.234171],[144.48292,-37.234352]]}]}