{"b":[{"h":6,"g":[[144.484043,-37.306809],[144.484151,-37.306929],[144.484191,-37.306907],[144.484123,-37.306832],[144.484173,-37.306803],[144.484132,-37.306758],[144.484043,-37.306809]]},{"h":6,"g":[[144.483906,-37.306675],[144.483937,-37.306708],[144.484015,-37.306663],[144.483984,-37.306629],[144.483906,-37.306675]]},{"h":6,"g":[[144.492123,-37.314809],[144.492216,-37.314828],[144.49224,-37.314756],[144.492147,-37.314736],[144.492123,-37.314809]]}]}