{"b":[{"h":6,"g":[[144.470288,-37.475609],[144.470291,-37.475623],[144.4703,-37.475634],[144.470312,-37.475644],[144.470328,-37.475649],[144.470345,-37.47565],[144.470362,-37.475646],[144.470376,-37.475639],[144.470386,-37.475628],[144.470391,-37.475615],[144.470391,-37.475602],[144.470386,-37.475589],[144.470375,-37.475578],[144.470361,-37.475571],[144.470344,-37.475568],[144.470327,-37.475569],[144.470311,-37.475574],[144.470299,-37.475584],[144.470291,-37.475596],[144.470288,-37.475609]]}]}