{"b":[{"h":6,"g":[[144.479596,-37.665897],[144.479713,-37.665897],[144.479719,-37.665729],[144.47961,-37.665729],[144.479596,-37.665897]]},{"h":6,"g":[[144.479231,-37.666246],[144.47962,-37.666262],[144.479622,-37.666189],[144.479565,-37.666183],[144.479548,-37.666168],[144.479448,-37.666161],[144.479429,-37.666148],[144.47931,-37.666146],[144.479286,-37.66616],[144.479234,-37.666155],[144.479231,-37.666246]]}]}