{"b":[{"h":6,"g":[[144.489735,-37.746843],[144.489735,-37.746886],[144.489788,-37.746885],[144.489791,-37.747025],[144.489992,-37.747022],[144.489988,-37.74684],[144.489735,-37.746843]]},{"h":6,"g":[[144.489137,-37.747293],[144.489175,-37.747446],[144.48929,-37.747428],[144.489253,-37.747275],[144.489137,-37.747293]]},{"h":6,"g":[[144.489383,-37.747263],[144.489431,-37.747449],[144.489548,-37.74743],[144.489499,-37.747244],[144.489383,-37.747263]]},{"h":6,"g":[[144.489718,-37.74761],[144.489719,-37.74768],[144.489783,-37.747679],[144.489784,-37.747746],[144.489739,-37.747747],[144.489739,-37.747786],[144.489899,-37.747785],[144.489897,-37.747609],[144.489718,-37.74761]]}]}