{"b":[{"h":7.01,"g":[[144.470816,-37.935135],[144.471022,-37.935157],[144.471058,-37.93494],[144.470852,-37.934919],[144.470816,-37.935135]]}]}