{"b":[{"h":3.611,"g":[[144.491518,-38.238453],[144.491606,-38.238459],[144.491617,-38.238354],[144.49153,-38.238348],[144.491518,-38.238453]]},{"h":3.834,"g":[[144.49157,-38.238327],[144.491679,-38.238334],[144.491684,-38.238274],[144.491576,-38.238267],[144.49157,-38.238327]]}]}