{"b":[{"h":6,"g":[[144.447718,-37.254173],[144.447837,-37.254197],[144.447888,-37.254036],[144.447769,-37.254012],[144.447718,-37.254173]]}]}