{"b":[{"h":6,"g":[[144.439567,-37.407575],[144.439693,-37.407638],[144.439745,-37.407572],[144.439618,-37.407509],[144.439567,-37.407575]]},{"h":6,"g":[[144.439734,-37.407849],[144.439835,-37.407936],[144.439942,-37.407858],[144.43984,-37.407771],[144.439734,-37.407849]]},{"h":6,"g":[[144.438975,-37.407086],[144.439216,-37.407272],[144.439331,-37.407178],[144.43909,-37.406992],[144.438975,-37.407086]]}]}