{"b":[{"h":6,"g":[[144.438869,-37.629951],[144.439006,-37.629975],[144.439053,-37.629806],[144.438916,-37.629782],[144.438869,-37.629951]]}]}