{"b":[{"h":6,"g":[[144.437263,-37.807605],[144.437506,-37.807623],[144.437543,-37.807409],[144.437303,-37.807382],[144.437263,-37.807605]]},{"h":6,"g":[[144.436656,-37.807472],[144.436857,-37.80749],[144.436875,-37.807391],[144.436661,-37.807365],[144.436656,-37.807472]]},{"h":6,"g":[[144.437363,-37.807229],[144.437553,-37.807253],[144.437562,-37.80716],[144.437387,-37.807133],[144.437363,-37.807229]]},{"h":6,"g":[[144.43779,-37.807616],[144.438001,-37.807636],[144.438017,-37.807484],[144.437835,-37.807467],[144.43779,-37.807616]]}]}