{"b":[{"h":8.069,"g":[[144.439139,-37.865161],[144.439185,-37.865266],[144.439325,-37.865227],[144.439278,-37.865122],[144.439139,-37.865161]]},{"h":3.571,"g":[[144.430658,-37.86398],[144.430725,-37.864027],[144.430816,-37.863945],[144.43075,-37.863899],[144.430658,-37.86398]]},{"h":7.78,"g":[[144.439615,-37.864928],[144.439638,-37.865005],[144.439771,-37.864981],[144.439775,-37.864996],[144.439854,-37.864981],[144.439831,-37.864904],[144.439747,-37.864919],[144.439742,-37.864905],[144.439615,-37.864928]]},{"h":2.307,"g":[[144.440354,-37.864939],[144.440402,-37.86497],[144.440434,-37.864939],[144.440428,-37.864935],[144.440469,-37.864895],[144.440475,-37.864899],[144.440525,-37.864851],[144.440476,-37.86482],[144.440354,-37.864939]]}]}