{"b":[{"h":6,"g":[[144.437684,-37.769624],[144.437792,-37.769692],[144.43795,-37.769808],[144.43803,-37.769745],[144.437786,-37.769557],[144.437684,-37.769624]]},{"h":6,"g":[[144.437568,-37.769694],[144.437699,-37.769742],[144.437735,-37.769692],[144.437625,-37.769644],[144.437595,-37.769644],[144.437568,-37.769694]]}]}