{"b":[{"h":4.762,"g":[[144.430467,-38.06826],[144.430814,-38.068296],[144.430838,-38.068151],[144.430491,-38.068115],[144.430467,-38.06826]]},{"h":3.46,"g":[[144.430677,-38.068115],[144.43085,-38.06813],[144.430863,-38.068033],[144.43069,-38.068018],[144.430677,-38.068115]]},{"h":3.437,"g":[[144.430395,-38.068096],[144.430482,-38.068105],[144.430495,-38.068023],[144.430408,-38.068014],[144.430395,-38.068096]]},{"h":3.093,"g":[[144.430074,-38.067772],[144.430212,-38.067788],[144.430223,-38.067729],[144.430201,-38.067726],[144.430198,-38.067743],[144.430082,-38.067729],[144.430074,-38.067772]]}]}