{"b":[{"h":6,"g":[[144.443787,-37.927235],[144.443828,-37.927269],[144.44389,-37.927222],[144.443849,-37.927189],[144.443787,-37.927235]]}]}