{"b":[{"h":6,"g":[[144.427031,-37.958996],[144.427039,-37.959],[144.427057,-37.959007],[144.427127,-37.958903],[144.427102,-37.958892],[144.427031,-37.958996]]}]}