{"b":[{"h":3.14,"g":[[144.435249,-37.990415],[144.435375,-37.990429],[144.435409,-37.990238],[144.435283,-37.990224],[144.435249,-37.990415]]},{"h":4.294,"g":[[144.434837,-37.990819],[144.434938,-37.990828],[144.434961,-37.990666],[144.43486,-37.990657],[144.434837,-37.990819]]},{"h":4.051,"g":[[144.434868,-37.990559],[144.434977,-37.990571],[144.435024,-37.99031],[144.434915,-37.990298],[144.434868,-37.990559]]},{"h":2.076,"g":[[144.434014,-37.99541],[144.434069,-37.995416],[144.434091,-37.99528],[144.434035,-37.995275],[144.434014,-37.99541]]}]}