{"b":[{"h":3.32,"g":[[144.433072,-38.142311],[144.43309,-38.14238],[144.433294,-38.142346],[144.433275,-38.142277],[144.433072,-38.142311]]},{"h":3.323,"g":[[144.427183,-38.138958],[144.427219,-38.139024],[144.42741,-38.138957],[144.427374,-38.138892],[144.427183,-38.138958]]},{"h":3.376,"g":[[144.427476,-38.138861],[144.42751,-38.138926],[144.427609,-38.138893],[144.427575,-38.138828],[144.427476,-38.138861]]}]}