{"b":[{"h":6,"g":[[144.438836,-38.127409],[144.438858,-38.127449],[144.439,-38.127399],[144.438979,-38.127358],[144.438836,-38.127409]]}]}