{"t":[{"r":"MAROONDAH HIGHWAY","v":1046,"h":12,"c":[[145.65756,-37.56229],[145.65934,-37.55166],[145.65987,-37.55043],[145.66493,-37.54642],[145.66792,-37.54468],[145.66942,-37.54322]]},{"r":"MAROONDAH HIGHWAY","v":1052,"h":15,"c":[[145.66942,-37.54322],[145.66792,-37.54468],[145.66493,-37.54642],[145.65987,-37.55043],[145.65934,-37.55166],[145.65756,-37.56229]]}]}