{"t":[{"r":"MAROONDAH HIGHWAY","v":1046,"h":12,"c":[[145.65672,-37.56367],[145.65756,-37.56229],[145.65934,-37.55166]]},{"r":"MAROONDAH HIGHWAY","v":1052,"h":15,"c":[[145.65934,-37.55166],[145.65756,-37.56229],[145.65672,-37.56367]]}]}