{"t":[{"r":"MAROONDAH HIGHWAY","v":1046,"h":12,"c":[[145.66792,-37.54468],[145.66942,-37.54322]]},{"r":"MAROONDAH HIGHWAY","v":1052,"h":15,"c":[[145.66942,-37.54322],[145.66792,-37.54468]]}]}