{"t":[{"r":"TRENTHAM FALLS ROAD","v":1524,"h":7,"c":[[144.25457,-37.3911],[144.26091,-37.38704],[144.27895,-37.37679]]},{"r":"TRENTHAM FALLS ROAD","v":1510,"h":7,"c":[[144.27895,-37.37679],[144.26091,-37.38704],[144.25457,-37.3911]]}]}