{"t":[{"r":"TRENTHAM FALLS ROAD","v":1524,"h":7,"c":[[144.24896,-37.39562],[144.25112,-37.39212],[144.25457,-37.3911],[144.26091,-37.38704]]},{"r":"TRENTHAM FALLS ROAD","v":1510,"h":7,"c":[[144.26091,-37.38704],[144.25457,-37.3911],[144.25112,-37.39212],[144.24896,-37.39562]]}]}