{"t":[{"r":"WESTERN FREEWAY","v":13672,"h":13,"c":[[144.26517,-37.5989],[144.28478,-37.60399]]},{"r":"WESTERN FREEWAY","v":13045,"h":13,"c":[[144.2794,-37.60306],[144.26216,-37.5984]]}]}