{"t":[{"r":"MIDLAND HIGHWAY","v":5908,"h":14,"c":[[144.27709,-38.0889],[144.25274,-38.08125],[144.23984,-38.08009]]},{"r":"MIDLAND HIGHWAY","v":5659,"h":10,"c":[[144.23984,-38.08009],[144.25274,-38.08125],[144.27709,-38.0889]]}]}