{"t":[{"r":"MAROONDAH HIGHWAY","v":1046,"h":12,"c":[[145.63241,-37.58009],[145.63437,-37.57698],[145.63547,-37.57733]]},{"r":"MAROONDAH HIGHWAY","v":1052,"h":15,"c":[[145.63597,-37.57715],[145.63416,-37.5771],[145.63391,-37.57804],[145.63271,-37.57934],[145.63247,-37.58019]]}]}