{"t":[{"r":"MAROONDAH HIGHWAY","v":1046,"h":12,"c":[[145.63514,-37.58433],[145.63413,-37.58143],[145.63241,-37.58009],[145.63437,-37.57698]]},{"r":"MAROONDAH HIGHWAY","v":1052,"h":15,"c":[[145.63271,-37.57934],[145.63247,-37.58019],[145.63413,-37.58143],[145.63526,-37.58446]]}]}