{"t":[{"r":"MAROONDAH HIGHWAY","v":1046,"h":12,"c":[[145.61157,-37.60747],[145.61454,-37.60589],[145.61638,-37.60547],[145.61823,-37.6043],[145.62039,-37.60421],[145.62128,-37.60348],[145.62475,-37.60232],[145.62535,-37.60244],[145.62634,-37.60346],[145.62926,-37.60436],[145.62993,-37.6041],[145.63155,-37.60229],[145.6334,-37.60231],[145.63434,-37.60107],[145.63405,-37.5991],[145.63448,-37.59791],[145.63518,-37.59782]]},{"r":"MAROONDAH HIGHWAY","v":1052,"h":15,"c":[[145.63498,-37.59769],[145.6346,-37.59777],[145.63407,-37.59894],[145.63434,-37.60107],[145.63355,-37.60218],[145.63296,-37.60241],[145.63172,-37.60221],[145.62993,-37.6041],[145.62896,-37.60434],[145.62634,-37.60346],[145.62518,-37.60235],[145.62475,-37.60232],[145.62128,-37.60348],[145.62025,-37.60425],[145.61823,-37.6043],[145.61638,-37.60547],[145.61454,-37.60589],[145.61157,-37.60747]]}]}