{"t":[{"r":"SOUTH GIPPSLAND HIGHWAY","v":3689,"h":23,"c":[[145.63651,-38.34368],[145.63405,-38.34356],[145.6326,-38.3429],[145.62358,-38.33616]]},{"r":"SOUTH GIPPSLAND HIGHWAY","v":3758,"h":24,"c":[[145.62358,-38.33616],[145.6326,-38.3429],[145.63405,-38.34356],[145.63651,-38.34368]]}]}