{"t":[{"r":"SOUTH GIPPSLAND HIGHWAY","v":3689,"h":23,"c":[[145.6326,-38.3429],[145.62358,-38.33616],[145.61812,-38.33481],[145.59518,-38.33034]]},{"r":"SOUTH GIPPSLAND HIGHWAY","v":3758,"h":24,"c":[[145.59518,-38.33034],[145.61812,-38.33481],[145.62358,-38.33616],[145.6326,-38.3429]]}]}