{"t":[{"r":"MELBOURNE-LANCEFIELD ROAD","v":4432,"h":6,"c":[[144.74169,-37.33958],[144.74425,-37.36081]]},{"r":"MAIN STREET","v":4497,"h":9,"c":[[144.74425,-37.36081],[144.74837,-37.39449]]},{"r":"MELBOURNE-LANCEFIELD ROAD","v":4495,"h":5,"c":[[144.74837,-37.39449],[144.74425,-37.36081]]},{"r":"MELBOURNE-LANCEFIELD ROAD","v":5002,"h":6,"c":[[144.74425,-37.36081],[144.74169,-37.33958]]}]}