{"t":[{"r":"MAIN STREET","v":4497,"h":9,"c":[[144.74425,-37.36081],[144.74837,-37.39449],[144.74759,-37.40289],[144.74904,-37.41297]]},{"r":"MELBOURNE-LANCEFIELD ROAD","v":4495,"h":5,"c":[[144.74904,-37.41297],[144.74759,-37.40289],[144.74837,-37.39449],[144.74425,-37.36081]]}]}