{"t":[{"r":"MELBOURNE-LANCEFIELD ROAD","v":4432,"h":6,"c":[[144.74169,-37.33958],[144.74425,-37.36081]]},{"r":"MELBOURNE-LANCEFIELD ROAD","v":5002,"h":6,"c":[[144.74425,-37.36081],[144.74169,-37.33958]]}]}