{"t":[{"r":"MAIN STREET","v":4497,"h":9,"c":[[144.74425,-37.36081],[144.74837,-37.39449]]},{"r":"MELBOURNE-LANCEFIELD ROAD","v":4495,"h":5,"c":[[144.74837,-37.39449],[144.74425,-37.36081]]}]}