{"t":[{"r":"MELBOURNE-LANCEFIELD ROAD","v":3123,"h":7,"c":[[144.74583,-37.43869],[144.74144,-37.46221]]},{"r":"MELBOURNE-LANCEFIELD ROAD","v":2856,"h":8,"c":[[144.74144,-37.46221],[144.74583,-37.43869]]}]}