{"t":[{"r":"MACEDON STREET","v":10599,"h":4,"c":[[144.73171,-37.57699],[144.734,-37.57936],[144.74024,-37.58323]]},{"r":"SUNBURY ROAD","v":10741,"h":7,"c":[[144.74024,-37.58323],[144.734,-37.57936],[144.73174,-37.57703]]}]}