{"t":[{"r":"MELBOURNE-LANCEFIELD ROAD","v":3123,"h":7,"c":[[144.74905,-37.41372],[144.74583,-37.43869],[144.74144,-37.46221]]},{"r":"KILMORE ROAD","v":2020,"h":7,"c":[[144.73184,-37.42498],[144.73888,-37.42093]]},{"r":"MELBOURNE-LANCEFIELD ROAD","v":2856,"h":8,"c":[[144.74144,-37.46221],[144.74583,-37.43869],[144.74905,-37.41372]]},{"r":"KILMORE ROAD","v":1858,"h":9,"c":[[144.73888,-37.42093],[144.73184,-37.42498]]}]}