{"t":[{"r":"CALDER FREEWAY","v":20439,"h":8,"c":[[144.73487,-37.64351],[144.74191,-37.65775],[144.74439,-37.66086],[144.7478,-37.66332],[144.76289,-37.67063]]},{"r":"CALDER FREEWAY","v":17770,"h":8,"c":[[144.76267,-37.67086],[144.74645,-37.66312],[144.74273,-37.66052],[144.74189,-37.65933],[144.73182,-37.63881]]}]}