{"t":[{"r":"MACEDON STREET","v":10599,"h":4,"c":[[144.734,-37.57936],[144.74024,-37.58323],[144.74691,-37.58586],[144.75316,-37.58931],[144.75412,-37.59027],[144.75875,-37.59692]]},{"r":"SUNBURY ROAD","v":10741,"h":7,"c":[[144.75875,-37.59692],[144.75412,-37.59027],[144.75316,-37.58931],[144.74691,-37.58586],[144.74024,-37.58323],[144.734,-37.57936]]}]}