{"t":[{"r":"CAROLINE SPRINGS BOULEVARD ALT","v":12070,"h":0,"c":[[144.73996,-37.7532],[144.7402,-37.75326],[144.74021,-37.75383]]},{"r":"CAROLINE SPRINGS BOULEVARD","v":11803,"h":0,"c":[[144.74059,-37.7355],[144.73608,-37.74166],[144.73525,-37.74558],[144.73592,-37.74703],[144.73901,-37.74905],[144.73976,-37.74986],[144.74013,-37.75104],[144.73996,-37.7532]]},{"r":"CAROLINE SPRINGS BOULEVARD","v":10044,"h":0,"c":[[144.73996,-37.7532],[144.73981,-37.7546]]},{"r":"WESTERN IN-WESTERN RAMP OF","v":8433,"h":8,"c":[[144.72672,-37.75155],[144.73969,-37.75594]]}]}