{"t":[{"r":"BULLA-DIGGERS REST ROAD","v":135,"h":6,"c":[[144.73201,-37.63469],[144.73427,-37.63384],[144.7377,-37.63322],[144.74459,-37.63301],[144.76774,-37.63524]]},{"r":"BULLA-DIGGERS REST ROAD","v":250,"h":6,"c":[[144.73201,-37.63469],[144.73427,-37.63384],[144.7377,-37.63322],[144.74459,-37.63301],[144.76774,-37.63524]]},{"r":"CALDER FREEWAY","v":20439,"h":8,"c":[[144.73211,-37.63867],[144.73487,-37.64351],[144.74191,-37.65775]]},{"r":"CALDER FREEWAY","v":17770,"h":8,"c":[[144.74189,-37.65933],[144.73182,-37.63881]]}]}