{"t":[{"r":"MACEDON STREET","v":10599,"h":4,"c":[[144.75412,-37.59027],[144.75875,-37.59692]]},{"r":"SUNBURY ROAD","v":10741,"h":7,"c":[[144.75875,-37.59692],[144.75412,-37.59027]]}]}