{"t":[{"r":"AVIATION ROAD","v":875,"h":6,"c":[[144.74342,-37.92397],[144.74272,-37.92755],[144.74235,-37.92806],[144.74137,-37.92849],[144.7117,-37.92517]]},{"r":"AVIATION ROAD","v":905,"h":6,"c":[[144.74342,-37.92397],[144.74272,-37.92755],[144.74235,-37.92806],[144.74137,-37.92849],[144.7117,-37.92517]]}]}