{"t":[{"r":"POINT NEPEAN ROAD","v":2706,"h":10,"c":[[144.73304,-38.32425],[144.73687,-38.32768]]},{"r":"POINT NEPEAN ROAD","v":2840,"h":11,"c":[[144.73676,-38.3275],[144.73304,-38.32425]]}]}