{"t":[{"r":"HUGHES ROAD","v":3717,"h":6,"c":[[144.75733,-38.358],[144.75303,-38.36133]]},{"r":"HUGHES ROAD","v":3717,"h":6,"c":[[144.75733,-38.358],[144.75303,-38.36133]]}]}