{"n":{"rail":[[[145.50454,-38.08398],[145.49739,-38.08265]],[[145.5016,-38.08329],[145.50675,-38.08427]],[[145.51261,-38.08526],[145.49739,-38.08265]],[[145.49956,-38.08287],[145.51181,-38.08515]],[[145.5016,-38.08329],[145.49917,-38.08296]],[[145.50145,-38.08335],[145.50259,-38.08361]],[[145.50212,-38.08339],[145.50454,-38.08398]],[[145.49956,-38.08287],[145.5016,-38.08329]],[[145.49423,-38.08203],[145.49956,-38.08287]]],"freeway":[[[145.49005,-38.09291],[145.48986,-38.09383]],[[145.49592,-38.09129],[145.49153,-38.09258]],[[145.49036,-38.09153],[145.49022,-38.09216]],[[145.49022,-38.09216],[145.49005,-38.09291]],[[145.49063,-38.09014],[145.49036,-38.09153]],[[145.48824,-38.09136],[145.48926,-38.09071]],[[145.50443,-38.08922],[145.49592,-38.09129]],[[145.48839,-38.09981],[145.48963,-38.09381]],[[145.48918,-38.09715],[145.48897,-38.09815]],[[145.48434,-38.09179],[145.49462,-38.09129],[145.50416,-38.0891]],[[145.49592,-38.09129],[145.48743,-38.09202],[145.47188,-38.09145]],[[145.47309,-38.09137],[145.48434,-38.09179]],[[145.48878,-38.09812],[145.48897,-38.09815]],[[145.48963,-38.09381],[145.48773,-38.09249],[145.48556,-38.0921]],[[145.49063,-38.09014],[145.4933,-38.09117],[145.49662,-38.09098]],[[145.48895,-38.09824],[145.48876,-38.09821]],[[145.48803,-38.10129],[145.48839,-38.09981]],[[145.49153,-38.09258],[145.4898,-38.09414]],[[145.49087,-38.09321],[145.48986,-38.09383]],[[145.48434,-38.09179],[145.48824,-38.09136]],[[145.48926,-38.09071],[145.49042,-38.09014]],[[145.48556,-38.0921],[145.48355,-38.09197]],[[145.4894,-38.09608],[145.48918,-38.09715]],[[145.48986,-38.09383],[145.4894,-38.09608]],[[145.48963,-38.09381],[145.48995,-38.09215]],[[145.48995,-38.09215],[145.49009,-38.09151]],[[145.49009,-38.09151],[145.49042,-38.09014]],[[145.48936,-38.09532],[145.48942,-38.09422],[145.48867,-38.09311]],[[145.48897,-38.09815],[145.48749,-38.10459]],[[145.48926,-38.09071],[145.49054,-38.08959]],[[145.49081,-38.08922],[145.49091,-38.09018]],[[145.49042,-38.09014],[145.49063,-38.09014]],[[145.48986,-38.09383],[145.48963,-38.09381]]]}}