{"n":{"rail":[[[144.76745,-37.69279],[144.72192,-37.63417]],[[144.72196,-37.63416],[144.76761,-37.69272]]],"freeway":[[[144.75146,-37.69295],[144.74994,-37.69255]],[[144.74422,-37.69206],[144.74426,-37.69184]],[[144.73473,-37.69068],[144.73506,-37.69072]],[[144.73523,-37.69097],[144.73481,-37.69092]],[[144.73506,-37.69072],[144.73849,-37.69113]],[[144.75548,-37.69322],[144.7564,-37.69334]],[[144.75621,-37.69355],[144.75439,-37.69332]],[[144.74441,-37.69186],[144.74438,-37.69208]],[[144.75548,-37.69322],[144.75655,-37.69316]],[[144.733,-37.69051],[144.73423,-37.69084]],[[144.75008,-37.69256],[144.75003,-37.69279]],[[144.74574,-37.69224],[144.74436,-37.69228]],[[144.74413,-37.69265],[144.74399,-37.69203]],[[144.74009,-37.69133],[144.74005,-37.6915]],[[144.74193,-37.69178],[144.74005,-37.6915]],[[144.75015,-37.69217],[144.75027,-37.69259]],[[144.74849,-37.69237],[144.74998,-37.6924]],[[144.74441,-37.69138],[144.74458,-37.69188]],[[144.74257,-37.69163],[144.74429,-37.69166]],[[144.74399,-37.69203],[144.74296,-37.69191]],[[144.74412,-37.69182],[144.74426,-37.69184]],[[144.74458,-37.69188],[144.74849,-37.69237]],[[144.74574,-37.69224],[144.74449,-37.69209]],[[144.75344,-37.6932],[144.75003,-37.69279]],[[144.74004,-37.69155],[144.73523,-37.69097]],[[144.74036,-37.69136],[144.74257,-37.69163]],[[144.74015,-37.691],[144.74036,-37.69136]],[[144.73849,-37.69113],[144.73996,-37.69113]],[[144.74849,-37.69237],[144.74969,-37.69275]],[[144.74005,-37.6915],[144.73993,-37.69131]],[[144.74005,-37.6915],[144.74004,-37.69155]],[[144.74441,-37.69186],[144.74458,-37.69188]],[[144.75008,-37.69256],[144.75027,-37.69259]],[[144.74994,-37.69255],[144.75008,-37.69256]],[[144.74824,-37.69257],[144.74574,-37.69224]],[[144.74422,-37.69206],[144.74411,-37.69204]],[[144.74438,-37.69208],[144.74422,-37.69206]],[[144.74193,-37.69178],[144.74004,-37.69155]],[[144.73993,-37.69131],[144.74009,-37.69133]],[[144.73849,-37.69113],[144.73993,-37.69131]],[[144.74426,-37.69184],[144.74441,-37.69186]],[[144.75027,-37.69259],[144.75366,-37.69299]],[[144.75003,-37.69279],[144.74969,-37.69275]],[[144.74849,-37.69237],[144.74994,-37.69255]],[[144.74969,-37.69275],[144.74824,-37.69257]],[[144.74009,-37.69133],[144.74036,-37.69136]],[[144.73177,-37.69042],[144.73473,-37.69068]],[[144.73481,-37.69092],[144.73223,-37.69066]],[[144.75439,-37.69332],[144.75344,-37.6932]],[[144.75366,-37.69299],[144.75548,-37.69322]],[[144.74296,-37.69191],[144.74193,-37.69178]],[[144.74411,-37.69204],[144.74399,-37.69203]],[[144.74449,-37.69209],[144.74438,-37.69208]],[[144.74257,-37.69163],[144.74412,-37.69182]]]}}