{"n":{"rail":[[[144.76745,-37.69279],[144.72192,-37.63417]],[[144.72196,-37.63416],[144.76761,-37.69272]],[[144.74473,-37.66573],[144.74804,-37.66979]],[[144.74804,-37.66985],[144.7447,-37.66575]],[[144.74801,-37.6699],[144.74465,-37.66577]]],"freeway":[[[144.74968,-37.66426],[144.75174,-37.6651]],[[144.75228,-37.66582],[144.74818,-37.66426]],[[144.75351,-37.66641],[144.7462,-37.66299],[144.74244,-37.66022],[144.73382,-37.64287]],[[144.73233,-37.63911],[144.74033,-37.65457]],[[144.74033,-37.65457],[144.74262,-37.65884],[144.74527,-37.66165],[144.74814,-37.66352],[144.75562,-37.66709]],[[144.74513,-37.66262],[144.74285,-37.66066]],[[144.74673,-37.66361],[144.74513,-37.66262]],[[144.74818,-37.66426],[144.74673,-37.66361]],[[144.75407,-37.66668],[144.75351,-37.66641]],[[144.75174,-37.6651],[144.75292,-37.66555]],[[144.75434,-37.66622],[144.75476,-37.66652]]]}}