{"n":{"rail":[[[144.63883,-37.72399],[144.73398,-37.76523]]],"freeway":[[[144.72674,-37.75157],[144.7357,-37.75459]],[[144.73421,-37.75543],[144.73083,-37.7533]]]}}