{"n":{"rail":[[[144.76745,-37.69279],[144.72192,-37.63417]],[[144.72196,-37.63416],[144.76761,-37.69272]],[[144.75484,-37.6765],[144.7468,-37.66673]],[[144.74684,-37.6667],[144.74924,-37.66976]],[[144.74688,-37.66668],[144.74951,-37.67002]],[[144.7471,-37.66738],[144.7511,-37.67196]],[[144.74714,-37.66736],[144.74969,-37.67059]],[[144.74718,-37.66734],[144.74991,-37.67081]],[[144.74473,-37.66573],[144.74804,-37.66979],[144.75035,-37.67123]],[[144.74918,-37.67049],[144.74804,-37.66985],[144.7447,-37.66575]],[[144.74882,-37.67033],[144.74801,-37.6699],[144.74465,-37.66577]],[[144.75278,-37.67401],[144.75013,-37.67073]],[[144.75224,-37.67332],[144.75186,-37.67293]],[[144.7517,-37.67273],[144.74936,-37.67084],[144.74621,-37.66962],[144.74408,-37.66699]],[[144.75402,-37.67568],[144.75264,-37.67394]],[[144.7487,-37.67058],[144.74637,-37.66964],[144.7446,-37.66748]]],"freeway":[[[144.74814,-37.66352],[144.75562,-37.66709]],[[144.75562,-37.66709],[144.75689,-37.66801]],[[144.75689,-37.66801],[144.75407,-37.66668]],[[144.75476,-37.66652],[144.75742,-37.66794]],[[144.75562,-37.66709],[144.76236,-37.67038]],[[144.75407,-37.66668],[144.75351,-37.66641]],[[144.75434,-37.66622],[144.75476,-37.66652]]]}}