{"n":{"rail":[[[144.75537,-37.77305],[144.75407,-37.77268]],[[144.75537,-37.77305],[144.75064,-37.77226],[144.74501,-37.7737]],[[144.73294,-37.80626],[144.73652,-37.78363]],[[144.74499,-37.77366],[144.75057,-37.7722],[144.75385,-37.77262]],[[144.74473,-37.77376],[144.74499,-37.77366]],[[144.74501,-37.7737],[144.74476,-37.7738]],[[144.74476,-37.7738],[144.74109,-37.77585],[144.73842,-37.77861]],[[144.73822,-37.77882],[144.73837,-37.77859]],[[144.73842,-37.77861],[144.73826,-37.77884]],[[144.73837,-37.77859],[144.74095,-37.7759],[144.74473,-37.77376]],[[144.73826,-37.77884],[144.73709,-37.7812],[144.73656,-37.78364]],[[144.73652,-37.78363],[144.73707,-37.7811],[144.73822,-37.77882]],[[144.73656,-37.78364],[144.73298,-37.80626]],[[144.74419,-37.76978],[144.75527,-37.77298]],[[144.75407,-37.77268],[144.75527,-37.77298]],[[144.75407,-37.77268],[144.75385,-37.77262]],[[144.75385,-37.77262],[144.74487,-37.77007]],[[144.75527,-37.77298],[144.75561,-37.77308]],[[144.75561,-37.77308],[144.75585,-37.77314]],[[144.75561,-37.77311],[144.75537,-37.77305]],[[144.75584,-37.77318],[144.75561,-37.77311]],[[144.75585,-37.77314],[144.76611,-37.77592]],[[144.76609,-37.77597],[144.75584,-37.77318]]],"freeway":[[[144.74892,-37.79049],[144.74741,-37.7808]],[[144.74741,-37.7808],[144.74738,-37.7806]],[[144.74763,-37.78062],[144.74766,-37.78082]],[[144.74766,-37.78082],[144.74895,-37.78942]],[[144.74738,-37.7806],[144.74629,-37.77336]],[[144.74588,-37.77049],[144.74649,-37.77314]],[[144.74629,-37.77336],[144.74626,-37.77321]],[[144.74651,-37.7733],[144.74763,-37.78062]],[[144.74626,-37.77321],[144.7456,-37.77042]],[[144.74649,-37.77314],[144.74651,-37.7733]]]}}