{"n":{"rail":[[[144.72249,-37.87624],[144.77924,-37.86189]],[[144.72241,-37.87632],[144.77732,-37.86244]],[[144.769,-37.86458],[144.72242,-37.87635]]],"freeway":[[[144.73808,-37.87451],[144.73753,-37.87533]],[[144.73755,-37.87515],[144.73733,-37.87515]],[[144.73808,-37.87451],[144.73755,-37.87515]],[[144.73712,-37.87359],[144.73755,-37.87515]],[[144.73733,-37.87515],[144.73705,-37.87508]],[[144.73705,-37.87508],[144.73646,-37.87468]],[[144.73733,-37.87515],[144.73723,-37.87438]]]}}