{"n":{"rail":[[[144.73398,-37.76523],[144.74419,-37.76978],[144.75527,-37.77298]],[[144.63883,-37.72399],[144.73398,-37.76523]],[[144.73398,-37.76523],[144.73146,-37.76429]],[[144.75385,-37.77262],[144.74487,-37.77007],[144.73146,-37.76429]],[[144.74004,-37.76797],[144.73852,-37.76737]]],"freeway":[[[144.7382,-37.75544],[144.73964,-37.75567]],[[144.73962,-37.75632],[144.73867,-37.75606]],[[144.73533,-37.75596],[144.73447,-37.75587]],[[144.73447,-37.75587],[144.7322,-37.75508]],[[144.75422,-37.76198],[144.75434,-37.76204]],[[144.74588,-37.77049],[144.74649,-37.77314]],[[144.74578,-37.77023],[144.74588,-37.77049]],[[144.74549,-37.77015],[144.74287,-37.76634]],[[144.7456,-37.77042],[144.74549,-37.77015]],[[144.72674,-37.75157],[144.7357,-37.75459]],[[144.74287,-37.76634],[144.74057,-37.76408]],[[144.73959,-37.75846],[144.73961,-37.75906],[144.74003,-37.75929]],[[144.73167,-37.75351],[144.73499,-37.75583],[144.74465,-37.76815],[144.74578,-37.77023]],[[144.7382,-37.75544],[144.73875,-37.75563]],[[144.7528,-37.76133],[144.75313,-37.76148]],[[144.75259,-37.76143],[144.75106,-37.76071]],[[144.7489,-37.75974],[144.74857,-37.75958]],[[144.74104,-37.7568],[144.74054,-37.75663]],[[144.74769,-37.75919],[144.74719,-37.75917]],[[144.74698,-37.75937],[144.74699,-37.75886]],[[144.74846,-37.75953],[144.7486,-37.75941]],[[144.7357,-37.75459],[144.7382,-37.75544]],[[144.75465,-37.76238],[144.75423,-37.76219]],[[144.73953,-37.75924],[144.74003,-37.75929]],[[144.75456,-37.76213],[144.75611,-37.76285]],[[144.75377,-37.76197],[144.75296,-37.7616]],[[144.74156,-37.75658],[144.74692,-37.75864]],[[144.74626,-37.77321],[144.7456,-37.77042]],[[144.73975,-37.75637],[144.73962,-37.75632]],[[144.73963,-37.75592],[144.73977,-37.75597]],[[144.74287,-37.76634],[144.73421,-37.75543],[144.73083,-37.7533]],[[144.74842,-37.75933],[144.74962,-37.75989]],[[144.74826,-37.75926],[144.74832,-37.75929]],[[144.74731,-37.759],[144.74722,-37.75896]],[[144.74722,-37.75896],[144.74714,-37.75893]],[[144.7404,-37.76214],[144.74151,-37.76422]],[[144.74057,-37.76408],[144.7393,-37.76372]],[[144.74013,-37.75934],[144.74051,-37.75988],[144.7404,-37.76214]],[[144.74732,-37.75883],[144.74796,-37.75913]],[[144.74796,-37.75913],[144.74821,-37.75923]],[[144.74769,-37.75919],[144.74738,-37.75904]],[[144.74816,-37.7594],[144.74769,-37.75919]],[[144.74722,-37.75878],[144.74732,-37.75883]],[[144.75369,-37.76174],[144.75422,-37.76198]],[[144.75434,-37.76204],[144.75452,-37.76212]],[[144.75609,-37.76304],[144.75529,-37.76267]],[[144.75423,-37.76219],[144.75411,-37.76213]],[[144.73977,-37.75597],[144.73989,-37.75601]],[[144.74054,-37.75663],[144.73987,-37.7564]],[[144.74003,-37.75929],[144.74013,-37.75934]],[[144.75411,-37.76213],[144.75377,-37.76197]],[[144.75529,-37.76267],[144.75465,-37.76238]],[[144.75356,-37.76168],[144.75369,-37.76174]],[[144.74699,-37.75886],[144.74514,-37.7582]],[[144.74224,-37.75721],[144.74104,-37.7568]],[[144.73867,-37.75606],[144.73533,-37.75596]],[[144.74341,-37.75762],[144.74224,-37.75721]],[[144.75452,-37.76212],[144.75456,-37.76213]],[[144.74823,-37.75943],[144.74816,-37.7594]],[[144.75058,-37.76049],[144.7489,-37.75974]],[[144.75087,-37.76063],[144.75058,-37.76049]],[[144.75313,-37.76148],[144.75356,-37.76168]],[[144.74962,-37.75989],[144.7528,-37.76133]],[[144.74832,-37.75929],[144.74842,-37.75933]],[[144.74821,-37.75923],[144.74826,-37.75926]],[[144.74692,-37.75864],[144.74722,-37.75878]],[[144.74078,-37.75631],[144.74156,-37.75658]],[[144.74001,-37.75605],[144.74078,-37.75631]],[[144.73989,-37.75601],[144.74001,-37.75605]],[[144.73953,-37.75589],[144.73963,-37.75592]],[[144.73875,-37.75563],[144.73953,-37.75589]],[[144.75296,-37.7616],[144.75259,-37.76143]],[[144.75106,-37.76071],[144.75087,-37.76063]],[[144.74857,-37.75958],[144.74836,-37.75948]],[[144.74836,-37.75948],[144.74823,-37.75943]],[[144.74738,-37.75904],[144.74731,-37.759]],[[144.74714,-37.75893],[144.74699,-37.75886]],[[144.74514,-37.7582],[144.74384,-37.75776]],[[144.74384,-37.75776],[144.74341,-37.75762]],[[144.73987,-37.7564],[144.73975,-37.75637]]]}}