{"n":{"rail":[[[144.73294,-37.80626],[144.73652,-37.78363]],[[144.73656,-37.78364],[144.73298,-37.80626]]],"freeway":[[[144.75062,-37.81031],[144.75123,-37.80644]],[[144.75083,-37.81033],[144.75051,-37.81304]],[[144.7502,-37.81434],[144.7503,-37.81349]],[[144.75109,-37.80851],[144.75087,-37.80997]],[[144.7519,-37.80315],[144.75147,-37.80646]],[[144.7491,-37.82164],[144.74993,-37.81635]],[[144.75028,-37.81566],[144.75046,-37.81595]],[[144.74935,-37.82167],[144.74918,-37.82294]],[[144.74998,-37.81603],[144.7502,-37.81434]],[[144.75028,-37.81566],[144.75025,-37.81594]],[[144.75025,-37.81594],[144.75023,-37.81605]],[[144.75021,-37.81625],[144.75007,-37.81685]],[[144.75023,-37.81605],[144.75021,-37.81625]],[[144.74993,-37.81635],[144.74998,-37.81603]],[[144.75007,-37.81685],[144.74996,-37.8175]],[[144.74996,-37.8175],[144.74935,-37.82167]],[[144.75087,-37.80997],[144.75083,-37.81033]],[[144.75122,-37.80801],[144.75109,-37.80851]],[[144.75009,-37.81024],[144.75064,-37.81003]],[[144.75087,-37.80997],[144.75118,-37.81038]],[[144.7515,-37.81056],[144.75081,-37.81073]],[[144.75044,-37.81255],[144.75056,-37.81138]],[[144.75056,-37.81138],[144.75058,-37.81089]],[[144.75058,-37.81089],[144.75062,-37.81031]],[[144.75058,-37.81089],[144.75033,-37.81043]],[[144.7498,-37.82171],[144.74932,-37.82189]],[[144.74941,-37.8213],[144.74957,-37.82169]],[[144.75051,-37.81304],[144.75086,-37.81346]],[[144.75088,-37.81347],[144.75043,-37.81369]],[[144.75059,-37.8161],[144.75021,-37.81625]],[[144.75032,-37.81335],[144.75044,-37.81255]],[[144.7503,-37.81349],[144.75032,-37.81335]],[[144.75043,-37.81369],[144.75028,-37.81566]],[[144.75051,-37.81304],[144.75046,-37.81343]],[[144.75046,-37.81343],[144.75043,-37.81369]],[[144.75086,-37.81346],[144.75088,-37.81347]],[[144.75147,-37.80646],[144.75122,-37.80801]],[[144.75123,-37.80644],[144.75169,-37.803]],[[144.7487,-37.82479],[144.7491,-37.82164]]]}}