{"n":{"rail":[[[144.73294,-37.80626],[144.73652,-37.78363]],[[144.73656,-37.78364],[144.73298,-37.80626]]],"freeway":[[[144.75829,-37.79749],[144.75533,-37.79676],[144.75303,-37.79565]],[[144.75308,-37.79543],[144.755,-37.79644],[144.75807,-37.79726]],[[144.75225,-37.79845],[144.75208,-37.79796]],[[144.75184,-37.79793],[144.75235,-37.79783]],[[144.75282,-37.79652],[144.75254,-37.79644]],[[144.75303,-37.79565],[144.75255,-37.79532]],[[144.75259,-37.7951],[144.75308,-37.79543]],[[144.75255,-37.79532],[144.75022,-37.79311],[144.74892,-37.79049],[144.74741,-37.7808]],[[144.7584,-37.7975],[144.75402,-37.79681]],[[144.75254,-37.79644],[144.7523,-37.79637]],[[144.75034,-37.79261],[144.75169,-37.79382]],[[144.75316,-37.79405],[144.75331,-37.79481]],[[144.74766,-37.78082],[144.74895,-37.78942],[144.74971,-37.79185]],[[144.75279,-37.7945],[144.75307,-37.79476]],[[144.7519,-37.80315],[144.75147,-37.80646]],[[144.7535,-37.79669],[144.75279,-37.79673]],[[144.75307,-37.79476],[144.75331,-37.79481]],[[144.75209,-37.79982],[144.75213,-37.79948]],[[144.75235,-37.79783],[144.75244,-37.79715]],[[144.75225,-37.79845],[144.75235,-37.79783]],[[144.7526,-37.79801],[144.75242,-37.79938]],[[144.75128,-37.80298],[144.75171,-37.80286]],[[144.7535,-37.79669],[144.75282,-37.79652]],[[144.7523,-37.79637],[144.75161,-37.79585],[144.74994,-37.79272]],[[144.75169,-37.79382],[144.75211,-37.79409]],[[144.75352,-37.79496],[144.75545,-37.79646],[144.75807,-37.79726]],[[144.7524,-37.79949],[144.75201,-37.80228]],[[144.75242,-37.79938],[144.7524,-37.79949]],[[144.75216,-37.79919],[144.75225,-37.79845]],[[144.75192,-37.80301],[144.7519,-37.80315]],[[144.75201,-37.80228],[144.75192,-37.80301]],[[144.75169,-37.803],[144.75209,-37.79982]],[[144.75307,-37.79476],[144.75305,-37.79486]],[[144.75213,-37.79948],[144.75215,-37.79937]],[[144.75174,-37.79935],[144.75216,-37.79919]],[[144.75402,-37.79681],[144.7535,-37.79669]],[[144.75331,-37.79481],[144.75352,-37.79496]],[[144.75305,-37.79486],[144.75282,-37.79652]],[[144.75254,-37.79644],[144.75279,-37.7945]],[[144.75211,-37.79409],[144.75279,-37.7945]],[[144.75215,-37.79937],[144.75216,-37.79919]],[[144.74971,-37.79185],[144.75034,-37.79261]],[[144.75282,-37.79652],[144.75279,-37.79673]],[[144.75244,-37.79715],[144.75254,-37.79644]],[[144.75279,-37.79673],[144.7526,-37.79801]],[[144.75273,-37.79492],[144.75307,-37.79476]],[[144.7525,-37.79432],[144.75283,-37.79422]],[[144.7525,-37.79671],[144.7523,-37.79637]],[[144.74971,-37.79185],[144.75079,-37.79345],[144.75259,-37.7951]],[[144.75123,-37.80644],[144.75169,-37.803]]]}}