{"n":{"rail":[[[144.72249,-37.87624],[144.77924,-37.86189]],[[144.72241,-37.87632],[144.77732,-37.86244]],[[144.769,-37.86458],[144.72242,-37.87635]]],"freeway":[[[144.74277,-37.87206],[144.73998,-37.87295]],[[144.73808,-37.87451],[144.73753,-37.87533]],[[144.7367,-37.87298],[144.7369,-37.87296]],[[144.73663,-37.87284],[144.73653,-37.87261]],[[144.74817,-37.87079],[144.74807,-37.87035]],[[144.74823,-37.87031],[144.74833,-37.87075]],[[144.74882,-37.87224],[144.7486,-37.87225]],[[144.74833,-37.87075],[144.74882,-37.87224]],[[144.7482,-37.87017],[144.74823,-37.87031]],[[144.74813,-37.86964],[144.74817,-37.87004]],[[144.74802,-37.87008],[144.74795,-37.86916]],[[144.74807,-37.87035],[144.74804,-37.87018]],[[144.74795,-37.86916],[144.74793,-37.86834]],[[144.74905,-37.86229],[144.74815,-37.86258]],[[144.74723,-37.8622],[144.74791,-37.86198]],[[144.73468,-37.86747],[144.73673,-37.87252]],[[144.75581,-37.86928],[144.76147,-37.86849]],[[144.73696,-37.87364],[144.73679,-37.8732]],[[144.74791,-37.86198],[144.74792,-37.8614]],[[144.75473,-37.86957],[144.75037,-37.87013]],[[144.73223,-37.87446],[144.73618,-37.87347]],[[144.7479,-37.86676],[144.74789,-37.86649]],[[144.7481,-37.86686],[144.74811,-37.86713]],[[144.75115,-37.86958],[144.75363,-37.86947]],[[144.74789,-37.8654],[144.74791,-37.86357]],[[144.74365,-37.87159],[144.7479,-37.87052]],[[144.74747,-37.87085],[144.74373,-37.87182]],[[144.74373,-37.87182],[144.74277,-37.87206]],[[144.75004,-37.86998],[144.75581,-37.86928]],[[144.74882,-37.86674],[144.74811,-37.86713]],[[144.74734,-37.86686],[144.74789,-37.86649]],[[144.74791,-37.8629],[144.74767,-37.86229]],[[144.74792,-37.8614],[144.74785,-37.85801],[144.7471,-37.85516]],[[144.74811,-37.86749],[144.74811,-37.86912]],[[144.7479,-37.86731],[144.74757,-37.86695]],[[144.7481,-37.86638],[144.74842,-37.86667]],[[144.74816,-37.86163],[144.74847,-37.86221]],[[144.74793,-37.86834],[144.7479,-37.86731]],[[144.73454,-37.86754],[144.73445,-37.86739]],[[144.73653,-37.87261],[144.73557,-37.87015]],[[144.73445,-37.86739],[144.73431,-37.86716]],[[144.74708,-37.85424],[144.74804,-37.85778],[144.74816,-37.86163]],[[144.73582,-37.87324],[144.7367,-37.87298]],[[144.74811,-37.86713],[144.74811,-37.86749]],[[144.75581,-37.86928],[144.75806,-37.86907]],[[144.73805,-37.87324],[144.73642,-37.87366]],[[144.73642,-37.87366],[144.73212,-37.87474]],[[144.73618,-37.87347],[144.73735,-37.87318]],[[144.73735,-37.87318],[144.74365,-37.87159]],[[144.75037,-37.87013],[144.74747,-37.87085]],[[144.7479,-37.87052],[144.75004,-37.86998]],[[144.73208,-37.86385],[144.73412,-37.86667]],[[144.74813,-37.86964],[144.74831,-37.87]],[[144.7482,-37.87017],[144.74847,-37.87004]],[[144.74925,-37.87169],[144.74882,-37.87224]],[[144.75122,-37.87015],[144.75016,-37.8706],[144.74925,-37.87169]],[[144.73646,-37.87468],[144.73509,-37.87431],[144.73212,-37.87474]],[[144.74791,-37.86222],[144.74816,-37.86221]],[[144.74816,-37.86231],[144.7479,-37.86231]],[[144.7479,-37.86231],[144.74791,-37.86222]],[[144.74791,-37.86357],[144.74791,-37.8629]],[[144.7479,-37.8669],[144.7479,-37.86676]],[[144.74277,-37.87206],[144.73805,-37.87324]],[[144.74811,-37.86912],[144.74813,-37.86964]],[[144.73223,-37.87446],[144.73481,-37.87361]],[[144.73808,-37.87451],[144.73755,-37.87515]],[[144.7486,-37.87225],[144.74817,-37.87079]],[[144.73481,-37.87361],[144.73582,-37.87324]],[[144.74847,-37.87004],[144.74902,-37.86991]],[[144.7387,-37.87361],[144.73808,-37.87451]],[[144.73956,-37.87247],[144.74236,-37.87192]],[[144.73683,-37.87277],[144.7369,-37.87296]],[[144.73673,-37.87252],[144.73683,-37.87277]],[[144.7367,-37.87298],[144.73663,-37.87284]],[[144.7369,-37.87296],[144.73722,-37.87293]],[[144.73695,-37.87317],[144.73712,-37.87359]],[[144.73458,-37.86733],[144.73468,-37.86747]],[[144.73723,-37.87438],[144.73696,-37.87364]],[[144.73712,-37.87359],[144.73755,-37.87515]],[[144.73483,-37.86821],[144.73417,-37.86772]],[[144.73483,-37.86821],[144.73454,-37.86754]],[[144.73679,-37.8732],[144.7367,-37.87298]],[[144.7369,-37.87296],[144.73695,-37.87317]],[[144.73412,-37.86667],[144.73482,-37.86722]],[[144.73367,-37.86777],[144.73431,-37.86716]],[[144.73431,-37.86716],[144.73206,-37.86415]],[[144.73412,-37.86667],[144.73458,-37.86733]],[[144.74804,-37.87018],[144.74802,-37.87008]],[[144.7481,-37.86638],[144.7481,-37.86672]],[[144.73536,-37.8696],[144.73483,-37.86821]],[[144.73557,-37.87015],[144.73536,-37.8696]],[[144.75473,-37.86957],[144.75122,-37.87015]],[[144.74925,-37.87169],[144.74889,-37.87261]],[[144.74902,-37.86991],[144.75072,-37.86962]],[[144.75072,-37.86962],[144.75115,-37.86958]],[[144.73998,-37.87295],[144.73946,-37.87312]],[[144.73946,-37.87312],[144.7387,-37.87361]],[[144.73705,-37.87508],[144.73646,-37.87468]],[[144.73722,-37.87293],[144.73956,-37.87247]],[[144.73733,-37.87515],[144.73723,-37.87438]],[[144.74817,-37.87004],[144.7482,-37.87017]],[[144.74809,-37.87043],[144.74812,-37.87033]],[[144.74812,-37.87033],[144.7482,-37.87017]],[[144.74815,-37.86258],[144.7481,-37.86638]],[[144.74816,-37.86221],[144.74816,-37.86231]],[[144.74791,-37.86222],[144.74791,-37.86198]],[[144.74791,-37.8629],[144.7479,-37.86231]],[[144.74816,-37.86231],[144.74815,-37.86258]],[[144.74816,-37.86163],[144.74816,-37.86221]],[[144.74831,-37.87],[144.74847,-37.87004]],[[144.7481,-37.86672],[144.7481,-37.86686]],[[144.75621,-37.86943],[144.75473,-37.86957]],[[144.74789,-37.86649],[144.74789,-37.8654]],[[144.7479,-37.86731],[144.7479,-37.8669]]]}}