{"t":[{"r":"WHITTLESEA-YEA ROAD","v":739,"h":12,"c":[[145.28733,-37.35697],[145.28318,-37.35742],[145.28251,-37.35805],[145.28233,-37.35872],[145.28267,-37.36024],[145.28455,-37.36197]]},{"r":"WHITTLESEA-YEA ROAD","v":739,"h":12,"c":[[145.28668,-37.36838],[145.28295,-37.37277]]},{"r":"WHITTLESEA-YEA ROAD","v":748,"h":14,"c":[[145.28295,-37.37277],[145.28668,-37.36838]]},{"r":"WHITTLESEA-YEA ROAD","v":748,"h":14,"c":[[145.28455,-37.36197],[145.28267,-37.36024],[145.28233,-37.35872],[145.28251,-37.35805],[145.28318,-37.35742],[145.28733,-37.35697]]}]}