{"t":[{"r":"WHITTLESEA-YEA ROAD","v":739,"h":12,"c":[[145.27193,-37.38546],[145.27122,-37.38882],[145.27131,-37.38965],[145.27315,-37.3927],[145.27448,-37.3958],[145.27456,-37.39818],[145.27419,-37.40041],[145.2753,-37.40634]]},{"r":"WHITTLESEA-YEA ROAD","v":748,"h":14,"c":[[145.2753,-37.40634],[145.27419,-37.40041],[145.27456,-37.39818],[145.27448,-37.3958],[145.27315,-37.3927],[145.27131,-37.38965],[145.27122,-37.38882],[145.27193,-37.38546]]}]}