{"t":[{"r":"WHITTLESEA-YEA ROAD","v":739,"h":12,"c":[[145.28668,-37.36838],[145.28295,-37.37277],[145.27862,-37.37474],[145.27465,-37.37759],[145.2717,-37.37989],[145.27081,-37.38081],[145.27021,-37.38206],[145.27193,-37.38546],[145.27122,-37.38882]]},{"r":"WHITTLESEA-YEA ROAD","v":748,"h":14,"c":[[145.27122,-37.38882],[145.27193,-37.38546],[145.27021,-37.38206],[145.27081,-37.38081],[145.2717,-37.37989],[145.27465,-37.37759],[145.27862,-37.37474],[145.28295,-37.37277],[145.28668,-37.36838]]}]}