{"t":[{"r":"WHITTLESEA-KINGLAKE ROAD","v":1507,"h":11,"c":[[145.24972,-37.4805],[145.28836,-37.48182]]},{"r":"WHITTLESEA-KINGLAKE ROAD","v":1509,"h":11,"c":[[145.28836,-37.48182],[145.24972,-37.4805]]}]}