{"t":[{"r":"WHITTLESEA-YEA ROAD","v":739,"h":12,"c":[[145.27419,-37.40041],[145.2753,-37.40634],[145.27475,-37.40878],[145.27502,-37.40964],[145.27633,-37.41122],[145.27645,-37.41279],[145.27518,-37.41434],[145.27126,-37.41553],[145.27037,-37.41649],[145.26875,-37.41927],[145.26713,-37.42091],[145.26615,-37.4228]]},{"r":"WHITTLESEA-YEA ROAD","v":748,"h":14,"c":[[145.26615,-37.4228],[145.26713,-37.42091],[145.26875,-37.41927],[145.27037,-37.41649],[145.27126,-37.41553],[145.27518,-37.41434],[145.27645,-37.41279],[145.27633,-37.41122],[145.27502,-37.40964],[145.27475,-37.40878],[145.2753,-37.40634],[145.27419,-37.40041]]}]}