{"t":[{"r":"WHITTLESEA-YEA ROAD","v":739,"h":12,"c":[[145.26713,-37.42091],[145.26615,-37.4228],[145.26538,-37.42339],[145.26188,-37.42503],[145.25929,-37.42554]]},{"r":"WHITTLESEA-YEA ROAD","v":748,"h":14,"c":[[145.25929,-37.42554],[145.26188,-37.42503],[145.26538,-37.42339],[145.26615,-37.4228],[145.26713,-37.42091]]}]}