{"t":[{"r":"SYMONDS STREET","v":1391,"h":20,"c":[[145.26107,-37.66672],[145.26313,-37.66472]]},{"r":"SYMONDS STREET","v":1459,"h":6,"c":[[145.26313,-37.66472],[145.26107,-37.66672]]}]}