{"t":[{"r":"SYMONDS STREET","v":1391,"h":20,"c":[[145.26107,-37.66672],[145.26313,-37.66472],[145.2665,-37.6644],[145.27006,-37.66297],[145.27062,-37.66206],[145.27059,-37.65996],[145.27094,-37.65912],[145.2745,-37.65683],[145.27589,-37.65511],[145.27768,-37.65431],[145.28125,-37.65374],[145.28374,-37.6525]]},{"r":"SYMONDS STREET","v":1459,"h":6,"c":[[145.28374,-37.6525],[145.28125,-37.65374],[145.27768,-37.65431],[145.27589,-37.65511],[145.2745,-37.65683],[145.27094,-37.65912],[145.27059,-37.65996],[145.27062,-37.66206],[145.27006,-37.66297],[145.2665,-37.6644],[145.26313,-37.66472],[145.26107,-37.66672]]}]}