{"t":[{"r":"BURNS STREET","v":2000,"h":4,"c":[[145.26406,-37.61271],[145.26471,-37.61559],[145.2646,-37.61674],[145.26337,-37.61956],[145.26243,-37.62042],[145.25991,-37.62177]]},{"r":"KANGAROO GROUND-ST ANDREWS ROAD","v":2029,"h":4,"c":[[145.25986,-37.62186],[145.26243,-37.62042],[145.26337,-37.61956],[145.2646,-37.61674],[145.26471,-37.61559],[145.26406,-37.61271]]}]}