{"t":[{"r":"SCOTT STREET","v":1008,"h":11,"c":[[145.27414,-37.60056],[145.28161,-37.59509],[145.28158,-37.59414],[145.28037,-37.59274],[145.2805,-37.59226],[145.28293,-37.59051],[145.28461,-37.58823]]},{"r":"HEIDELBERG-KINGLAKE ROAD","v":975,"h":12,"c":[[145.28461,-37.58823],[145.28293,-37.59051],[145.2805,-37.59226],[145.28037,-37.59274],[145.28158,-37.59414],[145.28161,-37.59509],[145.27414,-37.60056]]}]}