{"t":[{"r":"NAPOLEON ROAD","v":2411,"h":7,"c":[[145.27408,-37.91149],[145.2857,-37.90196]]},{"r":"NAPOLEON ROAD","v":9167,"h":7,"c":[[145.2857,-37.90196],[145.27408,-37.91149]]}]}