{"t":[{"r":"YARRA ROAD","v":5895,"h":6,"c":[[145.27043,-37.74909],[145.27251,-37.75382],[145.27335,-37.7592],[145.27125,-37.76497],[145.2723,-37.76823],[145.2753,-37.76939],[145.27617,-37.77048],[145.27405,-37.78357]]},{"r":"YARRA ROAD","v":5895,"h":6,"c":[[145.27043,-37.74909],[145.27251,-37.75382],[145.27335,-37.7592],[145.27125,-37.76497],[145.2723,-37.76823],[145.2753,-37.76939],[145.27617,-37.77048],[145.27405,-37.78357]]}]}