{"t":[{"r":"CHURCHILL PARK DRIVE","v":4620,"h":6,"c":[[145.25827,-37.95856],[145.26303,-37.9582],[145.27751,-37.95994],[145.28183,-37.9621]]},{"r":"CHURCHILL PARK DRIVE","v":4759,"h":6,"c":[[145.25827,-37.95856],[145.26303,-37.9582],[145.27751,-37.95994],[145.28183,-37.9621]]}]}