{"t":[{"r":"SOUTH GIPPSLAND HIGHWAY","v":9783,"h":9,"c":[[145.28298,-38.11365],[145.28658,-38.11752]]},{"r":"SOUTH GIPPSLAND HIGHWAY","v":9207,"h":13,"c":[[145.28658,-38.11752],[145.28298,-38.11365]]}]}