{"t":[{"r":"BAXTER-TOORADIN ROAD","v":6129,"h":6,"c":[[145.25333,-38.20499],[145.27622,-38.202],[145.29186,-38.2035]]},{"r":"BAXTER-TOORADIN ROAD","v":5825,"h":6,"c":[[145.29186,-38.2035],[145.27622,-38.202],[145.25333,-38.20499]]}]}