{"t":[{"r":"NORTH ROAD","v":2235,"h":0,"c":[[145.24104,-38.17118],[145.28668,-38.17672]]},{"r":"NORTH ROAD","v":2261,"h":0,"c":[[145.24104,-38.17118],[145.28668,-38.17672]]}]}