{"t":[{"r":"COWES-RHYLL ROAD","v":860,"h":8,"c":[[145.23898,-38.46364],[145.26518,-38.46378]]},{"r":"COWES-RHYLL ROAD","v":860,"h":8,"c":[[145.26518,-38.46378],[145.26924,-38.46481],[145.27264,-38.46489],[145.27669,-38.46477],[145.2814,-38.46335],[145.29511,-38.46333]]},{"r":"COWES-RHYLL ROAD","v":867,"h":8,"c":[[145.23898,-38.46364],[145.26518,-38.46378]]},{"r":"COWES-RHYLL ROAD","v":867,"h":8,"c":[[145.26518,-38.46378],[145.26924,-38.46481],[145.27264,-38.46489],[145.27669,-38.46477],[145.2814,-38.46335],[145.29511,-38.46333]]}]}