{"n":{"rail":[[[145.54892,-38.08022],[145.593,-38.08284]],[[145.57112,-38.08157],[145.54816,-38.08026]],[[145.593,-38.08289],[145.57112,-38.08157]]],"freeway":[[[145.56643,-38.06932],[145.57,-38.0691]],[[145.57,-38.0691],[145.57982,-38.06988]],[[145.59032,-38.06866],[145.59025,-38.06824]],[[145.58858,-38.06852],[145.58898,-38.06843]],[[145.57917,-38.07019],[145.57197,-38.06941],[145.56808,-38.06938]],[[145.58898,-38.06843],[145.59264,-38.06802]],[[145.58912,-38.06888],[145.5887,-38.06897]],[[145.57465,-38.0691],[145.57982,-38.06988]],[[145.59291,-38.06831],[145.58912,-38.06888]],[[145.5887,-38.06897],[145.58685,-38.0695]],[[145.58659,-38.069],[145.58858,-38.06852]],[[145.59047,-38.06821],[145.59058,-38.06862]],[[145.58685,-38.0695],[145.58292,-38.07042],[145.57917,-38.07019]],[[145.57982,-38.06988],[145.58273,-38.06978],[145.58659,-38.069]]]}}