{"b":[{"h":6,"g":[[145.712347,-37.320951],[145.712382,-37.321031],[145.712438,-37.321016],[145.712475,-37.321101],[145.712556,-37.321078],[145.712483,-37.320913],[145.712347,-37.320951]]},{"h":6,"g":[[145.713113,-37.321507],[145.71321,-37.32152],[145.713248,-37.321328],[145.713152,-37.321315],[145.713113,-37.321507]]}]}