{"b":[{"h":6,"g":[[145.704712,-37.266352],[145.704812,-37.266417],[145.704973,-37.266259],[145.704873,-37.266194],[145.704712,-37.266352]]},{"h":6,"g":[[145.705422,-37.266189],[145.705498,-37.266254],[145.705554,-37.266211],[145.7056,-37.26625],[145.70568,-37.26619],[145.705627,-37.266144],[145.705761,-37.266044],[145.705696,-37.26599],[145.705538,-37.266107],[145.705495,-37.266071],[145.705451,-37.266104],[145.705491,-37.266138],[145.705422,-37.266189]]}]}