{"b":[{"h":6,"g":[[145.703038,-37.401929],[145.703208,-37.401953],[145.703233,-37.401843],[145.703063,-37.401818],[145.703038,-37.401929]]}]}