{"b":[{"h":6,"g":[[145.710816,-37.338244],[145.710816,-37.338362],[145.710938,-37.338362],[145.710937,-37.338318],[145.711042,-37.338318],[145.711042,-37.338244],[145.710816,-37.338244]]},{"h":6,"g":[[145.709241,-37.336876],[145.709316,-37.336887],[145.709341,-37.336778],[145.709358,-37.33678],[145.709378,-37.336697],[145.709268,-37.336681],[145.709246,-37.336776],[145.709263,-37.336778],[145.709241,-37.336876]]},{"h":6,"g":[[145.709115,-37.337208],[145.709136,-37.337211],[145.709126,-37.337253],[145.709173,-37.33726],[145.709161,-37.337313],[145.709249,-37.337325],[145.709287,-37.337159],[145.709307,-37.337161],[145.709321,-37.337099],[145.709298,-37.337095],[145.709318,-37.337006],[145.709182,-37.336987],[145.709153,-37.337119],[145.709136,-37.337117],[145.709115,-37.337208]]}]}