{"b":[{"h":6,"g":[[145.712171,-37.515752],[145.712178,-37.515818],[145.712227,-37.515817],[145.71222,-37.515748],[145.712171,-37.515752]]}]}