{"b":[{"h":6,"g":[[145.706326,-37.75115],[145.706547,-37.751263],[145.706616,-37.751178],[145.706395,-37.751065],[145.706326,-37.75115]]},{"h":6,"g":[[145.704723,-37.750905],[145.704948,-37.750922],[145.705131,-37.751274],[145.705216,-37.751261],[145.705286,-37.751405],[145.705157,-37.751448],[145.705238,-37.751639],[145.705533,-37.751558],[145.705452,-37.75138],[145.706219,-37.751418],[145.706225,-37.751295],[145.705865,-37.751266],[145.705881,-37.751147],[145.705731,-37.751134],[145.705704,-37.751274],[145.705367,-37.75124],[145.705125,-37.750905],[145.705184,-37.750884],[145.705221,-37.750621],[145.705152,-37.750617],[145.705012,-37.750315],[145.704868,-37.750358],[145.704964,-37.750651],[145.704781,-37.750629],[145.704723,-37.750905]]}]}