{"b":[{"h":6,"g":[[145.714843,-37.854591],[145.71507,-37.854659],[145.715178,-37.854431],[145.714932,-37.854358],[145.714901,-37.854422],[145.714921,-37.854428],[145.714843,-37.854591]]},{"h":6,"g":[[145.714826,-37.854711],[145.714964,-37.854748],[145.714999,-37.854666],[145.714861,-37.854629],[145.714826,-37.854711]]},{"h":6,"g":[[145.715236,-37.856701],[145.715418,-37.856742],[145.715453,-37.856644],[145.715272,-37.856603],[145.715236,-37.856701]]}]}