{"b":[{"h":6,"g":[[145.703482,-37.75581],[145.70413,-37.755908],[145.704179,-37.755706],[145.703531,-37.755608],[145.703482,-37.75581]]},{"h":6,"g":[[145.700657,-37.75891],[145.700722,-37.759043],[145.7008,-37.75902],[145.700736,-37.758887],[145.700657,-37.75891]]}]}