{"b":[{"h":6,"g":[[145.721845,-38.168075],[145.722022,-38.168115],[145.722035,-38.168079],[145.722085,-38.168091],[145.722108,-38.168027],[145.721881,-38.167976],[145.721845,-38.168075]]},{"h":6,"g":[[145.720549,-38.167933],[145.720697,-38.167994],[145.720748,-38.167916],[145.720601,-38.167855],[145.720549,-38.167933]]},{"h":6,"g":[[145.721454,-38.167271],[145.721552,-38.167299],[145.721564,-38.167273],[145.721627,-38.167291],[145.721656,-38.16723],[145.721495,-38.167183],[145.721454,-38.167271]]},{"h":6,"g":[[145.721622,-38.16529],[145.721792,-38.165318],[145.721816,-38.165229],[145.721715,-38.165213],[145.72172,-38.165195],[145.721651,-38.165183],[145.721622,-38.16529]]}]}