{"b":[{"h":6,"g":[[145.702567,-38.21783],[145.702671,-38.217984],[145.703969,-38.21744],[145.703865,-38.217287],[145.702567,-38.21783]]},{"h":6,"g":[[145.702357,-38.217548],[145.702459,-38.2177],[145.703763,-38.217161],[145.703661,-38.217009],[145.702357,-38.217548]]}]}