{"b":[{"h":6,"g":[[145.720397,-38.376161],[145.720535,-38.376175],[145.72055,-38.376083],[145.720412,-38.376069],[145.720397,-38.376161]]},{"h":6,"g":[[145.720921,-38.37639],[145.721016,-38.376404],[145.721038,-38.376311],[145.720943,-38.376298],[145.720921,-38.37639]]},{"h":6,"g":[[145.719593,-38.38562],[145.719733,-38.385637],[145.719762,-38.385492],[145.719622,-38.385475],[145.719593,-38.38562]]}]}