{"b":[{"h":6,"g":[[145.715576,-38.395012],[145.715689,-38.395041],[145.715715,-38.394978],[145.715602,-38.394949],[145.715576,-38.395012]]}]}