{"b":[{"h":6,"g":[[145.704453,-38.533488],[145.704542,-38.533505],[145.704582,-38.533374],[145.704494,-38.533358],[145.704453,-38.533488]]}]}