{"b":[{"h":6,"g":[[145.250322,-37.492988],[145.25036,-37.493062],[145.250419,-37.493042],[145.250381,-37.492969],[145.250322,-37.492988]]},{"h":6,"g":[[145.250539,-37.492438],[145.250562,-37.492472],[145.250635,-37.492441],[145.250612,-37.492406],[145.250539,-37.492438]]},{"h":6,"g":[[145.250108,-37.492625],[145.250137,-37.492657],[145.250216,-37.492611],[145.250187,-37.49258],[145.250108,-37.492625]]}]}