{"b":[{"h":6,"g":[[145.256368,-37.595506],[145.256585,-37.595643],[145.2567,-37.595545],[145.256536,-37.595434],[145.256448,-37.595468],[145.256368,-37.595506]]},{"h":6,"g":[[145.258139,-37.594502],[145.258286,-37.594511],[145.258332,-37.594463],[145.258454,-37.594457],[145.258486,-37.594505],[145.258723,-37.594523],[145.258741,-37.594438],[145.258567,-37.594428],[145.258583,-37.59434],[145.258341,-37.594316],[145.258282,-37.594357],[145.258181,-37.594366],[145.258164,-37.594413],[145.258139,-37.594502]]}]}