{"b":[{"h":6,"g":[[145.257917,-37.738839],[145.257957,-37.738924],[145.258101,-37.738881],[145.258061,-37.738797],[145.257917,-37.738839]]},{"h":6,"g":[[145.250497,-37.752966],[145.250517,-37.753066],[145.250611,-37.753054],[145.250591,-37.752954],[145.250497,-37.752966]]},{"h":6,"g":[[145.250425,-37.75311],[145.25047,-37.753314],[145.250502,-37.753309],[145.250523,-37.753408],[145.250757,-37.753376],[145.250732,-37.753264],[145.250664,-37.753274],[145.250651,-37.753215],[145.250706,-37.753207],[145.250678,-37.753075],[145.250425,-37.75311]]}]}