{"b":[{"h":6,"g":[[145.244679,-37.62995],[145.244752,-37.630038],[145.245054,-37.62988],[145.244981,-37.629792],[145.244679,-37.62995]]},{"h":6,"g":[[145.245278,-37.630148],[145.245444,-37.630283],[145.2455,-37.63024],[145.245334,-37.630105],[145.245278,-37.630148]]}]}