{"b":[{"h":6,"g":[[145.241704,-37.959834],[145.241864,-37.959854],[145.241898,-37.959858],[145.241872,-37.95999],[145.242229,-37.960033],[145.242258,-37.959887],[145.242259,-37.959882],[145.24227,-37.959883],[145.242293,-37.959758],[145.241966,-37.959719],[145.241975,-37.959671],[145.241742,-37.959643],[145.241704,-37.959834]]},{"h":6,"g":[[145.25757,-37.958911],[145.257884,-37.958991],[145.257979,-37.958763],[145.257655,-37.958683],[145.25757,-37.958911]]}]}