{"b":[{"h":6,"g":[[145.260386,-38.158144],[145.260426,-38.158149],[145.26042,-38.158177],[145.260492,-38.158187],[145.260499,-38.158158],[145.260528,-38.158162],[145.260535,-38.158131],[145.260547,-38.158075],[145.260405,-38.158056],[145.260386,-38.158144]]},{"h":6,"g":[[145.260661,-38.157933],[145.260662,-38.15805],[145.260806,-38.158046],[145.260808,-38.158082],[145.260894,-38.158094],[145.260908,-38.15806],[145.261052,-38.158097],[145.261101,-38.15799],[145.260884,-38.157933],[145.260856,-38.157932],[145.260661,-38.157933]]}]}