{"t":[{"r":"MELBA HIGHWAY","v":1852,"h":17,"c":[[145.4363,-37.22235],[145.43877,-37.22567],[145.44446,-37.23491]]},{"r":"MELBA HIGHWAY","v":1852,"h":17,"c":[[145.4363,-37.22235],[145.43877,-37.22567],[145.44446,-37.23491]]},{"r":"MELBA HIGHWAY","v":1867,"h":17,"c":[[145.44446,-37.23491],[145.43877,-37.22567],[145.4363,-37.22235]]}]}