{"t":[{"r":"MELBA HIGHWAY","v":1852,"h":17,"c":[[145.45327,-37.24264],[145.45632,-37.24784],[145.45747,-37.26618]]},{"r":"MELBA HIGHWAY","v":1852,"h":17,"c":[[145.45327,-37.24264],[145.45632,-37.24784],[145.45747,-37.26618]]},{"r":"MELBA HIGHWAY","v":1867,"h":17,"c":[[145.45747,-37.26618],[145.45632,-37.24784],[145.45327,-37.24264]]}]}