{"t":[{"r":"MELBA HIGHWAY","v":1852,"h":17,"c":[[145.45346,-37.33018],[145.4556,-37.33645],[145.46185,-37.34554]]},{"r":"MELBA HIGHWAY","v":1852,"h":17,"c":[[145.45346,-37.33018],[145.4556,-37.33645],[145.46185,-37.34554]]},{"r":"MELBA HIGHWAY","v":1867,"h":17,"c":[[145.46185,-37.34554],[145.4556,-37.33645],[145.45346,-37.33018]]}]}