{"t":[{"r":"MELBA HIGHWAY","v":1852,"h":17,"c":[[145.45632,-37.24784],[145.45747,-37.26618],[145.45857,-37.2693],[145.46022,-37.27264]]},{"r":"MELBA HIGHWAY","v":1852,"h":17,"c":[[145.45632,-37.24784],[145.45747,-37.26618],[145.45857,-37.2693],[145.46022,-37.27264]]},{"r":"MELBA HIGHWAY","v":1867,"h":17,"c":[[145.46022,-37.27264],[145.45857,-37.2693],[145.45747,-37.26618],[145.45632,-37.24784]]}]}