{"t":[{"r":"MELBA HIGHWAY","v":1852,"h":17,"c":[[145.46239,-37.30349],[145.45819,-37.30966],[145.45131,-37.31586],[145.45077,-37.31699],[145.45068,-37.3181]]},{"r":"MELBA HIGHWAY","v":1852,"h":17,"c":[[145.46239,-37.30349],[145.45819,-37.30966],[145.45131,-37.31586],[145.45077,-37.31699],[145.45068,-37.3181]]},{"r":"MELBA HIGHWAY","v":1867,"h":17,"c":[[145.45068,-37.3181],[145.45073,-37.31714],[145.45131,-37.31586],[145.45819,-37.30966],[145.46239,-37.30349]]}]}