{"t":[{"r":"MELBA HIGHWAY","v":1852,"h":17,"c":[[145.45077,-37.31699],[145.45068,-37.3181],[145.45126,-37.32017],[145.4533,-37.32374],[145.45346,-37.33018],[145.4556,-37.33645]]},{"r":"MELBA HIGHWAY","v":1852,"h":17,"c":[[145.45077,-37.31699],[145.45068,-37.3181],[145.45126,-37.32017],[145.4533,-37.32374],[145.45346,-37.33018],[145.4556,-37.33645]]},{"r":"MELBA HIGHWAY","v":1867,"h":17,"c":[[145.4556,-37.33645],[145.45346,-37.33018],[145.4533,-37.32374],[145.45126,-37.32017],[145.45068,-37.3181],[145.45073,-37.31714]]}]}