{"t":[{"r":"MELBA HIGHWAY","v":1852,"h":17,"c":[[145.45938,-37.40206],[145.45646,-37.40378],[145.44563,-37.41288]]},{"r":"MELBA HIGHWAY","v":1852,"h":17,"c":[[145.45938,-37.40206],[145.45646,-37.40378],[145.44563,-37.41288]]},{"r":"MELBA HIGHWAY","v":1867,"h":17,"c":[[145.44563,-37.41288],[145.45646,-37.40378],[145.45938,-37.40206]]}]}