{"t":[{"r":"MELBA HIGHWAY","v":1852,"h":17,"c":[[145.43877,-37.22567],[145.44446,-37.23491],[145.44805,-37.23886],[145.45327,-37.24264],[145.45632,-37.24784]]},{"r":"MELBA HIGHWAY","v":1852,"h":17,"c":[[145.43877,-37.22567],[145.44446,-37.23491],[145.44805,-37.23886],[145.45327,-37.24264],[145.45632,-37.24784]]},{"r":"MELBA HIGHWAY","v":1867,"h":17,"c":[[145.45632,-37.24784],[145.45327,-37.24264],[145.44805,-37.23886],[145.44446,-37.23491],[145.43877,-37.22567]]}]}