{"t":[{"r":"HEALESVILLE-KINGLAKE ROAD","v":1453,"h":9,"c":[[145.43699,-37.52878],[145.4382,-37.52955],[145.44079,-37.53041],[145.44346,-37.53227],[145.44692,-37.53267],[145.44829,-37.53324],[145.45226,-37.53537],[145.45456,-37.53809],[145.45549,-37.53847],[145.45722,-37.53792],[145.4602,-37.53249]]},{"r":"HEALESVILLE-KINGLAKE ROAD","v":1374,"h":9,"c":[[145.4602,-37.53249],[145.45722,-37.53792],[145.45549,-37.53847],[145.45456,-37.53809],[145.45226,-37.53537],[145.44829,-37.53324],[145.44692,-37.53267],[145.44346,-37.53227],[145.44079,-37.53041],[145.4382,-37.52955],[145.43699,-37.52878]]}]}