{"t":[{"r":"MELBA HIGHWAY","v":1852,"h":17,"c":[[145.45646,-37.40378],[145.44563,-37.41288],[145.44278,-37.41458],[145.43569,-37.41558]]},{"r":"MELBA HIGHWAY","v":1852,"h":17,"c":[[145.45646,-37.40378],[145.44563,-37.41288],[145.44278,-37.41458],[145.43569,-37.41558]]},{"r":"MELBA HIGHWAY","v":1867,"h":17,"c":[[145.43569,-37.41558],[145.44278,-37.41458],[145.44563,-37.41288],[145.45646,-37.40378]]}]}