{"t":[{"r":"GRUYERE ROAD","v":306,"h":6,"c":[[145.4377,-37.72971],[145.44049,-37.73924]]},{"r":"KILLARA ROAD","v":821,"h":6,"c":[[145.43121,-37.72764],[145.4377,-37.72971]]},{"r":"GRUYERE ROAD","v":310,"h":6,"c":[[145.4377,-37.72971],[145.44049,-37.73924]]},{"r":"KILLARA ROAD","v":714,"h":6,"c":[[145.43121,-37.72764],[145.4377,-37.72971]]}]}