{"t":[{"r":"MAROONDAH HIGHWAY","v":4702,"h":9,"c":[[145.42888,-37.68346],[145.46777,-37.68344]]},{"r":"MAROONDAH HIGHWAY","v":4767,"h":5,"c":[[145.46777,-37.68344],[145.42888,-37.68346]]}]}