{"t":[{"r":"HEALESVILLE-KINGLAKE ROAD","v":1060,"h":12,"c":[[145.46417,-37.65955],[145.45704,-37.65866],[145.45153,-37.65386],[145.44928,-37.65301],[145.43898,-37.6549],[145.43423,-37.65439]]},{"r":"HEALESVILLE-YARRA GLEN ROAD","v":1054,"h":13,"c":[[145.43423,-37.65439],[145.43898,-37.6549],[145.44928,-37.65301],[145.45153,-37.65386],[145.45704,-37.65866],[145.46417,-37.65955]]}]}