{"t":[{"r":"GRUYERE ROAD","v":306,"h":6,"c":[[145.4377,-37.72971],[145.44049,-37.73924],[145.44009,-37.74236],[145.44144,-37.74549],[145.44113,-37.74722],[145.44191,-37.74967],[145.4417,-37.75128],[145.43938,-37.75291],[145.43935,-37.76748]]},{"r":"GRUYERE ROAD","v":310,"h":6,"c":[[145.4377,-37.72971],[145.44049,-37.73924],[145.44009,-37.74236],[145.44144,-37.74549],[145.44113,-37.74722],[145.44191,-37.74967],[145.4417,-37.75128],[145.43938,-37.75291],[145.43935,-37.76748]]}]}