{"t":[{"r":"MACCLESFIELD ROAD","v":3717,"h":6,"c":[[145.43481,-37.86296],[145.44052,-37.86294],[145.4429,-37.8619],[145.44761,-37.86179],[145.45505,-37.85786],[145.45637,-37.85791],[145.45795,-37.85883]]},{"r":"SWALES ROAD","v":3717,"h":6,"c":[[145.45795,-37.85883],[145.45867,-37.85892],[145.4597,-37.85845]]},{"r":"SWALES ROAD","v":3717,"h":6,"c":[[145.45795,-37.85883],[145.45867,-37.85892],[145.4597,-37.85845]]},{"r":"MACCLESFIELD ROAD","v":3717,"h":6,"c":[[145.43481,-37.86296],[145.44052,-37.86294],[145.4429,-37.8619],[145.44761,-37.86179],[145.45505,-37.85786],[145.45637,-37.85791],[145.45795,-37.85883]]}]}