{"t":[{"r":"MONBULK-SEVILLE ROAD","v":448,"h":13,"c":[[145.44304,-37.83991],[145.43798,-37.84175],[145.43778,-37.84327],[145.4382,-37.84552],[145.43779,-37.84655],[145.43733,-37.85161],[145.43799,-37.85353],[145.43708,-37.85393],[145.43506,-37.85307]]},{"r":"MONBULK-SEVILLE ROAD","v":470,"h":13,"c":[[145.43506,-37.85307],[145.43708,-37.85393],[145.43799,-37.85353],[145.43733,-37.85161],[145.43779,-37.84655],[145.4382,-37.84552],[145.43778,-37.84327],[145.43798,-37.84175],[145.44304,-37.83991]]}]}