{"t":[{"r":"MONBULK-SEVILLE ROAD","v":448,"h":13,"c":[[145.45822,-37.82054],[145.45464,-37.82707],[145.45241,-37.8284],[145.44849,-37.83372],[145.44648,-37.83566],[145.4457,-37.83725],[145.44304,-37.83991],[145.43798,-37.84175]]},{"r":"PARKER ROAD","v":615,"h":0,"c":[[145.445,-37.82449],[145.44751,-37.82226]]},{"r":"MONBULK-SEVILLE ROAD","v":470,"h":13,"c":[[145.43798,-37.84175],[145.44304,-37.83991],[145.4457,-37.83725],[145.44648,-37.83566],[145.44849,-37.83372],[145.45285,-37.82792],[145.45464,-37.82707],[145.45822,-37.82054]]},{"r":"PARKER ROAD","v":673,"h":0,"c":[[145.445,-37.82449],[145.44751,-37.82226]]}]}