{"t":[{"r":"LEPPITT ROAD","v":1301,"h":6,"c":[[145.45413,-38.02934],[145.45602,-38.03096],[145.46419,-38.03213]]},{"r":"LEPPITT ROAD","v":1326,"h":6,"c":[[145.45413,-38.02934],[145.45602,-38.03096],[145.46419,-38.03213]]}]}