{"t":[{"r":"BEACONSFIELD-EMERALD ROAD","v":1255,"h":8,"c":[[145.46235,-37.97957],[145.45859,-37.97976],[145.454,-37.97925],[145.45276,-37.97974],[145.45117,-37.98119],[145.45004,-37.98177],[145.44682,-37.98203],[145.44243,-37.98285],[145.44127,-37.98377],[145.44031,-37.98633],[145.4392,-37.98759],[145.43332,-37.99063]]},{"r":"BEACONSFIELD-EMERALD ROAD","v":1260,"h":9,"c":[[145.43332,-37.99063],[145.4392,-37.98759],[145.44031,-37.98633],[145.44127,-37.98377],[145.44243,-37.98285],[145.44682,-37.98203],[145.45004,-37.98177],[145.45117,-37.98119],[145.45276,-37.97974],[145.454,-37.97925],[145.45859,-37.97976],[145.46235,-37.97957]]}]}