{"t":[{"r":"LEPPITT ROAD","v":1301,"h":6,"c":[[145.43369,-38.02093],[145.43844,-38.02236],[145.44219,-38.02607],[145.44406,-38.02645],[145.44695,-38.02503],[145.45309,-38.02513],[145.4539,-38.026],[145.45413,-38.02934],[145.45602,-38.03096]]},{"r":"LEPPITT ROAD","v":1326,"h":6,"c":[[145.43369,-38.02093],[145.43844,-38.02236],[145.44219,-38.02607],[145.44406,-38.02645],[145.44695,-38.02503],[145.45309,-38.02513],[145.4539,-38.026],[145.45413,-38.02934],[145.45602,-38.03096]]}]}