{"t":[{"r":"PRINCES FREEWAY","v":28262,"h":10,"c":[[145.44086,-38.08132],[145.45586,-38.08753],[145.46533,-38.09024]]},{"r":"PRINCES FREEWAY","v":29209,"h":15,"c":[[145.4653,-38.09044],[145.45652,-38.08801],[145.44045,-38.08139]]}]}