{"t":[{"r":"SOUTH GIPPSLAND HIGHWAY","v":7111,"h":15,"c":[[145.43488,-38.21061],[145.43941,-38.21094],[145.45033,-38.21327],[145.45683,-38.2137],[145.45861,-38.21359],[145.46841,-38.21166]]},{"r":"SOUTH GIPPSLAND HIGHWAY","v":7386,"h":10,"c":[[145.46844,-38.21193],[145.45871,-38.2138],[145.45646,-38.21392],[145.45018,-38.21351],[145.43914,-38.21112],[145.43488,-38.21085]]}]}