{"t":[{"r":"MANKS ROAD","v":1321,"h":0,"c":[[145.37368,-38.1694],[145.47918,-38.18308]]},{"r":"MANKS ROAD","v":1514,"h":0,"c":[[145.37368,-38.1694],[145.47918,-38.18308]]}]}