{"t":[{"r":"CORINELLA ROAD","v":705,"h":11,"c":[[145.43184,-38.41641],[145.43756,-38.41711],[145.43824,-38.41748],[145.43748,-38.4222],[145.43851,-38.42337]]},{"r":"CORINELLA ROAD","v":1427,"h":7,"c":[[145.43851,-38.42337],[145.48191,-38.42893]]},{"r":"JAMIESON STREET","v":598,"h":9,"c":[[145.43851,-38.42337],[145.43748,-38.4222],[145.43829,-38.41799],[145.4381,-38.41731],[145.43184,-38.41641]]},{"r":"CORINELLA ROAD","v":1409,"h":7,"c":[[145.48191,-38.42893],[145.43851,-38.42337]]}]}