{"t":[{"r":"BASS HIGHWAY","v":2285,"h":10,"c":[[145.44849,-38.51664],[145.45053,-38.50816],[145.45201,-38.50641],[145.45941,-38.50214]]},{"r":"BASS HIGHWAY","v":2272,"h":6,"c":[[145.45941,-38.50214],[145.45201,-38.50641],[145.45053,-38.50816],[145.44849,-38.51664]]}]}