{"t":[{"r":"WHITE ROAD","v":5194,"h":9,"c":[[145.45911,-38.54088],[145.45286,-38.53299],[145.4488,-38.53082]]},{"r":"BASS HIGHWAY","v":5348,"h":13,"c":[[145.44874,-38.53076],[145.45286,-38.53299],[145.45911,-38.54088]]}]}