{"n":{"rail":[[[145.24554,-37.83017],[145.23897,-37.81815]],[[145.24498,-37.81338],[145.24106,-37.81415],[145.23451,-37.81376]],[[145.23902,-37.81813],[145.24567,-37.83029]],[[145.2345,-37.81373],[145.24118,-37.81411],[145.24496,-37.81334]],[[145.25339,-37.8109],[145.24498,-37.81338]],[[145.24496,-37.81334],[145.25338,-37.81086]],[[145.26634,-37.80706],[145.25339,-37.8109]],[[145.25338,-37.81086],[145.26634,-37.80702]]],"freeway":[[[145.24004,-37.80911],[145.23918,-37.80979]],[[145.24453,-37.8055],[145.24004,-37.80911]],[[145.23891,-37.8098],[145.24589,-37.80404]],[[145.24535,-37.80479],[145.24453,-37.8055]]]}}