{"n":{"rail":[[[145.26813,-38.01774],[145.26045,-38.01673],[145.25752,-38.01598],[145.23531,-38.00601]],[[145.23532,-38.00597],[145.25757,-38.01596],[145.26049,-38.0167],[145.26813,-38.01768]]],"freeway":[[[145.24836,-38.02527],[145.24908,-38.02579]],[[145.24528,-38.02632],[145.24622,-38.02577]],[[145.24699,-38.03499],[145.24666,-38.0264]],[[145.25018,-38.01295],[145.24884,-38.01863]],[[145.24358,-38.02675],[145.24354,-38.02659]],[[145.24379,-38.02686],[145.24381,-38.02697]],[[145.2441,-38.02932],[145.24438,-38.032]],[[145.24857,-38.01859],[145.24992,-38.01283]],[[145.24884,-38.01863],[145.24868,-38.0192]],[[145.24842,-38.01915],[145.24857,-38.01859]],[[145.24868,-38.0192],[145.2471,-38.02583]],[[145.24705,-38.0236],[145.24812,-38.02026]],[[145.24836,-38.02527],[145.24829,-38.02589]],[[145.24386,-38.02926],[145.24409,-38.02926]],[[145.24804,-38.02161],[145.24776,-38.02344],[145.24799,-38.02458]],[[145.24624,-38.02618],[145.24622,-38.02577]],[[145.2426,-38.024],[145.24294,-38.02455]],[[145.2441,-38.02932],[145.24386,-38.02926]],[[145.24314,-38.02547],[145.24292,-38.02498]],[[145.24799,-38.02458],[145.24836,-38.02527]],[[145.24354,-38.02659],[145.24372,-38.02655]],[[145.24372,-38.02655],[145.24376,-38.02673]],[[145.24223,-38.02347],[145.24208,-38.02357]],[[145.23951,-38.02129],[145.23895,-38.02119]],[[145.24354,-38.02598],[145.24372,-38.02655]],[[145.24376,-38.02673],[145.24358,-38.02675]],[[145.2415,-38.02289],[145.24124,-38.02258]],[[145.24398,-38.02819],[145.24403,-38.02856]],[[145.24208,-38.02357],[145.24198,-38.02345]],[[145.24409,-38.02926],[145.2441,-38.02932]],[[145.23951,-38.02129],[145.23912,-38.02102]],[[145.24326,-38.0252],[145.24354,-38.02598]],[[145.24376,-38.02673],[145.24379,-38.02686]],[[145.24394,-38.02985],[145.24386,-38.02926]],[[145.23922,-38.02094],[145.23993,-38.02141]],[[145.24164,-38.02275],[145.24174,-38.02285]],[[145.23987,-38.02152],[145.23951,-38.02129]],[[145.24294,-38.02455],[145.24314,-38.02493]],[[145.24314,-38.02493],[145.24326,-38.0252]],[[145.24391,-38.02758],[145.24398,-38.02819]],[[145.24372,-38.0277],[145.24367,-38.02732]],[[145.24028,-38.02181],[145.23987,-38.02152]],[[145.24386,-38.02926],[145.24382,-38.0289]],[[145.24403,-38.02856],[145.24409,-38.02926]],[[145.24201,-38.02318],[145.24223,-38.02347]],[[145.24397,-38.03018],[145.24394,-38.02985]],[[145.24382,-38.0289],[145.24378,-38.02847]],[[145.24367,-38.02732],[145.24358,-38.02675]],[[145.24174,-38.02285],[145.24201,-38.02318]],[[145.24077,-38.02199],[145.24108,-38.02223]],[[145.24257,-38.02432],[145.24208,-38.02357]],[[145.24073,-38.02213],[145.24028,-38.02181]],[[145.24223,-38.02347],[145.2426,-38.024]],[[145.24124,-38.02258],[145.24073,-38.02213]],[[145.24292,-38.02498],[145.24257,-38.02432]],[[145.24378,-38.02847],[145.24372,-38.0277]],[[145.23993,-38.02141],[145.24077,-38.02199]],[[145.24343,-38.0263],[145.24314,-38.02547]],[[145.24108,-38.02223],[145.24164,-38.02275]],[[145.24622,-38.02577],[145.24705,-38.0236]],[[145.2471,-38.02583],[145.24702,-38.02646]],[[145.24702,-38.02646],[145.24727,-38.03236]],[[145.24666,-38.0264],[145.24673,-38.02587]],[[145.24673,-38.02587],[145.24812,-38.02026]],[[145.24405,-38.03083],[145.24397,-38.03018]],[[145.24812,-38.02026],[145.24842,-38.01915]],[[145.24198,-38.02345],[145.2415,-38.02289]],[[145.24381,-38.02697],[145.24391,-38.02758]],[[145.24354,-38.02659],[145.24343,-38.0263]],[[145.24227,-38.02352],[145.24208,-38.02357]]]}}