{"n":{"rail":[[[145.2534,-38.06554],[145.23947,-38.03756]],[[145.23954,-38.03753],[145.25342,-38.06549]],[[145.24419,-38.04752],[145.24402,-38.04989]]],"freeway":[[[145.24489,-38.04876],[145.24495,-38.04843]],[[145.24516,-38.04886],[145.2451,-38.04918]],[[145.24247,-38.06299],[145.24235,-38.06342]],[[145.24216,-38.06271],[145.24229,-38.06225]],[[145.24247,-38.06299],[145.24216,-38.06298]],[[145.24186,-38.0645],[145.24216,-38.06298]],[[145.24277,-38.0598],[145.24286,-38.05932]],[[145.24278,-38.06119],[145.24248,-38.06271]],[[145.2432,-38.0576],[145.24341,-38.05651]],[[145.2435,-38.05603],[145.24363,-38.05537]],[[145.24383,-38.05436],[145.24396,-38.05367]],[[145.24387,-38.05557],[145.24372,-38.05628]],[[145.24345,-38.05771],[145.24312,-38.05945]],[[145.2441,-38.05439],[145.244,-38.05488]],[[145.24432,-38.05325],[145.24421,-38.05376]],[[145.244,-38.05488],[145.24393,-38.05527]],[[145.2451,-38.04918],[145.24432,-38.05325]],[[145.26061,-38.05485],[145.26221,-38.05714]],[[145.25807,-38.05146],[145.25748,-38.05058]],[[145.25642,-38.04867],[145.25626,-38.04876]],[[145.25766,-38.05049],[145.25748,-38.05058]],[[145.2574,-38.05045],[145.25758,-38.05037]],[[145.25766,-38.05049],[145.25783,-38.05075]],[[145.25783,-38.05075],[145.25901,-38.05251]],[[145.2574,-38.05045],[145.25702,-38.04987]],[[145.25738,-38.05008],[145.25758,-38.05037]],[[145.25642,-38.04867],[145.25738,-38.05008]],[[145.25604,-38.04845],[145.25572,-38.04796]],[[145.25758,-38.05037],[145.25766,-38.05049]],[[145.25748,-38.05058],[145.2574,-38.05045]],[[145.25702,-38.04987],[145.25699,-38.04983]],[[145.25575,-38.0477],[145.25642,-38.04867]],[[145.25699,-38.04983],[145.25604,-38.04845]],[[145.24396,-38.05367],[145.24489,-38.04876]],[[145.2439,-38.0554],[145.24387,-38.05557]],[[145.24366,-38.05524],[145.24383,-38.05436]],[[145.24372,-38.05628],[145.24371,-38.05635]],[[145.24369,-38.05644],[145.24345,-38.05771]],[[145.24371,-38.05635],[145.24369,-38.05644]],[[145.24344,-38.05636],[145.24371,-38.05635]],[[145.24344,-38.05636],[145.2435,-38.05603]],[[145.24341,-38.05651],[145.24344,-38.05636]],[[145.26061,-38.05485],[145.26047,-38.05495]],[[145.24216,-38.06271],[145.24248,-38.06271]],[[145.24213,-38.06274],[145.24216,-38.06271]],[[145.24251,-38.06296],[145.24247,-38.06299]],[[145.24212,-38.06293],[145.24213,-38.06274]],[[145.24216,-38.06298],[145.24212,-38.06293]],[[145.24229,-38.06225],[145.24277,-38.0598]],[[145.23949,-38.07621],[145.24186,-38.0645]],[[145.25901,-38.05251],[145.26061,-38.05485]],[[145.24252,-38.06274],[145.24251,-38.06296]],[[145.24248,-38.06271],[145.24252,-38.06274]],[[145.25622,-38.04871],[145.25638,-38.04861]],[[145.24363,-38.05537],[145.24366,-38.05524]],[[145.24393,-38.05527],[145.2439,-38.0554]],[[145.26239,-38.05789],[145.26047,-38.05495]],[[145.24369,-38.05644],[145.24344,-38.05636]],[[145.24495,-38.04843],[145.24532,-38.04656]],[[145.24312,-38.05945],[145.24303,-38.05991]],[[145.24303,-38.05991],[145.24278,-38.06119]],[[145.24286,-38.05932],[145.2432,-38.0576]],[[145.24235,-38.06342],[145.24224,-38.06396]],[[145.24224,-38.06396],[145.2419,-38.06573]],[[145.26043,-38.05489],[145.26061,-38.05485]],[[145.26037,-38.0548],[145.25807,-38.05146]],[[145.26043,-38.05489],[145.26037,-38.0548]],[[145.26047,-38.05495],[145.26043,-38.05489]],[[145.24527,-38.04823],[145.24516,-38.04886]],[[145.24539,-38.04761],[145.24527,-38.04823]],[[145.24421,-38.05376],[145.2441,-38.05439]]]}}