{"n":{"rail":[[[145.25752,-38.01598],[145.23531,-38.00601]],[[145.23532,-38.00597],[145.25757,-38.01596]]],"freeway":[[[145.25749,-38.00438],[145.25754,-38.0042]],[[145.25255,-38.00283],[145.25313,-38.00357],[145.25453,-38.00382]],[[145.25065,-38.00338],[145.25162,-38.00308]],[[145.25321,-38.00386],[145.25253,-38.00414]],[[145.25267,-38.0038],[145.25253,-38.00414]],[[145.25147,-38.0043],[145.25115,-38.00362]],[[145.25162,-38.00308],[145.2521,-38.00002]],[[145.25244,-38.00042],[145.2525,-38.00248]],[[145.25098,-38.00788],[145.25137,-38.0053]],[[145.24506,-38.00288],[145.24118,-38.00242]],[[145.25297,-37.99717],[145.25215,-38.0035]],[[145.25028,-38.01255],[145.25018,-38.01295]],[[145.25018,-38.01295],[145.24884,-38.01863]],[[145.24992,-38.01283],[145.25,-38.01238]],[[145.2368,-38.00171],[145.24537,-38.00273]],[[145.24717,-38.00295],[145.2471,-38.00312]],[[145.24857,-38.01859],[145.24992,-38.01283]],[[145.2524,-38.00377],[145.2516,-38.00367]],[[145.25165,-38.0035],[145.25241,-38.00359]],[[145.24998,-38.00328],[145.25152,-38.00348]],[[145.26386,-38.00516],[145.25901,-38.00456]],[[145.25265,-38.00362],[145.25453,-38.00382]],[[145.25,-38.01238],[145.25166,-38.00473]],[[145.25188,-38.00595],[145.25139,-38.00738]],[[145.25147,-38.0043],[145.25149,-38.00366]],[[145.25763,-38.00421],[145.2576,-38.00439]],[[145.25699,-38.00413],[145.25754,-38.0042]],[[145.24906,-38.00336],[145.24918,-38.00318]],[[145.24754,-38.00299],[145.24918,-38.00318]],[[145.25335,-37.996],[145.25297,-37.99717]],[[145.25275,-37.99693],[145.2531,-37.99584]],[[145.25211,-38.00381],[145.25178,-38.00548]],[[145.25178,-38.00548],[145.25028,-38.01255]],[[145.25166,-38.00473],[145.25184,-38.00378]],[[145.25188,-38.00347],[145.25222,-37.99961]],[[145.24906,-38.00336],[145.24877,-38.00333]],[[145.25763,-38.00421],[145.25768,-38.00422]],[[145.25754,-38.0042],[145.25763,-38.00421]],[[145.25749,-38.00438],[145.25351,-38.0039]],[[145.2576,-38.00439],[145.25749,-38.00438]],[[145.25241,-38.00359],[145.25265,-38.00362]],[[145.25265,-38.00362],[145.25267,-38.0038]],[[145.25149,-38.00366],[145.25152,-38.00348]],[[145.2516,-38.00367],[145.25149,-38.00366]],[[145.25813,-38.00446],[145.2576,-38.00439]],[[145.25137,-38.0053],[145.25143,-38.00483]],[[145.25253,-38.00414],[145.25188,-38.00595]],[[145.25255,-38.00283],[145.25265,-38.00362]],[[145.2521,-38.00002],[145.25222,-37.99961]],[[145.25453,-38.00382],[145.25549,-38.00394]],[[145.25267,-38.0038],[145.2524,-38.00377]],[[145.2525,-38.00248],[145.25255,-38.00283]],[[145.25351,-38.0039],[145.25321,-38.00386]],[[145.25321,-38.00386],[145.25267,-38.0038]],[[145.25152,-38.00348],[145.25162,-38.00308]],[[145.24918,-38.00318],[145.24998,-38.00328]],[[145.25152,-38.00348],[145.25165,-38.0035]],[[145.25119,-38.00362],[145.25065,-38.00355]],[[145.25149,-38.00366],[145.25119,-38.00362]],[[145.25143,-38.00483],[145.25147,-38.0043]],[[145.25901,-38.00456],[145.25813,-38.00446]],[[145.25549,-38.00394],[145.25694,-38.00412]],[[145.2471,-38.00312],[145.2471,-38.00294]],[[145.2464,-38.00304],[145.24537,-38.00273]],[[145.24918,-38.00318],[145.24918,-38.00337]],[[145.24064,-38.00217],[145.24118,-38.00242]],[[145.24118,-38.00242],[145.2423,-38.00237]],[[145.25694,-38.00412],[145.25699,-38.00413]],[[145.24918,-38.00337],[145.24906,-38.00336]],[[145.25768,-38.00422],[145.264,-38.00499]],[[145.24118,-38.00242],[145.23862,-38.00211]],[[145.24537,-38.00273],[145.24638,-38.00285]],[[145.24537,-38.00273],[145.24506,-38.00288]],[[145.2471,-38.00312],[145.24506,-38.00288]],[[145.24877,-38.00333],[145.2477,-38.0032]],[[145.25222,-37.99961],[145.25275,-37.99693]],[[145.25065,-38.00355],[145.24918,-38.00337]],[[145.2471,-38.00294],[145.24717,-38.00295]],[[145.24717,-38.00295],[145.24754,-38.00299]],[[145.2477,-38.0032],[145.2471,-38.00312]],[[145.24638,-38.00285],[145.2471,-38.00294]],[[145.25184,-38.00378],[145.25188,-38.00347]],[[145.25215,-38.0035],[145.25211,-38.00381]]]}}