{"n":{"rail":[[[145.2534,-38.06554],[145.23947,-38.03756]],[[145.23954,-38.03753],[145.25342,-38.06549]],[[145.2375,-38.03291],[145.23954,-38.03753]],[[145.23947,-38.03756],[145.23743,-38.03293]],[[145.24151,-38.04195],[145.24419,-38.04752],[145.24402,-38.04989]],[[145.24068,-38.04006],[145.24091,-38.0407]]],"freeway":[[[145.24727,-38.03236],[145.24757,-38.03396]],[[145.24727,-38.03236],[145.24728,-38.0361]],[[145.25037,-38.03975],[145.25082,-38.04041]],[[145.24702,-38.03633],[145.24649,-38.03594]],[[145.24559,-38.03628],[145.24559,-38.0372],[145.24666,-38.03708]],[[145.24699,-38.03499],[145.24666,-38.0264]],[[145.24543,-38.04599],[145.24562,-38.04497]],[[145.24608,-38.03561],[145.24621,-38.0355]],[[145.24771,-38.03684],[145.24757,-38.03733]],[[145.24838,-38.03741],[145.24757,-38.03733]],[[145.24551,-38.03605],[145.24589,-38.03544]],[[145.24723,-38.03676],[145.24671,-38.04063]],[[145.24728,-38.0361],[145.24723,-38.03676]],[[145.24689,-38.03652],[145.24694,-38.03585]],[[145.24694,-38.03585],[145.24699,-38.03499]],[[145.2468,-38.03645],[145.24687,-38.0358]],[[145.24687,-38.0358],[145.24699,-38.03499]],[[145.24619,-38.04349],[145.246,-38.04526]],[[145.2457,-38.04604],[145.24548,-38.04721]],[[145.2464,-38.04058],[145.24689,-38.03652]],[[145.24746,-38.03769],[145.24671,-38.04063]],[[145.24448,-38.0327],[145.24434,-38.03293]],[[145.2441,-38.02932],[145.24438,-38.032]],[[145.25514,-38.04711],[145.2553,-38.04703]],[[145.24578,-38.03533],[145.24538,-38.03493]],[[145.2447,-38.0339],[145.24434,-38.03293]],[[145.24798,-38.03633],[145.24783,-38.03674]],[[145.2547,-38.04614],[145.25455,-38.04624]],[[145.24529,-38.03448],[145.24512,-38.03457]],[[145.24616,-38.03568],[145.24559,-38.03628]],[[145.24555,-38.0374],[145.24528,-38.03631]],[[145.24629,-38.03558],[145.24616,-38.03568]],[[145.25243,-38.04279],[145.25298,-38.0436]],[[145.2521,-38.04266],[145.25199,-38.04251]],[[145.25604,-38.04845],[145.25572,-38.04796]],[[145.25396,-38.04536],[145.25313,-38.04414]],[[145.25313,-38.04414],[145.25295,-38.04387]],[[145.25243,-38.0431],[145.25216,-38.04272]],[[145.25367,-38.04462],[145.25407,-38.0452]],[[145.25216,-38.04272],[145.2521,-38.04266]],[[145.25514,-38.04711],[145.25493,-38.04679]],[[145.25407,-38.0452],[145.25466,-38.04608]],[[145.2553,-38.04703],[145.25575,-38.0477]],[[145.25572,-38.04796],[145.25514,-38.04711]],[[145.25298,-38.0436],[145.25367,-38.04462]],[[145.25232,-38.04263],[145.25243,-38.04279]],[[145.25295,-38.04387],[145.25243,-38.0431]],[[145.25466,-38.04608],[145.2547,-38.04614]],[[145.25575,-38.0477],[145.25642,-38.04867]],[[145.25455,-38.04624],[145.25396,-38.04536]],[[145.25483,-38.04633],[145.2553,-38.04703]],[[145.25493,-38.04679],[145.25455,-38.04624]],[[145.24504,-38.03446],[145.24523,-38.03437]],[[145.24434,-38.03293],[145.24405,-38.03083]],[[145.24771,-38.03684],[145.24702,-38.03633]],[[145.24538,-38.03493],[145.24512,-38.03457]],[[145.24464,-38.03323],[145.24475,-38.0335]],[[145.24512,-38.03457],[145.24504,-38.03446]],[[145.25111,-38.04119],[145.25042,-38.04016]],[[145.24649,-38.03594],[145.24626,-38.03576]],[[145.25145,-38.04135],[145.2516,-38.04158]],[[145.24741,-38.03644],[145.24783,-38.03674]],[[145.24616,-38.03568],[145.24608,-38.03561]],[[145.24669,-38.03589],[145.24741,-38.03644]],[[145.2516,-38.04158],[145.25193,-38.04209]],[[145.24608,-38.03561],[145.24589,-38.03544]],[[145.24523,-38.03437],[145.24529,-38.03448]],[[145.25082,-38.04041],[145.25145,-38.04135]],[[145.25193,-38.04209],[145.25227,-38.04257]],[[145.25042,-38.04016],[145.24996,-38.03948]],[[145.24783,-38.03674],[145.24897,-38.03778]],[[145.24491,-38.03426],[145.2447,-38.0339]],[[145.24475,-38.0335],[145.24523,-38.03437]],[[145.24642,-38.03567],[145.24669,-38.03589]],[[145.24894,-38.03803],[145.24838,-38.03741]],[[145.24819,-38.03723],[145.24771,-38.03684]],[[145.24448,-38.0327],[145.24464,-38.03323]],[[145.24996,-38.03948],[145.24894,-38.03803]],[[145.24554,-38.03482],[145.24621,-38.0355]],[[145.24897,-38.03778],[145.2496,-38.03862]],[[145.24757,-38.03396],[145.24773,-38.03508]],[[145.24779,-38.0355],[145.24798,-38.03633]],[[145.24798,-38.03633],[145.24824,-38.03686]],[[145.24824,-38.03686],[145.24897,-38.03778]],[[145.24438,-38.032],[145.24448,-38.0327]],[[145.24783,-38.03674],[145.24771,-38.03684]],[[145.24702,-38.02646],[145.24727,-38.03236]],[[145.2547,-38.04614],[145.25483,-38.04633]],[[145.24529,-38.03448],[145.24554,-38.03482]],[[145.24588,-38.04585],[145.24548,-38.04721]],[[145.246,-38.04526],[145.24588,-38.04585]],[[145.24405,-38.03083],[145.24397,-38.03018]],[[145.24838,-38.03741],[145.24819,-38.03723]],[[145.25227,-38.04257],[145.25232,-38.04263]],[[145.24574,-38.04425],[145.24601,-38.04273]],[[145.24661,-38.04122],[145.24619,-38.04349]],[[145.2521,-38.04266],[145.25227,-38.04257]],[[145.24621,-38.0355],[145.24629,-38.03558]],[[145.24568,-38.04462],[145.24574,-38.04425]],[[145.24551,-38.03605],[145.24608,-38.03561]],[[145.24548,-38.04721],[145.24539,-38.04761]],[[145.25199,-38.04251],[145.25111,-38.04119]],[[145.24773,-38.03508],[145.24779,-38.0355]],[[145.2464,-38.04058],[145.24642,-38.03883],[145.24602,-38.03797]],[[145.24666,-38.03708],[145.2468,-38.03645]],[[145.24757,-38.03733],[145.24746,-38.03769]],[[145.24702,-38.03633],[145.24597,-38.0361]],[[145.2496,-38.03862],[145.25037,-38.03975]],[[145.24597,-38.0361],[145.24559,-38.03628]],[[145.24589,-38.03544],[145.24578,-38.03533]],[[145.24528,-38.03631],[145.24551,-38.03605]],[[145.24629,-38.03558],[145.24642,-38.03567]],[[145.24504,-38.03446],[145.24491,-38.03426]],[[145.25232,-38.04263],[145.25216,-38.04272]],[[145.25449,-38.04615],[145.25466,-38.04608]],[[145.24602,-38.03797],[145.24555,-38.0374]],[[145.24671,-38.04063],[145.24661,-38.04122]],[[145.2463,-38.04118],[145.2464,-38.04058]],[[145.24562,-38.04497],[145.24568,-38.04462]],[[145.24495,-38.04843],[145.24532,-38.04656]],[[145.24601,-38.04273],[145.2463,-38.04118]],[[145.24626,-38.03576],[145.24616,-38.03568]],[[145.24539,-38.04761],[145.24527,-38.04823]],[[145.24619,-38.04349],[145.24601,-38.04442]],[[145.24601,-38.04442],[145.2457,-38.04604]],[[145.24532,-38.04656],[145.24543,-38.04599]]]}}