{"n":{"rail":[[[145.26222,-38.07747],[145.2534,-38.06554],[145.23947,-38.03756]],[[145.23954,-38.03753],[145.25342,-38.06549],[145.26207,-38.07715]]],"freeway":[[[145.23947,-38.07764],[145.23927,-38.07869]],[[145.23926,-38.07734],[145.2393,-38.07715]],[[145.23931,-38.07708],[145.23949,-38.07621]],[[145.23962,-38.07693],[145.23953,-38.07736]],[[145.24102,-38.07029],[145.24075,-38.07025]],[[145.2419,-38.06573],[145.23993,-38.0757]],[[145.23926,-38.07734],[145.23953,-38.07736]],[[145.23953,-38.07736],[145.23947,-38.07764]],[[145.23927,-38.07869],[145.23919,-38.07908]],[[145.2392,-38.0776],[145.23926,-38.07734]],[[145.23949,-38.07621],[145.24186,-38.0645]],[[145.2393,-38.07715],[145.23931,-38.07708]],[[145.23947,-38.07764],[145.2392,-38.0776]],[[145.23993,-38.0757],[145.23962,-38.07693]],[[145.24224,-38.06396],[145.2419,-38.06573]]]}}