{"b":[{"h":6,"g":[[144.30172,-37.562989],[144.301907,-37.563093],[144.301969,-37.563024],[144.301929,-37.563002],[144.302007,-37.562914],[144.301922,-37.562866],[144.301836,-37.562818],[144.301746,-37.562918],[144.301771,-37.562932],[144.30172,-37.562989]]}]}