{"b":[{"h":6,"g":[[144.303595,-37.606345],[144.303642,-37.606461],[144.303696,-37.606447],[144.303649,-37.606331],[144.303595,-37.606345]]},{"h":6,"g":[[144.304755,-37.604254],[144.304864,-37.604301],[144.304909,-37.604236],[144.304801,-37.604189],[144.304755,-37.604254]]},{"h":6,"g":[[144.300556,-37.61139],[144.300581,-37.611459],[144.300628,-37.611451],[144.300636,-37.611477],[144.300732,-37.611457],[144.300722,-37.61143],[144.300796,-37.611417],[144.300781,-37.61134],[144.300556,-37.61139]]},{"h":6,"g":[[144.300814,-37.611402],[144.300838,-37.611492],[144.30094,-37.611476],[144.300916,-37.611386],[144.300814,-37.611402]]}]}