{"b":[{"h":5.518,"g":[[144.301695,-37.894377],[144.301903,-37.894417],[144.30193,-37.894331],[144.301722,-37.894291],[144.301695,-37.894377]]}]}