{"b":[{"h":5.193,"g":[[144.314735,-37.871738],[144.314833,-37.871778],[144.314905,-37.871664],[144.314807,-37.871625],[144.314735,-37.871738]]}]}