{"b":[{"h":4.113,"g":[[144.30017,-38.025777],[144.300328,-38.025797],[144.300359,-38.025642],[144.300201,-38.025622],[144.30017,-38.025777]]},{"h":6.053,"g":[[144.315989,-38.01443],[144.316024,-38.014434],[144.316014,-38.014486],[144.316086,-38.014494],[144.316106,-38.014386],[144.316,-38.014373],[144.315989,-38.01443]]}]}