{"b":[{"h":6,"g":[[145.677201,-38.051644],[145.677216,-38.051703],[145.677256,-38.051696],[145.677241,-38.051638],[145.677201,-38.051644]]},{"h":6,"g":[[145.664369,-38.065177],[145.664372,-38.065263],[145.664707,-38.065257],[145.664705,-38.065171],[145.664369,-38.065177]]},{"h":6,"g":[[145.674999,-38.065034],[145.675079,-38.065061],[145.675165,-38.064902],[145.675085,-38.064875],[145.674999,-38.065034]]}]}