{"b":[{"h":6,"g":[[145.657257,-38.189384],[145.657263,-38.189546],[145.657503,-38.189541],[145.657497,-38.189379],[145.657257,-38.189384]]},{"h":6,"g":[[145.669212,-38.186757],[145.669316,-38.186835],[145.669411,-38.186758],[145.669467,-38.186799],[145.669522,-38.186755],[145.669427,-38.186689],[145.669387,-38.186723],[145.669314,-38.186674],[145.669212,-38.186757]]}]}