{"t":[{"r":"MICKLEHAM ROAD","v":3438,"h":7,"c":[[144.88453,-37.5332],[144.87942,-37.5479]]},{"r":"DONNYBROOK ROAD","v":4586,"h":9,"c":[[144.93783,-37.5393],[144.88454,-37.5332]]},{"r":"MICKLEHAM ROAD","v":3267,"h":8,"c":[[144.87942,-37.5479],[144.88453,-37.5332]]},{"r":"DONNYBROOK ROAD","v":4429,"h":9,"c":[[144.88454,-37.5332],[144.93784,-37.5393]]}]}