{"t":[{"r":"MICKLEHAM ROAD","v":3438,"h":7,"c":[[144.88453,-37.5332],[144.87942,-37.5479],[144.87435,-37.57416]]},{"r":"MICKLEHAM ROAD","v":3267,"h":8,"c":[[144.87435,-37.57416],[144.87942,-37.5479],[144.88453,-37.5332]]}]}