{"t":[{"r":"MICKLEHAM ROAD","v":19634,"h":3,"c":[[144.88146,-37.63478],[144.8795,-37.65078],[144.88404,-37.65962],[144.88543,-37.66766]]},{"r":"MICKLEHAM ROAD","v":19327,"h":3,"c":[[144.88543,-37.66766],[144.88404,-37.65962],[144.88172,-37.65479],[144.87967,-37.65147],[144.87948,-37.65026],[144.88146,-37.63478]]}]}