{"t":[{"r":"MICKLEHAM ROAD","v":8031,"h":5,"c":[[144.87952,-37.58983],[144.88574,-37.61453]]},{"r":"MICKLEHAM ROAD","v":7665,"h":5,"c":[[144.88576,-37.61472],[144.87952,-37.58983]]}]}