{"t":[{"r":"MICKLEHAM ROAD","v":8031,"h":5,"c":[[144.87952,-37.58983],[144.88574,-37.61453],[144.88146,-37.63478]]},{"r":"SOMERTON ROAD","v":16252,"h":6,"c":[[144.83636,-37.6296],[144.88145,-37.63478]]},{"r":"SOMERTON ROAD","v":8103,"h":6,"c":[[144.88145,-37.63478],[144.83636,-37.6296]]},{"r":"MICKLEHAM ROAD","v":7665,"h":5,"c":[[144.88146,-37.63478],[144.88434,-37.62027],[144.88576,-37.61472],[144.87952,-37.58983]]}]}