{"t":[{"r":"KOROROIT CREEK ROAD","v":14940,"h":12,"c":[[144.86269,-37.85511],[144.8885,-37.85766]]},{"r":"MELBOURNE ROAD","v":11544,"h":5,"c":[[144.88474,-37.8448],[144.89394,-37.85845]]},{"r":"KOROROIT CREEK ROAD","v":10836,"h":12,"c":[[144.8885,-37.85766],[144.86269,-37.85511]]},{"r":"MELBOURNE ROAD","v":11342,"h":6,"c":[[144.89394,-37.85845],[144.88474,-37.8448]]}]}