{"b":[{"h":6,"g":[[144.5047,-37.279278],[144.504777,-37.279367],[144.504858,-37.279314],[144.504866,-37.279324],[144.505003,-37.279242],[144.504922,-37.279153],[144.5047,-37.279278]]}]}