{"b":[{"h":6,"g":[[144.494454,-37.354258],[144.494594,-37.354544],[144.494694,-37.35451],[144.494657,-37.354439],[144.494682,-37.354431],[144.494586,-37.354245],[144.494558,-37.354252],[144.494541,-37.354224],[144.494454,-37.354258]]}]}