{"b":[{"h":6,"g":[[144.494817,-37.444873],[144.494853,-37.444882],[144.494835,-37.444926],[144.494888,-37.444941],[144.494906,-37.444903],[144.494945,-37.444913],[144.494971,-37.444852],[144.494955,-37.444847],[144.494981,-37.44478],[144.49487,-37.444745],[144.494817,-37.444873]]},{"h":6,"g":[[144.495292,-37.445165],[144.495389,-37.445173],[144.495406,-37.445038],[144.495311,-37.445028],[144.495292,-37.445165]]}]}