{"b":[{"h":6,"g":[[144.505666,-37.732353],[144.505723,-37.732569],[144.505838,-37.73255],[144.505767,-37.732285],[144.50567,-37.732301],[144.505683,-37.732351],[144.505666,-37.732353]]},{"h":6,"g":[[144.498766,-37.734074],[144.498932,-37.734089],[144.498976,-37.733785],[144.49881,-37.733769],[144.498766,-37.734074]]},{"h":6,"g":[[144.499012,-37.734546],[144.499079,-37.734611],[144.499198,-37.734534],[144.499132,-37.73447],[144.499012,-37.734546]]}]}