{"b":[{"h":6,"g":[[144.493716,-37.635049],[144.493876,-37.635151],[144.49399,-37.635046],[144.493962,-37.635024],[144.49403,-37.634946],[144.493879,-37.634866],[144.493716,-37.635049]]},{"h":6,"g":[[144.503955,-37.631827],[144.503991,-37.631877],[144.504053,-37.63185],[144.504017,-37.6318],[144.503955,-37.631827]]},{"h":3.2,"g":[[144.509145,-37.636877],[144.509195,-37.636966],[144.509307,-37.637084],[144.509423,-37.637011],[144.509307,-37.636913],[144.509285,-37.63684],[144.509145,-37.636877]]},{"h":6,"g":[[144.508876,-37.636865],[144.508931,-37.636958],[144.509039,-37.636918],[144.508982,-37.636832],[144.508876,-37.636865]]}]}