{"b":[{"h":6,"g":[[144.504666,-37.660254],[144.504818,-37.660263],[144.504826,-37.660184],[144.504673,-37.660174],[144.504666,-37.660254]]}]}