{"b":[{"h":6,"g":[[144.513759,-37.797463],[144.513809,-37.797469],[144.513827,-37.797372],[144.513776,-37.797367],[144.513759,-37.797463]]},{"h":6,"g":[[144.513282,-37.797196],[144.513375,-37.797242],[144.513421,-37.797184],[144.513328,-37.797137],[144.513282,-37.797196]]}]}