{"b":[{"h":2.263,"g":[[144.505485,-38.062239],[144.505553,-38.062257],[144.505603,-38.062139],[144.505535,-38.062121],[144.505485,-38.062239]]},{"h":2.643,"g":[[144.503767,-38.059274],[144.50385,-38.059301],[144.50398,-38.059055],[144.503897,-38.059027],[144.503767,-38.059274]]},{"h":2.344,"g":[[144.505874,-38.061069],[144.506089,-38.061159],[144.506132,-38.061096],[144.505916,-38.061006],[144.505874,-38.061069]]}]}