{"t":[{"r":"MELBOURNE-LANCEFIELD ROAD","v":3123,"h":7,"c":[[144.74584,-37.46757],[144.76053,-37.49922],[144.76133,-37.50248],[144.76166,-37.51642]]},{"r":"MELBOURNE-LANCEFIELD ROAD","v":2856,"h":8,"c":[[144.76166,-37.51642],[144.76133,-37.50248],[144.76053,-37.49922],[144.74584,-37.46757]]}]}