{"t":[{"r":"SUNBURY ROAD","v":8126,"h":10,"c":[[144.77598,-37.61059],[144.79412,-37.62879]]},{"r":"BULLA-DIGGERS REST ROAD","v":135,"h":6,"c":[[144.76881,-37.63438],[144.76952,-37.63083],[144.77008,-37.62968],[144.77724,-37.62454],[144.77803,-37.62477]]},{"r":"BULLA-DIGGERS REST ROAD","v":250,"h":6,"c":[[144.76881,-37.63438],[144.76952,-37.63083],[144.77008,-37.62968],[144.77724,-37.62454],[144.77803,-37.62477]]},{"r":"BULLA-DIGGERS REST ROAD","v":8090,"h":9,"c":[[144.79412,-37.62879],[144.77598,-37.61059]]}]}