{"t":[{"r":"CALDER FREEWAY","v":20439,"h":8,"c":[[144.7478,-37.66332],[144.76289,-37.67063]]},{"r":"CALDER FREEWAY","v":17770,"h":8,"c":[[144.76267,-37.67086],[144.74645,-37.66312]]}]}