{"t":[{"r":"BULLA-DIGGERS REST ROAD","v":135,"h":6,"c":[[144.74459,-37.63301],[144.76774,-37.63524],[144.76881,-37.63438],[144.76952,-37.63083]]},{"r":"BULLA-DIGGERS REST ROAD","v":250,"h":6,"c":[[144.74459,-37.63301],[144.76774,-37.63524],[144.76881,-37.63438],[144.76952,-37.63083]]}]}