{"t":[{"r":"TAYLORS ROAD","v":3914,"h":0,"c":[[144.73837,-37.72245],[144.78217,-37.7276]]}]}