{"t":[{"r":"DOHERTYS ROAD","v":7085,"h":6,"c":[[144.74886,-37.82494],[144.78551,-37.82806]]},{"r":"LEAKES ROAD","v":10169,"h":0,"c":[[144.74708,-37.83944],[144.76533,-37.841]]},{"r":"LEAKES ROAD","v":10341,"h":0,"c":[[144.74708,-37.83944],[144.76533,-37.841]]},{"r":"DOHERTYS ROAD","v":6933,"h":6,"c":[[144.74886,-37.82494],[144.78551,-37.82806]]}]}