{"t":[{"r":"POINT COOK ROAD","v":4728,"h":9,"c":[[144.756,-37.88714],[144.75356,-37.90023]]},{"r":"POINT COOK ROAD","v":14526,"h":9,"c":[[144.75356,-37.90023],[144.756,-37.88714]]}]}