{"t":[{"r":"MELBOURNE ROAD","v":2131,"h":6,"c":[[144.77417,-38.37059],[144.7817,-38.37767]]},{"r":"MELBOURNE ROAD","v":2005,"h":6,"c":[[144.77417,-38.37059],[144.7817,-38.37767]]}]}