{"n":{"rail":[[[144.86904,-37.72256],[144.87171,-37.72037],[144.88754,-37.71121]],[[144.86648,-37.72533],[144.86904,-37.72256]],[[144.86652,-37.72535],[144.86907,-37.72259]],[[144.86907,-37.72259],[144.8716,-37.72048],[144.88794,-37.71107]],[[144.85393,-37.73898],[144.86652,-37.72535]],[[144.85449,-37.7383],[144.86648,-37.72533]]],"freeway":[[[144.86977,-37.72897],[144.86989,-37.72899]],[[144.87157,-37.73009],[144.86953,-37.72972]],[[144.88648,-37.73407],[144.88347,-37.7338]],[[144.88347,-37.7338],[144.8834,-37.734]],[[144.88004,-37.73217],[144.88058,-37.73229]],[[144.88038,-37.73228],[144.88059,-37.73218]],[[144.88078,-37.73241],[144.88088,-37.73256]],[[144.88106,-37.73244],[144.88088,-37.73256]],[[144.87399,-37.71726],[144.87135,-37.71905]],[[144.86568,-37.72309],[144.86694,-37.72215]],[[144.86993,-37.72933],[144.87649,-37.73104]],[[144.86432,-37.72798],[144.8685,-37.72904]],[[144.86707,-37.72892],[144.8638,-37.72855]],[[144.867,-37.72231],[144.86576,-37.72326]],[[144.88648,-37.73407],[144.88335,-37.73358]],[[144.86576,-37.72326],[144.86162,-37.72643]],[[144.86925,-37.72034],[144.87538,-37.71568]],[[144.88426,-37.73362],[144.88899,-37.73419]],[[144.88082,-37.73287],[144.87519,-37.73075],[144.86988,-37.72947]],[[144.86953,-37.72972],[144.86942,-37.72967]],[[144.88287,-37.73325],[144.88426,-37.73362]],[[144.88339,-37.73344],[144.88426,-37.73362]],[[144.87987,-37.73236],[144.88339,-37.73344]],[[144.88335,-37.73358],[144.88082,-37.73287]],[[144.89072,-37.73452],[144.88648,-37.73407]],[[144.88767,-37.73403],[144.89034,-37.73416]],[[144.86576,-37.72326],[144.86262,-37.72611]],[[144.86988,-37.72947],[144.86883,-37.72926]],[[144.86707,-37.72892],[144.86399,-37.72833]],[[144.8689,-37.72912],[144.86993,-37.72933]],[[144.86415,-37.72815],[144.8685,-37.72904]],[[144.87135,-37.71905],[144.867,-37.72231]],[[144.88318,-37.73391],[144.88082,-37.73287]],[[144.86966,-37.72895],[144.86977,-37.72897]],[[144.86989,-37.72899],[144.87543,-37.73067]],[[144.88088,-37.73256],[144.88287,-37.73325]],[[144.86925,-37.72034],[144.87207,-37.71805]],[[144.86778,-37.72153],[144.86925,-37.72034]],[[144.86694,-37.72215],[144.86778,-37.72153]],[[144.87649,-37.73104],[144.87869,-37.73175]],[[144.87869,-37.73175],[144.88004,-37.73217]],[[144.87519,-37.73075],[144.87157,-37.73009]],[[144.88347,-37.7338],[144.88323,-37.73393]],[[144.86883,-37.72926],[144.86707,-37.72892]],[[144.8685,-37.72904],[144.8689,-37.72912]],[[144.87481,-37.71635],[144.87135,-37.71905]],[[144.87649,-37.73104],[144.87987,-37.73236]]]}}