{"n":{"rail":[[[144.87171,-37.72037],[144.88754,-37.71121],[144.89112,-37.71]],[[144.87969,-37.71592],[144.87812,-37.71667]],[[144.87908,-37.71615],[144.87852,-37.71649]],[[144.8716,-37.72048],[144.88794,-37.71107]]],"freeway":[[[144.88777,-37.70604],[144.88748,-37.70629]],[[144.88676,-37.70672],[144.88743,-37.70613]],[[144.88634,-37.70712],[144.88676,-37.70672]],[[144.88581,-37.70758],[144.88634,-37.70712]],[[144.88748,-37.70629],[144.88644,-37.70724]],[[144.88644,-37.70724],[144.8859,-37.7077]],[[144.88787,-37.70623],[144.88758,-37.70647]],[[144.88594,-37.70878],[144.88663,-37.70884]],[[144.88676,-37.70672],[144.8874,-37.70602]],[[144.88591,-37.70699],[144.88607,-37.70686]],[[144.87577,-37.71687],[144.87675,-37.7166]],[[144.87464,-37.71493],[144.87696,-37.71421]],[[144.87709,-37.71675],[144.87399,-37.71726],[144.87135,-37.71905]],[[144.87207,-37.71805],[144.8737,-37.71647]],[[144.8737,-37.71647],[144.87414,-37.71548],[144.87197,-37.71496]],[[144.88758,-37.70647],[144.88654,-37.70737]],[[144.88654,-37.70737],[144.886,-37.70783]],[[144.8859,-37.7077],[144.87989,-37.71247]],[[144.86925,-37.72034],[144.87538,-37.71568]],[[144.88702,-37.7087],[144.88719,-37.70867]],[[144.883,-37.70988],[144.88581,-37.70758]],[[144.88663,-37.70884],[144.88693,-37.70873]],[[144.8874,-37.70602],[144.88768,-37.70573]],[[144.88768,-37.70573],[144.88864,-37.70449]],[[144.88743,-37.70613],[144.88772,-37.70588]],[[144.88723,-37.70584],[144.88822,-37.7035]],[[144.87696,-37.71421],[144.88009,-37.7121]],[[144.88579,-37.70682],[144.88607,-37.70686]],[[144.87618,-37.71547],[144.87561,-37.71588]],[[144.87989,-37.71247],[144.87618,-37.71547]],[[144.8761,-37.71535],[144.87481,-37.71635]],[[144.87538,-37.71568],[144.87763,-37.71396]],[[144.88009,-37.7121],[144.883,-37.70988]],[[144.88785,-37.70651],[144.88749,-37.70571]],[[144.88749,-37.70571],[144.88822,-37.7035]],[[144.88663,-37.70884],[144.88687,-37.70849]],[[144.87989,-37.71247],[144.8761,-37.71535]],[[144.87561,-37.71588],[144.87535,-37.71645],[144.87577,-37.71687]],[[144.86925,-37.72034],[144.87207,-37.71805]],[[144.88607,-37.70686],[144.88707,-37.70605]],[[144.8737,-37.71647],[144.8744,-37.71535]],[[144.886,-37.70783],[144.88562,-37.70833],[144.88594,-37.70878]],[[144.88594,-37.70776],[144.88493,-37.70856]],[[144.88754,-37.7064],[144.88648,-37.70729]],[[144.88783,-37.70615],[144.88754,-37.7064]],[[144.88693,-37.70873],[144.88702,-37.7087]],[[144.87481,-37.71635],[144.87135,-37.71905]],[[144.87763,-37.71396],[144.88009,-37.7121]],[[144.88648,-37.70729],[144.88594,-37.70776]],[[144.88707,-37.70605],[144.88723,-37.70584]]]}}