{"n":{"rail":[[[144.88255,-37.83541],[144.86205,-37.82059]]],"freeway":[[[144.86676,-37.81197],[144.86668,-37.81181]],[[144.86973,-37.81121],[144.86966,-37.81088]],[[144.87462,-37.80838],[144.87451,-37.80827]],[[144.86981,-37.81118],[144.86973,-37.81121]],[[144.86973,-37.81121],[144.86919,-37.81137]],[[144.87112,-37.81023],[144.87911,-37.80584]],[[144.86668,-37.81181],[144.86797,-37.81138]],[[144.86676,-37.81197],[144.86663,-37.812]],[[144.86984,-37.81089],[144.86981,-37.81118]],[[144.86742,-37.8118],[144.86715,-37.81166]],[[144.86905,-37.81106],[144.86966,-37.81088]],[[144.8684,-37.81125],[144.86905,-37.81106]],[[144.86885,-37.81146],[144.8684,-37.81125]],[[144.87122,-37.8105],[144.87037,-37.81095]],[[144.87934,-37.80588],[144.87911,-37.80584]],[[144.86995,-37.81106],[144.87,-37.81111]],[[144.87037,-37.81095],[144.87,-37.81111]],[[144.86966,-37.81088],[144.86983,-37.81082]],[[144.86885,-37.81146],[144.86676,-37.81197]],[[144.86797,-37.81138],[144.8684,-37.81125]],[[144.87911,-37.80584],[144.88054,-37.80509]],[[144.88075,-37.80514],[144.87146,-37.81034]],[[144.86919,-37.81137],[144.86885,-37.81146]],[[144.87024,-37.81066],[144.87112,-37.81023]],[[144.86983,-37.81082],[144.87024,-37.81066]],[[144.86984,-37.81089],[144.86995,-37.81106]],[[144.86983,-37.81082],[144.86984,-37.81089]],[[144.86403,-37.81255],[144.86668,-37.81181]],[[144.86663,-37.812],[144.86428,-37.81265]],[[144.87146,-37.81034],[144.87122,-37.8105]],[[144.8724,-37.80969],[144.87244,-37.8095]],[[144.87,-37.81111],[144.86981,-37.81118]],[[144.8766,-37.80732],[144.87651,-37.80721]]]}}