{"n":{"rail":[[[144.8879,-37.82303],[144.88405,-37.83805],[144.88359,-37.84175]],[[144.87578,-37.8305],[144.87826,-37.83166],[144.87952,-37.8329]],[[144.87673,-37.83104],[144.87924,-37.83304]],[[144.8811,-37.83403],[144.87848,-37.83229]],[[144.88368,-37.83911],[144.88375,-37.83718],[144.88255,-37.83541],[144.86205,-37.82059]],[[144.87955,-37.83326],[144.87894,-37.8323]],[[144.87826,-37.83166],[144.87922,-37.83222]],[[144.87958,-37.83285],[144.87869,-37.83197]],[[144.87863,-37.83187],[144.87916,-37.83227]],[[144.87963,-37.8327],[144.87885,-37.83211]],[[144.87902,-37.83229],[144.87962,-37.83282]],[[144.88373,-37.83926],[144.88352,-37.84118]],[[144.88357,-37.83971],[144.88355,-37.84142]],[[144.8838,-37.83861],[144.88386,-37.83744],[144.88307,-37.83531],[144.88377,-37.83244]],[[144.88355,-37.84142],[144.88398,-37.83814],[144.88786,-37.82302]],[[144.88349,-37.84405],[144.88368,-37.83911]],[[144.88389,-37.83761],[144.8849,-37.83292]],[[144.88458,-37.83404],[144.8839,-37.83696]],[[144.88419,-37.83476],[144.8838,-37.83718]],[[144.88442,-37.83467],[144.8841,-37.8362]],[[144.88333,-37.83619],[144.883,-37.83518],[144.88368,-37.83242]],[[144.88323,-37.83596],[144.88304,-37.83514],[144.88353,-37.833]],[[144.88338,-37.83604],[144.88359,-37.83666]],[[144.88385,-37.83542],[144.8837,-37.83666]],[[144.88378,-37.83541],[144.88373,-37.83688]],[[144.88363,-37.83927],[144.88357,-37.83971]],[[144.88016,-37.83336],[144.88193,-37.83478]],[[144.88135,-37.83422],[144.88023,-37.83331]],[[144.88026,-37.83328],[144.88063,-37.83353]],[[144.88139,-37.83419],[144.88034,-37.83321]],[[144.8804,-37.83316],[144.88133,-37.83409]],[[144.88045,-37.83311],[144.88156,-37.83443]],[[144.87952,-37.8329],[144.88016,-37.83336]],[[144.88023,-37.83331],[144.87958,-37.83285]],[[144.87962,-37.83282],[144.88026,-37.83328]],[[144.88034,-37.83321],[144.87963,-37.8327]],[[144.87969,-37.83265],[144.8804,-37.83316]],[[144.87974,-37.8326],[144.88045,-37.83311]],[[144.87945,-37.83248],[144.87969,-37.83265]],[[144.87951,-37.83243],[144.87974,-37.8326]],[[144.87922,-37.83222],[144.87951,-37.83243]],[[144.87916,-37.83227],[144.87945,-37.83248]],[[144.87818,-37.83203],[144.87718,-37.83135]],[[144.87848,-37.83229],[144.87818,-37.83203]]],"freeway":[[[144.88226,-37.82601],[144.88108,-37.82626]],[[144.88089,-37.8265],[144.88051,-37.82599]],[[144.88137,-37.82553],[144.88065,-37.82551]],[[144.88127,-37.82455],[144.88191,-37.82496]],[[144.88701,-37.82523],[144.88814,-37.82532]],[[144.8812,-37.82495],[144.88191,-37.82496]],[[144.88087,-37.826],[144.88012,-37.82595]],[[144.86664,-37.82432],[144.86766,-37.8243]],[[144.86684,-37.82442],[144.86085,-37.82457]],[[144.86783,-37.8244],[144.86684,-37.82442]],[[144.88698,-37.82535],[144.88429,-37.8254]],[[144.88436,-37.8252],[144.88701,-37.82523]],[[144.88703,-37.82515],[144.88814,-37.82532]],[[144.88696,-37.82543],[144.88226,-37.82601]],[[144.88042,-37.82479],[144.88101,-37.82469]],[[144.85408,-37.82461],[144.86664,-37.82432]],[[144.88191,-37.82496],[144.88703,-37.82515]],[[144.88226,-37.82601],[144.88108,-37.82601]],[[144.88998,-37.8233],[144.88697,-37.82447],[144.88161,-37.8253],[144.87034,-37.82445],[144.86429,-37.82464]],[[144.87792,-37.82492],[144.88399,-37.82493],[144.8899,-37.82311]],[[144.8881,-37.82548],[144.88698,-37.82535]],[[144.8881,-37.82548],[144.88696,-37.82543]],[[144.88783,-37.82574],[144.88281,-37.8257]],[[144.87517,-37.82491],[144.87233,-37.82463]],[[144.87611,-37.82453],[144.87853,-37.82492]],[[144.88597,-37.82494],[144.8887,-37.82507]],[[144.87648,-37.8247],[144.87792,-37.82492]],[[144.88042,-37.82479],[144.88083,-37.82488]],[[144.88009,-37.82478],[144.88042,-37.82479]],[[144.85613,-37.82442],[144.86643,-37.82416]],[[144.8675,-37.82415],[144.86929,-37.82412]],[[144.86929,-37.82412],[144.87515,-37.82441]],[[144.87938,-37.82509],[144.8807,-37.82531]],[[144.87103,-37.82455],[144.86819,-37.82454]],[[144.86929,-37.82412],[144.87648,-37.8247]],[[144.87853,-37.82492],[144.88051,-37.82516]],[[144.88012,-37.82595],[144.87643,-37.82509]],[[144.87899,-37.82475],[144.88009,-37.82478]],[[144.86819,-37.82454],[144.86565,-37.82479]],[[144.88281,-37.8257],[144.88201,-37.82571]],[[144.88134,-37.82571],[144.88063,-37.82569]],[[144.88063,-37.82569],[144.87643,-37.82509]],[[144.87465,-37.82471],[144.87233,-37.82463]],[[144.87527,-37.82478],[144.87465,-37.82471]],[[144.88201,-37.82571],[144.88134,-37.82571]],[[144.88149,-37.82535],[144.88333,-37.82527]],[[144.88105,-37.82535],[144.88149,-37.82535]],[[144.88328,-37.82547],[144.88137,-37.82553]],[[144.88015,-37.82549],[144.87621,-37.82491]],[[144.87611,-37.82453],[144.87899,-37.82475]],[[144.87621,-37.82491],[144.87527,-37.82478]],[[144.88333,-37.82527],[144.88436,-37.8252]],[[144.88429,-37.8254],[144.88328,-37.82547]],[[144.87853,-37.82492],[144.87938,-37.82509]],[[144.87433,-37.82456],[144.88068,-37.82534]],[[144.87515,-37.82441],[144.87611,-37.82453]],[[144.86766,-37.8243],[144.87367,-37.82449]],[[144.88065,-37.82551],[144.88015,-37.82549]],[[144.87465,-37.82471],[144.87111,-37.82444]],[[144.87111,-37.82444],[144.8687,-37.82439]],[[144.88083,-37.82488],[144.88098,-37.82493]],[[144.8687,-37.82439],[144.86783,-37.8244]],[[144.86643,-37.82416],[144.8675,-37.82415]],[[144.87367,-37.82449],[144.87433,-37.82456]],[[144.87233,-37.82463],[144.87103,-37.82455]],[[144.87643,-37.82509],[144.87517,-37.82491]],[[144.8807,-37.82531],[144.88105,-37.82535]],[[144.88051,-37.82516],[144.88597,-37.82494]],[[144.88068,-37.82534],[144.88105,-37.82535]]]}}