{"t":[{"r":"HUME FREEWAY","v":15870,"h":19,"c":[[145.01246,-37.4063],[145.02123,-37.39757],[145.02322,-37.39506],[145.02478,-37.39223],[145.02592,-37.38809],[145.02573,-37.38333]]},{"r":"EPPING-KILMORE ROAD","v":1512,"h":6,"c":[[145.02944,-37.38585],[145.02741,-37.39431],[145.02656,-37.39979],[145.02028,-37.40784]]},{"r":"HUME FREEWAY","v":13941,"h":19,"c":[[145.02639,-37.38519],[145.02638,-37.38777],[145.02515,-37.39239],[145.02235,-37.39683],[145.01334,-37.40601]]},{"r":"EPPING-KILMORE ROAD","v":1616,"h":6,"c":[[145.02028,-37.40784],[145.02656,-37.39979],[145.02737,-37.39448],[145.02944,-37.38585]]}]}