{"t":[{"r":"EPPING ROAD","v":1648,"h":10,"c":[[145.01788,-37.43696],[145.02239,-37.4413],[145.02423,-37.44483],[145.03021,-37.45099],[145.03107,-37.45246],[145.03195,-37.45582],[145.03144,-37.45956]]},{"r":"EPPING ROAD","v":1601,"h":13,"c":[[145.03144,-37.45956],[145.03195,-37.45582],[145.03107,-37.45246],[145.03021,-37.45099],[145.02433,-37.44496],[145.02239,-37.4413],[145.01788,-37.43696]]}]}