{"t":[{"r":"EPPING ROAD","v":1648,"h":10,"c":[[145.02579,-37.49186],[145.02631,-37.5029],[145.02624,-37.50469],[145.02556,-37.50788],[145.02592,-37.5156]]},{"r":"EPPING ROAD","v":1601,"h":13,"c":[[145.02592,-37.5156],[145.02556,-37.50788],[145.02624,-37.50469],[145.02631,-37.5029],[145.02579,-37.49186]]}]}