{"t":[{"r":"EPPING ROAD","v":1648,"h":10,"c":[[145.02493,-37.4745],[145.02453,-37.47669],[145.02471,-37.47973],[145.02309,-37.48568],[145.02356,-37.48787],[145.02579,-37.49186],[145.02631,-37.5029]]},{"r":"EPPING ROAD","v":1601,"h":13,"c":[[145.02631,-37.5029],[145.02579,-37.49186],[145.02356,-37.48787],[145.02309,-37.48568],[145.02471,-37.47973],[145.02453,-37.47669],[145.02493,-37.4745]]}]}