{"t":[{"r":"EPPING ROAD","v":1648,"h":10,"c":[[145.02556,-37.50788],[145.02592,-37.5156],[145.02714,-37.51889],[145.0275,-37.52105],[145.03061,-37.54909]]},{"r":"EPPING ROAD","v":1601,"h":13,"c":[[145.03061,-37.54909],[145.0275,-37.52105],[145.02714,-37.51889],[145.02592,-37.5156],[145.02556,-37.50788]]}]}