{"t":[{"r":"EPPING ROAD","v":2876,"h":10,"c":[[145.03061,-37.54909],[145.03243,-37.56584],[145.03373,-37.59401]]},{"r":"MERRIANG ROAD","v":2867,"h":11,"c":[[145.03373,-37.59401],[145.03232,-37.56424],[145.03061,-37.54909]]}]}