{"t":[{"r":"EPPING ROAD","v":1648,"h":10,"c":[[145.03195,-37.45582],[145.03144,-37.45956],[145.03226,-37.46333],[145.03202,-37.4655],[145.02978,-37.46969],[145.02611,-37.47273],[145.02493,-37.4745],[145.02453,-37.47669]]},{"r":"EPPING ROAD","v":1601,"h":13,"c":[[145.02453,-37.47669],[145.02493,-37.4745],[145.02611,-37.47273],[145.02978,-37.46969],[145.03202,-37.4655],[145.03226,-37.46333],[145.03144,-37.45956],[145.03195,-37.45582]]}]}