{"t":[{"r":"EPPING ROAD","v":2876,"h":10,"c":[[145.03243,-37.56584],[145.03373,-37.59401],[145.03133,-37.60852]]},{"r":"BRIDGE INN ROAD","v":5880,"h":6,"c":[[145.03373,-37.59401],[145.04703,-37.59513]]},{"r":"BRIDGE INN ROAD","v":6025,"h":6,"c":[[145.03373,-37.59401],[145.04703,-37.59513]]},{"r":"MERRIANG ROAD","v":2867,"h":11,"c":[[145.03133,-37.60852],[145.03373,-37.59401],[145.03232,-37.56424]]}]}