{"t":[{"r":"BALCOMBE ROAD","v":6767,"h":4,"c":[[145.03845,-37.97808],[145.05304,-37.97983]]},{"r":"BEACH ROAD","v":6900,"h":5,"c":[[145.0188,-37.98165],[145.02178,-37.98277],[145.02726,-37.98744],[145.02845,-37.98961],[145.03116,-37.99284],[145.03706,-37.99536],[145.03821,-37.99514],[145.04176,-37.99245]]},{"r":"BALCOMBE ROAD","v":6638,"h":4,"c":[[145.05304,-37.97983],[145.03854,-37.97809]]},{"r":"BEACH ROAD","v":5600,"h":7,"c":[[145.04176,-37.99245],[145.03811,-37.99521],[145.03719,-37.99538],[145.03109,-37.99278],[145.02845,-37.98961],[145.02726,-37.98744],[145.02193,-37.98287],[145.0188,-37.98165]]}]}