{"t":[{"r":"TUCKS ROAD","v":3717,"h":6,"c":[[145.01923,-38.41659],[145.02231,-38.41747],[145.02531,-38.42077],[145.02583,-38.42889]]},{"r":"SHOREHAM ROAD","v":819,"h":6,"c":[[145.02423,-38.40738],[145.03928,-38.41414],[145.04019,-38.41494],[145.04318,-38.41947]]},{"r":"TUCKS ROAD","v":3717,"h":6,"c":[[145.01923,-38.41659],[145.02231,-38.41747],[145.02531,-38.42077],[145.02583,-38.42889]]},{"r":"SHOREHAM ROAD","v":837,"h":6,"c":[[145.02423,-38.40738],[145.03928,-38.41414],[145.04019,-38.41494],[145.04318,-38.41947]]}]}