{"t":[{"r":"POINT LEO ROAD","v":3717,"h":6,"c":[[145.03221,-38.39258],[145.03485,-38.39466],[145.04765,-38.39976]]},{"r":"SHOREHAM ROAD","v":819,"h":6,"c":[[145.01794,-38.40579],[145.02423,-38.40738],[145.03928,-38.41414]]},{"r":"POINT LEO ROAD","v":3717,"h":6,"c":[[145.03221,-38.39258],[145.03485,-38.39466],[145.04765,-38.39976]]},{"r":"SHOREHAM ROAD","v":837,"h":6,"c":[[145.01794,-38.40579],[145.02423,-38.40738],[145.03928,-38.41414]]}]}