{"t":[{"r":"RED HILL ROAD","v":819,"h":6,"c":[[145.04254,-38.3718],[145.03703,-38.37171],[145.03254,-38.37609],[145.03255,-38.37761]]},{"r":"RED HILL ROAD","v":837,"h":6,"c":[[145.04254,-38.3718],[145.03703,-38.37171],[145.03254,-38.37609],[145.03255,-38.37761]]},{"r":"ARTHURS SEAT ROAD","v":3717,"h":6,"c":[[145.01814,-38.37237],[145.0199,-38.37204],[145.02158,-38.37232],[145.02357,-38.37393],[145.02498,-38.37452],[145.02644,-38.37778]]}]}