{"t":[{"r":"DUNNS CREEK ROAD","v":1251,"h":10,"c":[[145.00882,-38.33217],[145.03734,-38.33539],[145.03854,-38.33705],[145.0401,-38.33747],[145.04195,-38.33859]]},{"r":"DUNNS CREEK ROAD","v":1233,"h":14,"c":[[145.04195,-38.33859],[145.0401,-38.33747],[145.03854,-38.33705],[145.03734,-38.33539],[145.00882,-38.33217]]}]}