{"t":[{"r":"COOK STREET","v":1285,"h":8,"c":[[145.02133,-38.4619],[145.02129,-38.46262],[145.01898,-38.47416]]},{"r":"FRANKSTON-FLINDERS ROAD","v":1274,"h":8,"c":[[145.01898,-38.47416],[145.02129,-38.46262],[145.02133,-38.4619]]}]}