{"n":{"tram":[[[145.04227,-37.71781],[145.03493,-37.72078]],[[145.03493,-37.72078],[145.03452,-37.72093]],[[145.03451,-37.7209],[145.03491,-37.72075]],[[145.02388,-37.72522],[145.02415,-37.72514]],[[145.03452,-37.72093],[145.03067,-37.72241],[145.02675,-37.72463],[145.02257,-37.72565],[145.01461,-37.73103]],[[145.01456,-37.73103],[145.02254,-37.72562],[145.02743,-37.72424]],[[145.02743,-37.72424],[145.03065,-37.72238],[145.03451,-37.7209]],[[145.03491,-37.72075],[145.04224,-37.71778]]],"freeway":[[[145.0345,-37.72101],[145.03352,-37.72139]],[[145.02426,-37.72521],[145.02399,-37.72594]],[[145.03487,-37.72087],[145.0345,-37.72101]],[[145.03447,-37.72083],[145.03485,-37.72069]],[[145.03485,-37.72069],[145.0418,-37.71796]],[[145.0295,-37.72321],[145.02937,-37.72299]],[[145.0257,-37.72479],[145.02573,-37.725]],[[145.02428,-37.73556],[145.02349,-37.74015]],[[145.02429,-37.73461],[145.02496,-37.73226]],[[145.04074,-37.71872],[145.03487,-37.72087]],[[145.02311,-37.72529],[145.02325,-37.72525]],[[145.0233,-37.72546],[145.02399,-37.72594]],[[145.02422,-37.72507],[145.0265,-37.72459],[145.02808,-37.72373]],[[145.02588,-37.72801],[145.02507,-37.73228]],[[145.02365,-37.72595],[145.02315,-37.72551]],[[145.02556,-37.72904],[145.02578,-37.72778],[145.02535,-37.72701]],[[145.02753,-37.72436],[145.02743,-37.72424]],[[145.04062,-37.71854],[145.04074,-37.71872]],[[145.03805,-37.7195],[145.03816,-37.7197]],[[145.03161,-37.72188],[145.03175,-37.72208]],[[145.03342,-37.72121],[145.03447,-37.72083]],[[145.02487,-37.72513],[145.02426,-37.72521]],[[145.0233,-37.72546],[145.02315,-37.72551]],[[145.02325,-37.72525],[145.0233,-37.72546]],[[145.02315,-37.72551],[145.02311,-37.72529]],[[145.02461,-37.73366],[145.02449,-37.73363]],[[145.02399,-37.72594],[145.02447,-37.72624]],[[145.02426,-37.72521],[145.0233,-37.72546]],[[145.02416,-37.73553],[145.02429,-37.73461]],[[145.02443,-37.73462],[145.02428,-37.73556]],[[145.04262,-37.71762],[145.04074,-37.71872]],[[145.02403,-37.72608],[145.02365,-37.72595]],[[145.02447,-37.72624],[145.02572,-37.72722],[145.02588,-37.72801]],[[145.02829,-37.72392],[145.02687,-37.7247],[145.02487,-37.72513]],[[145.02535,-37.72701],[145.02403,-37.72608]],[[145.02362,-37.72518],[145.02422,-37.72507]],[[145.02325,-37.72525],[145.02362,-37.72518]],[[145.02355,-37.73904],[145.02416,-37.73553]],[[145.03352,-37.72139],[145.0295,-37.72321]],[[145.03161,-37.72188],[145.03342,-37.72121]],[[145.02937,-37.72299],[145.03161,-37.72188]],[[145.02507,-37.73228],[145.02443,-37.73462]],[[145.02496,-37.73226],[145.02556,-37.72904]],[[145.02937,-37.72299],[145.0296,-37.72315]],[[145.02743,-37.72424],[145.02735,-37.72416]],[[145.02808,-37.72373],[145.02937,-37.72299]],[[145.0295,-37.72321],[145.02829,-37.72392]]]}}