{"n":{"tram":[[[145.04227,-37.71781],[145.03493,-37.72078]],[[145.03491,-37.72075],[145.04224,-37.71778]]],"freeway":[[[145.03485,-37.72069],[145.0418,-37.71796]],[[145.04062,-37.71854],[145.04074,-37.71872]],[[145.04262,-37.71762],[145.04074,-37.71872]]]}}