{"n":{"rail":[[[145.03726,-37.91549],[145.03783,-37.91218]],[[145.03533,-37.92571],[145.03535,-37.92556]],[[145.03552,-37.92558],[145.03549,-37.92574]],[[145.03548,-37.92558],[145.03545,-37.92573]],[[145.03545,-37.92573],[145.03548,-37.92734]],[[145.038,-37.9122],[145.0374,-37.9155]],[[145.03796,-37.91219],[145.03735,-37.9155]],[[145.03549,-37.92574],[145.03557,-37.92753]],[[145.03542,-37.92735],[145.03533,-37.92571]],[[145.0383,-37.90989],[145.03915,-37.90509]],[[145.03783,-37.91218],[145.0383,-37.90989]],[[145.03928,-37.90511],[145.03838,-37.9099]],[[145.03838,-37.9099],[145.03796,-37.91219]],[[145.03933,-37.90511],[145.03843,-37.9099]],[[145.03843,-37.9099],[145.038,-37.9122]],[[145.03605,-37.92205],[145.03607,-37.92194]],[[145.03611,-37.92194],[145.03609,-37.92205]],[[145.03616,-37.92195],[145.03614,-37.92206]],[[145.03614,-37.92206],[145.03591,-37.92331]],[[145.03581,-37.9233],[145.03605,-37.92205]],[[145.03609,-37.92205],[145.03586,-37.92331]],[[145.03591,-37.92331],[145.0359,-37.92337]],[[145.03586,-37.92331],[145.03585,-37.92336]],[[145.0358,-37.92336],[145.03581,-37.9233]],[[145.03535,-37.92556],[145.0358,-37.92336]],[[145.03585,-37.92336],[145.03548,-37.92558]],[[145.0359,-37.92337],[145.03552,-37.92558]],[[145.0369,-37.91832],[145.03616,-37.92195]],[[145.03686,-37.91831],[145.03611,-37.92194]],[[145.03735,-37.9155],[145.03686,-37.91831]],[[145.0374,-37.9155],[145.0369,-37.91832]],[[145.03607,-37.92194],[145.03673,-37.9183]],[[145.03673,-37.9183],[145.03726,-37.91549]]],"tram":[[[145.02196,-37.88708],[145.0169,-37.91412]],[[145.0169,-37.91412],[145.02192,-37.88708]]],"freeway":[[[145.02264,-37.92085],[145.02232,-37.92053]],[[145.0272,-37.92582],[145.0273,-37.92556]],[[145.02659,-37.9248],[145.02645,-37.92484]],[[145.02476,-37.92319],[145.02448,-37.9229]],[[145.02215,-37.92054],[145.02182,-37.92018]],[[145.01851,-37.91636],[145.02162,-37.91961]],[[145.0272,-37.92582],[145.02688,-37.92552]],[[145.02627,-37.92447],[145.02652,-37.92473]],[[145.02675,-37.92516],[145.02688,-37.92552]],[[145.02645,-37.92484],[145.02625,-37.92488]],[[145.02652,-37.92473],[145.02659,-37.9248]],[[145.02703,-37.92527],[145.0273,-37.92556]],[[145.02476,-37.92319],[145.02481,-37.92293]],[[145.02177,-37.92013],[145.01871,-37.91686]],[[145.02275,-37.92079],[145.0236,-37.92167]],[[145.02427,-37.92237],[145.02415,-37.92253]],[[145.02181,-37.9198],[145.02205,-37.92006]],[[145.02441,-37.92282],[145.02344,-37.9218]],[[145.02644,-37.92508],[145.02625,-37.92488]],[[145.02587,-37.92405],[145.02599,-37.92417]],[[145.02427,-37.92237],[145.02463,-37.92274]],[[145.02177,-37.92013],[145.02199,-37.92007]],[[145.02232,-37.92053],[145.02216,-37.92055]],[[145.02463,-37.92274],[145.02448,-37.9229]],[[145.02625,-37.92488],[145.0264,-37.9248]],[[145.02612,-37.9245],[145.0264,-37.9248]],[[145.02463,-37.92274],[145.02587,-37.92405]],[[145.0236,-37.92167],[145.02399,-37.92208]],[[145.02248,-37.9205],[145.02254,-37.92057]],[[145.02448,-37.9229],[145.02441,-37.92282]],[[145.02625,-37.92488],[145.025,-37.92344]],[[145.02344,-37.9218],[145.023,-37.9214]],[[145.02254,-37.92057],[145.02275,-37.92079]],[[145.02688,-37.92552],[145.02673,-37.92536]],[[145.02248,-37.9205],[145.02232,-37.92053]],[[145.02205,-37.92006],[145.02248,-37.9205]],[[145.02199,-37.92007],[145.02205,-37.92006]],[[145.02216,-37.92055],[145.02215,-37.92054]],[[145.02298,-37.92138],[145.02216,-37.92055]],[[145.02232,-37.92053],[145.02204,-37.92022]],[[145.023,-37.9214],[145.02298,-37.92138]],[[145.02264,-37.92085],[145.02275,-37.92079]],[[145.02278,-37.92102],[145.02264,-37.92085]],[[145.02162,-37.91961],[145.02179,-37.91978]],[[145.02179,-37.91978],[145.02181,-37.9198]],[[145.02298,-37.92138],[145.02278,-37.92102]],[[145.02204,-37.92022],[145.02205,-37.92006]],[[145.025,-37.92344],[145.02476,-37.92319]],[[145.02441,-37.92282],[145.02463,-37.92274]],[[145.0242,-37.92229],[145.02427,-37.92237]],[[145.02399,-37.92208],[145.0242,-37.92229]],[[145.02659,-37.9248],[145.02703,-37.92527]],[[145.02733,-37.92595],[145.0272,-37.92582]],[[145.02758,-37.92618],[145.02733,-37.92595]],[[145.02661,-37.92525],[145.02644,-37.92508]],[[145.02673,-37.92536],[145.02661,-37.92525]],[[145.02645,-37.92484],[145.02675,-37.92516]],[[145.0264,-37.9248],[145.02652,-37.92473]],[[145.0264,-37.9248],[145.02645,-37.92484]],[[145.02596,-37.9243],[145.02612,-37.9245]],[[145.02599,-37.92417],[145.02596,-37.9243]],[[145.02626,-37.92446],[145.02627,-37.92447]],[[145.02599,-37.92417],[145.02626,-37.92446]],[[145.02913,-37.9277],[145.02758,-37.92618]],[[145.0273,-37.92556],[145.02874,-37.92702]],[[145.02182,-37.92018],[145.02177,-37.92013]]]}}