{"n":{"rail":[[[145.01961,-37.85683],[145.01135,-37.84853]],[[145.03267,-37.83969],[145.03596,-37.841],[145.0384,-37.84402]],[[145.02877,-37.86567],[145.01161,-37.84862]],[[145.01164,-37.84859],[145.02881,-37.86565]],[[145.04235,-37.84983],[145.04038,-37.848],[145.03934,-37.84598]],[[145.0384,-37.84402],[145.0394,-37.84596]],[[145.03833,-37.84404],[145.03589,-37.84099],[145.03265,-37.83973]],[[145.03934,-37.84598],[145.03833,-37.84404]],[[145.0394,-37.84596],[145.0405,-37.84809],[145.04224,-37.84971]],[[145.01964,-37.85681],[145.02865,-37.86576]],[[145.02861,-37.86577],[145.01961,-37.85683]],[[145.01821,-37.85528],[145.01964,-37.85681]]],"tram":[[[145.03269,-37.83747],[145.03003,-37.85185]],[[144.99242,-37.83908],[145.02964,-37.84356]],[[145.0303,-37.85168],[145.03003,-37.85185]],[[145.02976,-37.85158],[145.03004,-37.85179]],[[145.02999,-37.85184],[145.03026,-37.85165]],[[145.02999,-37.85184],[145.02979,-37.85161]],[[145.03149,-37.84395],[145.03139,-37.8438]],[[145.02964,-37.84356],[144.99241,-37.8391]],[[145.0303,-37.84364],[145.0314,-37.84376]],[[145.03139,-37.8438],[145.0303,-37.84364]],[[145.0314,-37.84376],[145.03153,-37.84396]],[[145.02925,-37.85678],[145.0295,-37.85663]],[[145.02909,-37.85657],[145.02928,-37.85679]],[[145.02957,-37.85667],[145.02928,-37.85683]],[[145.02924,-37.85682],[145.02904,-37.8566]],[[145.02928,-37.85683],[145.02899,-37.85858]],[[145.02924,-37.85682],[145.02999,-37.85184]],[[145.05621,-37.85995],[145.02958,-37.85667]],[[145.02904,-37.8566],[145.01831,-37.8552]],[[145.0295,-37.85663],[145.05621,-37.85995]],[[145.02957,-37.85667],[145.02904,-37.8566]],[[145.01828,-37.85516],[145.02902,-37.85656]],[[145.02909,-37.85657],[145.0295,-37.85663]],[[145.02894,-37.85861],[145.02924,-37.85682]],[[145.03003,-37.85185],[145.02933,-37.85651]],[[145.02976,-37.85158],[145.03026,-37.85165]],[[145.0303,-37.85168],[145.02979,-37.85161]],[[145.02999,-37.85184],[145.03265,-37.83747]],[[145.03026,-37.85165],[145.05215,-37.85453]],[[145.05216,-37.85458],[145.0303,-37.85168]],[[145.0303,-37.84364],[145.02964,-37.84356]],[[145.02928,-37.85679],[145.02928,-37.85683]],[[145.02829,-37.8565],[145.02847,-37.85649]],[[145.02979,-37.85161],[145.01257,-37.84933]],[[145.01253,-37.8493],[145.02976,-37.85158]],[[145.02902,-37.85656],[145.02909,-37.85657]],[[145.02933,-37.85651],[145.02928,-37.85679]],[[145.02958,-37.85667],[145.02957,-37.85667]]],"freeway":[[[145.03986,-37.84617],[145.03933,-37.84525]],[[145.04111,-37.84716],[145.03957,-37.84494]],[[145.03964,-37.8414],[145.03967,-37.84455]],[[145.03832,-37.83883],[145.03951,-37.84075]],[[145.0404,-37.84574],[145.04209,-37.84742]],[[145.03933,-37.84525],[145.03945,-37.84493]],[[145.04047,-37.84489],[145.04034,-37.84487]],[[145.03993,-37.84429],[145.03986,-37.84442]],[[145.03902,-37.84464],[145.03921,-37.84451]],[[145.03967,-37.84455],[145.03978,-37.84495]],[[145.03957,-37.84494],[145.03944,-37.84451]],[[145.03944,-37.84451],[145.03938,-37.84103]],[[145.04034,-37.84487],[145.04017,-37.84496]],[[145.04003,-37.84456],[145.04017,-37.84472]],[[145.03953,-37.84466],[145.03943,-37.84456]],[[145.03933,-37.84525],[145.03915,-37.84488]],[[145.03992,-37.84482],[145.03975,-37.84481]],[[145.04006,-37.84471],[145.04017,-37.84472]],[[145.03968,-37.84467],[145.03989,-37.84469]],[[145.04009,-37.84514],[145.0404,-37.84574]],[[145.03975,-37.84481],[145.03991,-37.84493]],[[145.04086,-37.84482],[145.04141,-37.84497]],[[145.03926,-37.84437],[145.03924,-37.84263]],[[145.03945,-37.84493],[145.03955,-37.84481]],[[145.03986,-37.84442],[145.03968,-37.84467]],[[145.04017,-37.84496],[145.04008,-37.84512]],[[145.03998,-37.84445],[145.04003,-37.84456]],[[145.03915,-37.84488],[145.03902,-37.84478]],[[145.03921,-37.84451],[145.03926,-37.84437]],[[145.03943,-37.84456],[145.03933,-37.84446]],[[145.03991,-37.84493],[145.04004,-37.84506]],[[145.04049,-37.84477],[145.04086,-37.84482]],[[145.04062,-37.84491],[145.04047,-37.84489]],[[145.03993,-37.84429],[145.03998,-37.84445]],[[145.04017,-37.84472],[145.04049,-37.84477]],[[145.04004,-37.84506],[145.04008,-37.84512]],[[145.03989,-37.84469],[145.04006,-37.84471]],[[145.03933,-37.84446],[145.03926,-37.84437]],[[145.04015,-37.84484],[145.03999,-37.84483]],[[145.04058,-37.84694],[145.03986,-37.84617]],[[145.03964,-37.8414],[145.03993,-37.84429]],[[145.04034,-37.84487],[145.04015,-37.84484]],[[145.04084,-37.84495],[145.04062,-37.84491]],[[145.04141,-37.84497],[145.04084,-37.84495]],[[145.03924,-37.84263],[145.03938,-37.84103]],[[145.04111,-37.84716],[145.04058,-37.84694]],[[145.03968,-37.84467],[145.03963,-37.84473]],[[145.03953,-37.84466],[145.03968,-37.84467]],[[145.03975,-37.84481],[145.03963,-37.84473]],[[145.03975,-37.84481],[145.03955,-37.84481]],[[145.03963,-37.84473],[145.03953,-37.84466]],[[145.03963,-37.84473],[145.03955,-37.84481]],[[145.03938,-37.84103],[145.03802,-37.8388]],[[145.03951,-37.84075],[145.03964,-37.8414]],[[145.03978,-37.84495],[145.04082,-37.84662],[145.04257,-37.84782]],[[145.04008,-37.84512],[145.04009,-37.84514]],[[145.03999,-37.84483],[145.03992,-37.84482]],[[145.04141,-37.84497],[145.0419,-37.84506]],[[145.04203,-37.84778],[145.04111,-37.84716]]]}}