{"n":{"rail":[[[145.04066,-37.8975],[145.04069,-37.89735]],[[145.04078,-37.89737],[145.04075,-37.89751]],[[145.04073,-37.89736],[145.0407,-37.89751]],[[145.03981,-37.90177],[145.04066,-37.8975]],[[145.0407,-37.89751],[145.03986,-37.90177]],[[145.04075,-37.89751],[145.0399,-37.90178]],[[145.03964,-37.90352],[145.03954,-37.90404]],[[145.0396,-37.90351],[145.0395,-37.90403]],[[145.03937,-37.90402],[145.03947,-37.90351]],[[145.03947,-37.90351],[145.03981,-37.90177]],[[145.03986,-37.90177],[145.0396,-37.90351]],[[145.0399,-37.90178],[145.03964,-37.90352]],[[145.0383,-37.90989],[145.03915,-37.90509]],[[145.03928,-37.90511],[145.03838,-37.9099]],[[145.03933,-37.90511],[145.03843,-37.9099]],[[145.04069,-37.89735],[145.04151,-37.89314]],[[145.04155,-37.89314],[145.04073,-37.89736]],[[145.0416,-37.89315],[145.04078,-37.89737]],[[145.03954,-37.90404],[145.03933,-37.90511]],[[145.0395,-37.90403],[145.03928,-37.90511]],[[145.03915,-37.90509],[145.03937,-37.90402]]],"tram":[[[145.02196,-37.88708],[145.0169,-37.91412]],[[145.0169,-37.91412],[145.02192,-37.88708]]],"freeway":[[[145.02601,-37.90209],[145.02736,-37.90227]],[[145.03447,-37.90318],[145.0349,-37.90323]],[[145.02027,-37.90155],[145.01919,-37.90142]],[[145.03488,-37.90336],[145.03446,-37.90332]],[[145.0354,-37.90329],[145.03844,-37.90368]],[[145.03842,-37.9038],[145.03488,-37.90336]],[[145.02346,-37.90179],[145.02474,-37.90195]],[[145.01923,-37.90128],[145.02059,-37.90145]],[[145.0354,-37.90329],[145.03538,-37.90343]],[[145.02474,-37.90195],[145.02601,-37.90209]],[[145.03446,-37.90332],[145.02733,-37.90241]],[[145.02471,-37.90207],[145.02274,-37.90183]],[[145.0349,-37.90323],[145.0354,-37.90329]],[[145.04375,-37.90449],[145.04088,-37.90412]],[[145.03975,-37.90384],[145.04249,-37.90419]],[[145.02059,-37.90145],[145.02346,-37.90179]],[[145.02274,-37.90183],[145.02027,-37.90155]],[[145.02736,-37.90227],[145.03447,-37.90318]],[[145.02598,-37.90223],[145.02516,-37.90212]],[[145.02532,-37.90201],[145.0253,-37.90214]],[[145.02516,-37.90212],[145.02471,-37.90207]],[[145.02733,-37.90241],[145.02598,-37.90223]],[[145.03969,-37.90396],[145.03842,-37.9038]],[[145.03844,-37.90368],[145.03975,-37.90384]],[[145.04088,-37.90412],[145.03969,-37.90396]]]}}