{"n":{"rail":[[[145.01826,-37.82802],[145.01971,-37.82898],[145.02053,-37.83031]],[[145.02053,-37.83031],[145.02144,-37.83266]],[[145.01904,-37.82827],[145.02062,-37.83015]],[[145.02776,-37.83911],[145.03187,-37.8396]],[[145.02342,-37.83527],[145.02575,-37.83801],[145.02762,-37.83907]],[[145.03267,-37.83969],[145.03596,-37.841]],[[145.01757,-37.8255],[145.0222,-37.82247]],[[145.02048,-37.83032],[145.01941,-37.82878]],[[145.01943,-37.8285],[145.02068,-37.83014]],[[145.02057,-37.83017],[145.01964,-37.8288],[145.01784,-37.82783]],[[145.02139,-37.83266],[145.02048,-37.83032]],[[145.02761,-37.8391],[145.02583,-37.83813],[145.02339,-37.8353]],[[145.02775,-37.83914],[145.02761,-37.8391]],[[145.02762,-37.83907],[145.02776,-37.83911]],[[145.03187,-37.83964],[145.02775,-37.83914]],[[145.03187,-37.8396],[145.03267,-37.83969]],[[145.03265,-37.83973],[145.03187,-37.83964]],[[145.02231,-37.82254],[145.01763,-37.82556]],[[145.03589,-37.84099],[145.03265,-37.83973]],[[145.02144,-37.83266],[145.0219,-37.83356]],[[145.02185,-37.83358],[145.02139,-37.83266]],[[145.02339,-37.8353],[145.02185,-37.83358]],[[145.0219,-37.83356],[145.02342,-37.83527]],[[145.0176,-37.82553],[145.02234,-37.82247]]],"tram":[[[145.02426,-37.82723],[145.02501,-37.82747]],[[145.02427,-37.82719],[145.02502,-37.82744]],[[145.02298,-37.82664],[145.02198,-37.82654]],[[145.01603,-37.82749],[145.02012,-37.82649]],[[145.02013,-37.82652],[145.01604,-37.82751]],[[145.02198,-37.82651],[145.02298,-37.82661]],[[145.0263,-37.82157],[145.02546,-37.82733]],[[145.02426,-37.82728],[145.025,-37.82751]],[[145.02298,-37.82661],[145.02546,-37.82733]],[[145.02546,-37.82733],[145.02612,-37.8278],[145.03398,-37.82869]],[[145.0254,-37.82738],[145.02298,-37.82664]],[[145.0254,-37.82738],[145.02628,-37.82159]],[[145.0327,-37.83721],[145.03416,-37.82896]],[[145.0342,-37.82894],[145.03273,-37.83722]],[[145.03273,-37.83722],[145.03269,-37.83747]],[[145.03265,-37.83747],[145.0327,-37.83721]],[[145.03269,-37.83747],[145.03003,-37.85185]],[[145.03398,-37.82869],[145.05427,-37.83107]],[[145.03398,-37.82869],[145.0342,-37.82894]],[[145.03416,-37.82896],[145.03393,-37.82871]],[[145.03393,-37.82871],[145.02601,-37.82781],[145.0254,-37.82738]],[[145.03416,-37.82896],[145.03804,-37.80831]],[[145.03804,-37.80831],[145.0342,-37.82894]],[[145.05473,-37.83115],[145.03393,-37.82871]],[[144.99242,-37.83908],[145.02964,-37.84356]],[[145.02964,-37.84356],[144.99241,-37.8391]],[[145.02999,-37.85184],[145.03265,-37.83747]],[[145.02198,-37.82654],[145.02013,-37.82652]],[[145.02012,-37.82649],[145.02198,-37.82651]],[[145.02448,-37.82703],[145.0247,-37.82706]],[[145.02407,-37.82704],[145.02427,-37.82719]],[[145.02408,-37.8271],[145.02426,-37.82723]],[[145.02391,-37.82686],[145.02426,-37.82728]],[[145.02409,-37.82716],[145.02425,-37.82735]]],"freeway":[[[145.0361,-37.83755],[145.03801,-37.83855]],[[145.03523,-37.83747],[145.03323,-37.83733],[145.02991,-37.83787],[145.02826,-37.83761],[145.02674,-37.83672],[145.0241,-37.83375]],[[145.0241,-37.83375],[145.02237,-37.83202],[145.02104,-37.83142]],[[145.02425,-37.83368],[145.02688,-37.83662],[145.02832,-37.83747],[145.02991,-37.83772],[145.03322,-37.83718],[145.03527,-37.83732]],[[145.03768,-37.83852],[145.03523,-37.83747]],[[145.03802,-37.8388],[145.03768,-37.83852]],[[145.03832,-37.83883],[145.03951,-37.84075]],[[145.03801,-37.83855],[145.03832,-37.83883]],[[145.02117,-37.8312],[145.02275,-37.83206],[145.02425,-37.83368]],[[145.02051,-37.83102],[145.02117,-37.8312]],[[145.01427,-37.82993],[145.01969,-37.83091]],[[145.02104,-37.83142],[145.01902,-37.831]],[[145.01906,-37.83079],[145.01969,-37.83091]],[[145.01969,-37.83091],[145.02051,-37.83102]],[[145.03938,-37.84103],[145.03802,-37.8388]],[[145.03527,-37.83732],[145.0361,-37.83755]]]}}