{"n":{"tram":[[[145.03052,-37.80688],[145.04617,-37.80124]],[[145.04659,-37.8011],[145.03051,-37.80692]]],"freeway":[[[145.01911,-37.79091],[145.02105,-37.79106]],[[145.02376,-37.79094],[145.02547,-37.79049]],[[145.02577,-37.79031],[145.02623,-37.78973]],[[145.03057,-37.79148],[145.02987,-37.7919]],[[145.03057,-37.79148],[145.03005,-37.79197]],[[145.03018,-37.79236],[145.02945,-37.79209]],[[145.02641,-37.78991],[145.02654,-37.78987]],[[145.02967,-37.79201],[145.02945,-37.79209]],[[145.03348,-37.79085],[145.03174,-37.79122]],[[145.02198,-37.79149],[145.0195,-37.79129]],[[145.02577,-37.79031],[145.02641,-37.78991]],[[145.02945,-37.79209],[145.02842,-37.79185]],[[145.02791,-37.79067],[145.02829,-37.79069]],[[145.03174,-37.79122],[145.03057,-37.79148]],[[145.02795,-37.79076],[145.02829,-37.79069]],[[145.02941,-37.79131],[145.02871,-37.79138]],[[145.02618,-37.79156],[145.02242,-37.79151]],[[145.0282,-37.79108],[145.0293,-37.79096]],[[145.02285,-37.79119],[145.02622,-37.7912]],[[145.02242,-37.79151],[145.02198,-37.79149]],[[145.02248,-37.79161],[145.02198,-37.79149]],[[145.04786,-37.79116],[145.0367,-37.79068]],[[145.03612,-37.79037],[145.04788,-37.79082]],[[145.02795,-37.79181],[145.02248,-37.79161]],[[145.02842,-37.79185],[145.02795,-37.79181]],[[145.02829,-37.79069],[145.0324,-37.79062]],[[145.02105,-37.79106],[145.02376,-37.79094]],[[145.03049,-37.79082],[145.0324,-37.79062]],[[145.03348,-37.79085],[145.03253,-37.79094]],[[145.0324,-37.79062],[145.03612,-37.79037]],[[145.0367,-37.79068],[145.03348,-37.79085]],[[145.03253,-37.79094],[145.02941,-37.79131]],[[145.02871,-37.79138],[145.02618,-37.79156]],[[145.0293,-37.79096],[145.03049,-37.79082]],[[145.02105,-37.79106],[145.02285,-37.79119]],[[145.02547,-37.79049],[145.02577,-37.79031]],[[145.03103,-37.79273],[145.03018,-37.79236]],[[145.02622,-37.7912],[145.0282,-37.79108]]]}}