{"n":{"rail":[[[145.04005,-37.82197],[145.03981,-37.82193]],[[145.04006,-37.82192],[145.03982,-37.82189]],[[145.03982,-37.82185],[145.04006,-37.82188]],[[145.04006,-37.82188],[145.04235,-37.82215]],[[145.04006,-37.82192],[145.04234,-37.82219]],[[145.04233,-37.82224],[145.04005,-37.82197]],[[145.03981,-37.82193],[145.03909,-37.82183]],[[145.0357,-37.82153],[145.03544,-37.8215]],[[145.03547,-37.82137],[145.03572,-37.82139]],[[145.03548,-37.82134],[145.03573,-37.82136]],[[145.03982,-37.82189],[145.0391,-37.82179]],[[145.03573,-37.82136],[145.039,-37.82174]],[[145.03544,-37.8215],[145.02637,-37.82066],[145.02425,-37.82121],[145.02231,-37.82254]],[[145.02362,-37.82154],[145.025,-37.82088],[145.02682,-37.8206],[145.03547,-37.82137]],[[145.01757,-37.8255],[145.0222,-37.82247]],[[145.0222,-37.82247],[145.02405,-37.82119],[145.0263,-37.82058],[145.03548,-37.82134]],[[145.02231,-37.82254],[145.01763,-37.82556]],[[145.03909,-37.82183],[145.03898,-37.82182]],[[145.03898,-37.82182],[145.0357,-37.82153]],[[145.0391,-37.82179],[145.03899,-37.82178]],[[145.03899,-37.82178],[145.03572,-37.82139]],[[145.039,-37.82174],[145.0391,-37.82175]],[[145.0391,-37.82175],[145.03982,-37.82185]],[[145.0176,-37.82553],[145.02234,-37.82247]],[[145.02234,-37.82247],[145.02362,-37.82154]]],"tram":[[[145.02996,-37.80709],[145.02973,-37.8072]],[[145.02409,-37.81249],[145.02886,-37.80748]],[[145.02368,-37.81299],[145.02103,-37.81285]],[[145.02193,-37.81292],[145.02219,-37.81286]],[[145.02267,-37.81275],[145.02354,-37.81286]],[[145.01597,-37.81219],[145.0206,-37.81276]],[[145.01643,-37.81996],[145.02336,-37.81326]],[[145.02354,-37.81313],[145.01641,-37.81999]],[[145.02127,-37.81284],[145.02103,-37.81285]],[[145.02229,-37.8128],[145.0228,-37.8124],[145.02409,-37.81249]],[[145.02199,-37.81293],[145.02225,-37.81287]],[[145.02225,-37.81287],[145.02197,-37.81296]],[[145.02219,-37.81286],[145.02192,-37.81295]],[[145.02231,-37.81283],[145.02262,-37.8128]],[[145.02235,-37.8128],[145.02264,-37.81278]],[[145.02426,-37.81236],[145.0244,-37.81217]],[[145.03051,-37.80692],[145.02887,-37.80752]],[[145.03806,-37.80825],[145.03812,-37.80792]],[[145.03812,-37.80792],[145.0379,-37.80769]],[[145.03791,-37.80766],[145.03812,-37.80792]],[[145.03052,-37.80688],[145.0607,-37.81035]],[[145.03052,-37.80688],[145.04617,-37.80124]],[[145.04659,-37.8011],[145.03051,-37.80692]],[[145.01758,-37.82046],[145.02381,-37.82124]],[[145.02381,-37.82124],[145.02418,-37.82129]],[[145.02376,-37.82127],[145.01765,-37.82051]],[[145.0263,-37.82157],[145.02546,-37.82733]],[[145.02414,-37.82131],[145.02376,-37.82127]],[[145.0254,-37.82738],[145.02628,-37.82159]],[[145.03416,-37.82896],[145.03805,-37.8083]],[[145.03805,-37.8083],[145.0342,-37.82894]],[[145.06069,-37.81038],[145.03051,-37.80692]],[[145.02628,-37.82159],[145.02414,-37.82131]],[[145.02418,-37.82129],[145.0263,-37.82157]],[[145.02368,-37.81299],[145.02354,-37.81313]],[[145.02349,-37.81313],[145.02367,-37.81295]],[[145.02077,-37.81281],[145.01597,-37.81222]],[[145.02367,-37.81295],[145.02409,-37.81249]],[[145.02199,-37.81293],[145.02367,-37.81295]],[[145.02231,-37.81283],[145.02225,-37.81287]],[[145.02276,-37.81265],[145.02229,-37.8128]],[[145.02237,-37.81274],[145.02271,-37.81271]],[[145.0224,-37.81272],[145.02274,-37.81268]],[[145.02286,-37.81255],[145.02241,-37.81268]],[[145.02247,-37.81263],[145.0228,-37.81261]],[[145.0237,-37.81269],[145.02283,-37.81258]],[[145.02254,-37.81254],[145.02289,-37.81251]],[[145.02292,-37.81249],[145.02379,-37.8126]],[[145.02295,-37.81246],[145.02264,-37.81247]],[[145.02252,-37.8126],[145.02283,-37.81258]],[[145.0226,-37.8125],[145.02292,-37.81249]],[[145.02231,-37.81283],[145.02267,-37.81275]],[[145.02219,-37.81286],[145.02229,-37.8128]],[[145.02887,-37.80752],[145.02368,-37.81299]],[[145.02886,-37.80748],[145.03052,-37.80688]],[[145.02295,-37.81246],[145.02382,-37.81257]],[[145.02289,-37.81251],[145.02376,-37.81262]],[[145.02286,-37.81255],[145.02373,-37.81266]],[[145.0228,-37.81261],[145.02367,-37.81272]],[[145.02276,-37.81265],[145.02363,-37.81276]],[[145.02274,-37.81268],[145.02361,-37.81279]],[[145.02264,-37.81278],[145.02352,-37.81289]],[[145.02262,-37.8128],[145.02349,-37.81291]],[[145.02271,-37.81271],[145.02358,-37.81282]],[[145.02336,-37.81326],[145.02349,-37.81313]],[[145.0206,-37.81276],[145.02199,-37.81293]],[[145.02103,-37.81285],[145.02077,-37.81281]],[[145.03805,-37.8083],[145.03806,-37.80825]]]}}