{"n":{"rail":[[[145.03031,-37.86717],[145.02439,-37.86175],[145.01155,-37.84868]],[[145.03182,-37.86848],[145.0316,-37.86828]],[[145.03958,-37.87544],[145.03527,-37.87158]],[[145.03518,-37.8715],[145.03182,-37.86848]],[[145.03538,-37.87151],[145.03969,-37.87536]],[[145.03965,-37.87538],[145.03535,-37.87153]],[[145.0304,-37.8671],[145.02478,-37.86202],[145.01161,-37.84862]],[[145.03531,-37.87156],[145.03961,-37.87542]],[[145.03196,-37.86843],[145.03529,-37.87142]],[[145.01164,-37.84859],[145.02485,-37.86202],[145.03042,-37.86707]],[[145.03191,-37.86845],[145.0317,-37.86825]],[[145.03526,-37.87145],[145.03191,-37.86845]],[[145.03165,-37.86827],[145.03186,-37.86846]],[[145.03186,-37.86846],[145.03522,-37.87148]],[[145.03175,-37.86824],[145.03196,-37.86843]],[[145.01157,-37.84865],[145.0247,-37.86201],[145.03035,-37.86715]],[[145.03529,-37.87142],[145.03538,-37.87151]],[[145.03535,-37.87153],[145.03526,-37.87145]],[[145.03522,-37.87148],[145.03531,-37.87156]],[[145.03527,-37.87158],[145.03518,-37.8715]],[[145.03047,-37.86711],[145.03175,-37.86824]],[[145.0317,-37.86825],[145.03044,-37.86714]],[[145.03039,-37.86718],[145.03165,-37.86827]],[[145.0316,-37.86828],[145.03036,-37.8672]],[[145.03042,-37.86707],[145.03047,-37.86711]],[[145.03044,-37.86714],[145.0304,-37.8671]],[[145.03035,-37.86715],[145.03039,-37.86718]],[[145.03036,-37.8672],[145.03031,-37.86717]]],"tram":[[[145.02579,-37.8655],[145.01519,-37.86092]],[[145.04945,-37.86502],[145.02855,-37.8624]],[[145.02476,-37.86189],[145.0286,-37.86238]],[[145.03258,-37.87364],[145.03285,-37.87365]],[[145.01522,-37.86088],[145.02585,-37.86548]],[[145.02495,-37.8727],[145.02473,-37.87248]],[[145.02467,-37.87282],[145.02448,-37.87265]],[[145.02467,-37.87282],[145.02495,-37.87267]],[[145.0245,-37.87261],[145.02473,-37.87248]],[[145.02477,-37.87249],[145.02495,-37.87267]],[[145.02477,-37.87249],[145.0247,-37.87284]],[[145.02495,-37.8727],[145.0247,-37.87284]],[[145.0245,-37.87261],[145.0247,-37.87284]],[[145.02473,-37.87248],[145.02597,-37.86588]],[[145.02477,-37.87249],[145.02448,-37.87265]],[[145.0245,-37.87261],[145.02495,-37.87267]],[[145.026,-37.86593],[145.02477,-37.87249]],[[145.02585,-37.86548],[145.02638,-37.86572]],[[145.027,-37.86599],[145.02672,-37.86591]],[[145.02792,-37.86479],[145.02835,-37.86218]],[[145.02641,-37.86577],[145.02579,-37.8655]],[[145.02448,-37.87265],[144.99945,-37.86952]],[[145.02789,-37.86503],[145.02792,-37.86479]],[[145.0274,-37.86616],[145.02773,-37.866]],[[145.02777,-37.86601],[145.02737,-37.86619]],[[145.0284,-37.86215],[145.02796,-37.86483]],[[145.02855,-37.8624],[145.02835,-37.86218]],[[145.0284,-37.86215],[145.0286,-37.86238]],[[145.02955,-37.86251],[145.02928,-37.8625]],[[145.02444,-37.86185],[145.02476,-37.86189]],[[145.01522,-37.86088],[145.02444,-37.86185]],[[145.02479,-37.86193],[145.02447,-37.86188]],[[145.02447,-37.86188],[145.01519,-37.86092]],[[145.02878,-37.85881],[145.02866,-37.85877]],[[145.02692,-37.85853],[145.02841,-37.85874]],[[145.02841,-37.85874],[145.02864,-37.85877]],[[145.0284,-37.85884],[145.02811,-37.85902]],[[145.02691,-37.85857],[145.02837,-37.85874]],[[145.02899,-37.85858],[145.02881,-37.85876]],[[145.02813,-37.85837],[145.02793,-37.85833]],[[145.02824,-37.85842],[145.02793,-37.85829]],[[145.02838,-37.85861],[145.02792,-37.85836]],[[145.02828,-37.85852],[145.02791,-37.85839]],[[145.02841,-37.85874],[145.02693,-37.8585]],[[145.02881,-37.85876],[145.02894,-37.85861]],[[145.0279,-37.85846],[145.02844,-37.8587]],[[145.02827,-37.85892],[145.02812,-37.85896]],[[145.02888,-37.85902],[145.02878,-37.85881]],[[145.02814,-37.8589],[145.0283,-37.85887]],[[145.02825,-37.85895],[145.02812,-37.85899]],[[145.02824,-37.85858],[145.02789,-37.85849]],[[145.02866,-37.85877],[145.02881,-37.85876]],[[145.02814,-37.85886],[145.02864,-37.85877]],[[145.02835,-37.86218],[145.02888,-37.85902]],[[145.02878,-37.85881],[145.02892,-37.85902]],[[145.02835,-37.85863],[145.02789,-37.85852]],[[145.02817,-37.85847],[145.02791,-37.85842]],[[144.99945,-37.86949],[145.0245,-37.87261]],[[145.0286,-37.86238],[145.04932,-37.86499]],[[145.02855,-37.8624],[145.02479,-37.86193]],[[145.02888,-37.85902],[145.02894,-37.85861]],[[145.0286,-37.85877],[145.02788,-37.85856]],[[145.02892,-37.85902],[145.0284,-37.86215]],[[145.02928,-37.85683],[145.02899,-37.85858]],[[145.05621,-37.85995],[145.02958,-37.85667]],[[145.0295,-37.85663],[145.05621,-37.85995]],[[145.02899,-37.85858],[145.02892,-37.85902]],[[145.02894,-37.85861],[145.02924,-37.85682]],[[145.02199,-37.88672],[145.02467,-37.87282]],[[145.02495,-37.8727],[145.02448,-37.87265]],[[145.02467,-37.87282],[145.02473,-37.87248]],[[145.0247,-37.87284],[145.02203,-37.88673]],[[145.02864,-37.85877],[145.02866,-37.85877]],[[145.02638,-37.86572],[145.0274,-37.86616]],[[145.02737,-37.86619],[145.02641,-37.86577]],[[145.02792,-37.86506],[145.02777,-37.86601]],[[145.02773,-37.866],[145.02789,-37.86503]],[[145.02597,-37.86588],[145.02638,-37.86572]],[[145.02597,-37.86588],[145.02579,-37.8655]],[[145.02641,-37.86577],[145.026,-37.86593]],[[145.02585,-37.86548],[145.026,-37.86593]],[[145.02495,-37.87267],[145.03803,-37.8743]],[[145.03797,-37.87432],[145.02495,-37.8727]],[[145.03803,-37.8743],[145.03955,-37.87553]],[[145.03956,-37.8756],[145.03797,-37.87432]],[[145.02796,-37.86483],[145.02792,-37.86506]]],