{"n":{"rail":[[[145.03958,-37.87544],[145.03527,-37.87158]],[[145.04123,-37.87653],[145.04076,-37.87627]],[[145.03989,-37.87553],[145.04137,-37.87661]],[[145.03538,-37.87151],[145.03969,-37.87536]],[[145.03965,-37.87538],[145.03535,-37.87153]],[[145.03969,-37.87536],[145.03989,-37.87553]],[[145.03531,-37.87156],[145.03961,-37.87542]],[[145.03961,-37.87542],[145.03981,-37.87559]],[[145.03986,-37.87555],[145.03965,-37.87538]],[[145.03978,-37.87561],[145.03958,-37.87544]],[[145.03981,-37.87559],[145.04149,-37.87685]],[[145.04137,-37.87661],[145.04217,-37.87703]],[[145.0415,-37.87676],[145.03986,-37.87555]],[[145.0425,-37.87733],[145.0415,-37.87676]],[[145.04149,-37.87685],[145.04239,-37.87745]],[[145.0416,-37.87702],[145.03978,-37.87561]],[[145.04025,-37.87588],[145.03998,-37.8756]],[[145.04105,-37.87657],[145.0405,-37.87621]],[[145.04028,-37.87603],[145.03992,-37.87568]]],"tram":[[[145.02727,-37.88661],[145.0263,-37.88611]],[[145.02196,-37.88708],[145.0169,-37.91412]],[[145.02221,-37.88694],[145.02199,-37.88672]],[[145.02203,-37.88673],[145.02219,-37.88691]],[[145.02192,-37.88708],[145.02219,-37.88691]],[[145.02221,-37.88694],[145.02196,-37.88708]],[[145.02221,-37.88694],[145.00057,-37.88425]],[[145.0169,-37.91412],[145.02192,-37.88708]],[[145.02192,-37.88708],[145.02199,-37.88672]],[[145.02203,-37.88673],[145.02196,-37.88708]],[[145.00054,-37.88422],[145.02219,-37.88691]],[[145.02675,-37.88748],[145.042,-37.88938]],[[145.02721,-37.88687],[145.02683,-37.88752]],[[145.02721,-37.88687],[145.02701,-37.88601]],[[145.02675,-37.88748],[145.02721,-37.88687]],[[145.04199,-37.88941],[145.02221,-37.88694]],[[145.02199,-37.88672],[145.02467,-37.87282]],[[145.0247,-37.87284],[145.02203,-37.88673]],[[145.02626,-37.88745],[145.0265,-37.88745]],[[145.02219,-37.88691],[145.02675,-37.88748]],[[145.03803,-37.8743],[145.03955,-37.87553]],[[145.03956,-37.8756],[145.03797,-37.87432]],[[145.03996,-37.87535],[145.04172,-37.87647]],[[145.04177,-37.87651],[145.03997,-37.87542]],[[145.03969,-37.87556],[145.03956,-37.8756]],[[145.03978,-37.87541],[145.03996,-37.87535]],[[145.02719,-37.88638],[145.02634,-37.88616]],[[145.0272,-37.8864],[145.02599,-37.88615]],[[145.02725,-37.88674],[145.02704,-37.88634],[145.02599,-37.88619]],[[145.02718,-37.88651],[145.02598,-37.88623]],[[145.02719,-37.88653],[145.02598,-37.88626]],[[145.02701,-37.88598],[145.02593,-37.88583]],[[145.02699,-37.88609],[145.02591,-37.88594]],[[145.02699,-37.88612],[145.0259,-37.88597]],[[145.027,-37.88605],[145.02591,-37.88592]],[[145.02702,-37.88595],[145.02594,-37.88581]],[[145.0263,-37.88611],[145.02588,-37.88606]],[[145.02723,-37.88625],[145.02699,-37.88612]],[[145.02729,-37.88642],[145.02699,-37.88609]],[[145.02721,-37.88621],[145.027,-37.88605]],[[145.02701,-37.88601],[145.02593,-37.88586]],[[145.02726,-37.88616],[145.02701,-37.88598]],[[145.02723,-37.88609],[145.02702,-37.88595]],[[145.03983,-37.87546],[145.03969,-37.87556]],[[145.03997,-37.87542],[145.03983,-37.87546]],[[145.03964,-37.87551],[145.03978,-37.87541]],[[145.03955,-37.87553],[145.03964,-37.87551]],[[145.02224,-37.88543],[145.02225,-37.8856]]],"freeway":[[[145.04103,-37.87521],[145.04202,-37.87534]],[[145.04189,-37.87552],[145.04072,-37.87533]],[[145.03994,-37.87508],[145.03977,-37.87501]],[[145.03971,-37.87475],[145.04005,-37.8749]],[[145.03967,-37.87495],[145.03933,-37.87476]],[[145.04021,-37.87496],[145.04103,-37.87521]],[[145.04072,-37.87533],[145.04014,-37.87516]],[[145.04014,-37.87516],[145.04002,-37.87512]],[[145.04005,-37.8749],[145.04021,-37.87496]],[[145.04002,-37.87512],[145.03994,-37.87508]],[[145.03977,-37.87501],[145.03967,-37.87495]]]}}