{"n":{"rail":[[[145.03698,-37.93323],[145.03709,-37.93282]],[[145.03676,-37.93393],[145.03693,-37.93346]],[[145.03643,-37.93716],[145.03647,-37.93653]],[[145.03545,-37.92573],[145.03548,-37.92734],[145.0371,-37.93141],[145.03698,-37.93323]],[[145.04769,-37.95681],[145.03776,-37.94244],[145.03664,-37.93953],[145.03643,-37.93716]],[[145.03549,-37.92574],[145.03557,-37.92753],[145.03706,-37.93107],[145.03709,-37.93282]],[[145.03647,-37.93555],[145.03676,-37.93393]],[[145.03647,-37.93653],[145.03648,-37.93726]],[[145.03648,-37.93726],[145.03676,-37.93979],[145.03793,-37.94265],[145.04774,-37.95681]],[[145.03676,-37.93393],[145.03704,-37.93134],[145.03542,-37.92735],[145.03533,-37.92571]],[[145.03643,-37.93716],[145.03647,-37.93555]],[[145.03693,-37.93346],[145.03647,-37.93653]],[[145.03698,-37.93323],[145.03693,-37.93346]],[[145.03709,-37.93282],[145.03648,-37.93726]]],"freeway":[[[145.03549,-37.93422],[145.03512,-37.93377]],[[145.03691,-37.93337],[145.03673,-37.93335]],[[145.03634,-37.93331],[145.03592,-37.93326]],[[145.03641,-37.9352],[145.03664,-37.93557]],[[145.03682,-37.93583],[145.03867,-37.93849]],[[145.03515,-37.9331],[145.03485,-37.93305]],[[145.0353,-37.9332],[145.03507,-37.93348]],[[145.03736,-37.93343],[145.03709,-37.9334]],[[145.03507,-37.93349],[145.0355,-37.93396]],[[145.03629,-37.93503],[145.03641,-37.9352]],[[145.03477,-37.93319],[145.03507,-37.93348]],[[145.04316,-37.93415],[145.04144,-37.93393]],[[145.0357,-37.93324],[145.0353,-37.9332]],[[145.03459,-37.93302],[145.0343,-37.93298]],[[145.03446,-37.9329],[145.03459,-37.93302]],[[145.0353,-37.9332],[145.03494,-37.93315]],[[145.03471,-37.93294],[145.03558,-37.93305]],[[145.03469,-37.93312],[145.03477,-37.93319]],[[145.03418,-37.93287],[145.03294,-37.93171]],[[145.03659,-37.93585],[145.03637,-37.93554]],[[145.03669,-37.93563],[145.03677,-37.93575]],[[145.03442,-37.93309],[145.0343,-37.93298]],[[145.03469,-37.93312],[145.03442,-37.93309]],[[145.0323,-37.93101],[145.03248,-37.93091]],[[145.02913,-37.9277],[145.0293,-37.92759]],[[145.0343,-37.93298],[145.03418,-37.93287]],[[145.03418,-37.93287],[145.03446,-37.9329]],[[145.03459,-37.93302],[145.03469,-37.93312]],[[145.03307,-37.93154],[145.03381,-37.93227]],[[145.03637,-37.93554],[145.03615,-37.93521]],[[145.03696,-37.93324],[145.03711,-37.93326]],[[145.04087,-37.94166],[145.04125,-37.94218]],[[145.03687,-37.93624],[145.03674,-37.93606]],[[145.03488,-37.93353],[145.03457,-37.93323]],[[145.03853,-37.93342],[145.03896,-37.93348]],[[145.03446,-37.9329],[145.03471,-37.93294]],[[145.03409,-37.93255],[145.03428,-37.93275]],[[145.0413,-37.94257],[145.04107,-37.94225]],[[145.04169,-37.94313],[145.0413,-37.94257]],[[145.03558,-37.93305],[145.03637,-37.93316]],[[145.0355,-37.93396],[145.03576,-37.93432]],[[145.0361,-37.93512],[145.03597,-37.93493]],[[145.04003,-37.94077],[145.03947,-37.93996]],[[145.03679,-37.93613],[145.03697,-37.93605]],[[145.03423,-37.93253],[145.03451,-37.93279]],[[145.0293,-37.92759],[145.03179,-37.93017]],[[145.02975,-37.92833],[145.02941,-37.92799]],[[145.04125,-37.94218],[145.04218,-37.94349]],[[145.03849,-37.93357],[145.0375,-37.93345]],[[145.03893,-37.93363],[145.03849,-37.93357]],[[145.03826,-37.93339],[145.03853,-37.93342]],[[145.03752,-37.93717],[145.03721,-37.93672]],[[145.03288,-37.93133],[145.03307,-37.93154]],[[145.03261,-37.93134],[145.0323,-37.93101]],[[145.03294,-37.93171],[145.03261,-37.93134]],[[145.03259,-37.93102],[145.03288,-37.93133]],[[145.03248,-37.93091],[145.03259,-37.93102]],[[145.03224,-37.93065],[145.03248,-37.93091]],[[145.03179,-37.93017],[145.03224,-37.93065]],[[145.02941,-37.92799],[145.02913,-37.9277]],[[145.0323,-37.93101],[145.02975,-37.92833]],[[145.02913,-37.9277],[145.02758,-37.92618]],[[145.02909,-37.92737],[145.0293,-37.92759]],[[145.02874,-37.92702],[145.02909,-37.92737]],[[145.0273,-37.92556],[145.02874,-37.92702]],[[145.03507,-37.93348],[145.03507,-37.93349]],[[145.03665,-37.93594],[145.03661,-37.93588]],[[145.03677,-37.93575],[145.03682,-37.93583]],[[145.04074,-37.93369],[145.04165,-37.9338]],[[145.04114,-37.9339],[145.04071,-37.93385]],[[145.04071,-37.93385],[145.04003,-37.93377]],[[145.04144,-37.93393],[145.04114,-37.9339]],[[145.04034,-37.93364],[145.04074,-37.93369]],[[145.04006,-37.93361],[145.04034,-37.93364]],[[145.03896,-37.93348],[145.04006,-37.93361]],[[145.04003,-37.93377],[145.03961,-37.93372]],[[145.03961,-37.93372],[145.03893,-37.93363]],[[145.03804,-37.93337],[145.03826,-37.93339]],[[145.03778,-37.93334],[145.03804,-37.93337]],[[145.03739,-37.93329],[145.03778,-37.93334]],[[145.03677,-37.93321],[145.03696,-37.93324]],[[145.03637,-37.93316],[145.03677,-37.93321]],[[145.03721,-37.93672],[145.03691,-37.93629]],[[145.03512,-37.93377],[145.03488,-37.93353]],[[145.03673,-37.93335],[145.03634,-37.93331]],[[145.03701,-37.93339],[145.03691,-37.93337]],[[145.03592,-37.93326],[145.0357,-37.93324]],[[145.0357,-37.93324],[145.03515,-37.9331]],[[145.03383,-37.93229],[145.03409,-37.93255]],[[145.03381,-37.93227],[145.03383,-37.93229]],[[145.03383,-37.93229],[145.03423,-37.93253]],[[145.03661,-37.93588],[145.03659,-37.93585]],[[145.04064,-37.94132],[145.04087,-37.94166]],[[145.04043,-37.94133],[145.04016,-37.94096]],[[145.03914,-37.93949],[145.03894,-37.93921]],[[145.03888,-37.9388],[145.03911,-37.93913]],[[145.04082,-37.94189],[145.04043,-37.94133]],[[145.04033,-37.94088],[145.04064,-37.94132]],[[145.04107,-37.94225],[145.04082,-37.94189]],[[145.03947,-37.93996],[145.03914,-37.93949]],[[145.03894,-37.93921],[145.03777,-37.93752]],[[145.03867,-37.93849],[145.03888,-37.9388]],[[145.03911,-37.93913],[145.04033,-37.94088]],[[145.03674,-37.93606],[145.03665,-37.93594]],[[145.03664,-37.93557],[145.03669,-37.93563]],[[145.03615,-37.93521],[145.0361,-37.93512]],[[145.03622,-37.93495],[145.03629,-37.93503]],[[145.03457,-37.93323],[145.03442,-37.93309]],[[145.03451,-37.93279],[145.03471,-37.93294]],[[145.03428,-37.93275],[145.03446,-37.9329]],[[145.03494,-37.93315],[145.03469,-37.93312]],[[145.03485,-37.93305],[145.03459,-37.93302]],[[145.03723,-37.93327],[145.03739,-37.93329]],[[145.0375,-37.93345],[145.03736,-37.93343]],[[145.03597,-37.93493],[145.03549,-37.93422]],[[145.03576,-37.93432],[145.03622,-37.93495]],[[145.03691,-37.93629],[145.03687,-37.93624]],[[145.03777,-37.93752],[145.03752,-37.93717]],[[145.04016,-37.94096],[145.04003,-37.94077]],[[145.03709,-37.9334],[145.03701,-37.93339]],[[145.03711,-37.93326],[145.03723,-37.93327]]]}}