{"t":[{"r":"WANDONG ROAD","v":2054,"h":9,"c":[[144.95692,-37.32509],[144.98216,-37.32819],[144.98331,-37.32894],[144.98371,-37.32981],[144.98261,-37.3365]]},{"r":"WANDONG ROAD","v":2116,"h":11,"c":[[144.98261,-37.3365],[144.98371,-37.32981],[144.98331,-37.32894],[144.98216,-37.32819],[144.95692,-37.32509]]}]}