{"t":[{"r":"NORTHERN HIGHWAY","v":6705,"h":9,"c":[[144.97579,-37.38686],[144.97986,-37.4067]]},{"r":"HIGH STREET","v":12854,"h":9,"c":[[144.97986,-37.4067],[144.97579,-37.38686]]}]}