{"t":[{"r":"WANDONG ROAD","v":2054,"h":9,"c":[[144.98371,-37.32981],[144.98261,-37.3365],[144.98353,-37.33798],[144.98716,-37.33886],[144.99836,-37.34542]]},{"r":"WANDONG ROAD","v":2116,"h":11,"c":[[144.99836,-37.34542],[144.98716,-37.33886],[144.98353,-37.33798],[144.98261,-37.3365],[144.98371,-37.32981]]}]}