{"t":[{"r":"HUME FREEWAY","v":15633,"h":14,"c":[[144.9763,-37.45437],[144.97245,-37.46048]]}]}