{"t":[{"r":"HUME FREEWAY","v":28099,"h":12,"c":[[144.98971,-37.61768],[144.98315,-37.60919],[144.98141,-37.60751],[144.97887,-37.60582],[144.97619,-37.60461],[144.97312,-37.60374]]},{"r":"CRAIGIEBURN ROAD","v":6167,"h":12,"c":[[145.03133,-37.60852],[144.99035,-37.60475],[144.9623,-37.60149]]},{"r":"CRAIGIEBURN ROAD","v":7094,"h":9,"c":[[144.9623,-37.60149],[144.99035,-37.60475],[145.03133,-37.60852]]},{"r":"HUME FREEWAY","v":27876,"h":12,"c":[[144.97543,-37.60414],[144.97892,-37.60563],[144.98142,-37.60726],[144.98389,-37.60973],[144.99128,-37.61966]]}]}