{"t":[{"r":"HUME FREEWAY","v":43165,"h":13,"c":[[144.98216,-37.66598],[144.98165,-37.66817],[144.98208,-37.6715],[144.98504,-37.67778],[144.98524,-37.68431]]},{"r":"HUME FREEWAY","v":41184,"h":15,"c":[[144.98468,-37.68573],[144.98503,-37.6835],[144.98497,-37.67862],[144.98444,-37.67667],[144.98182,-37.67147],[144.98146,-37.66998],[144.98146,-37.66777],[144.98194,-37.6659]]}]}