{"t":[{"r":"HUME FREEWAY","v":28099,"h":12,"c":[[144.99362,-37.63261],[144.99386,-37.62849],[144.99345,-37.62553],[144.99253,-37.62264],[144.98971,-37.61768],[144.98315,-37.60919]]},{"r":"HUME FREEWAY","v":27876,"h":12,"c":[[144.98389,-37.60973],[144.99128,-37.61966],[144.99339,-37.6244],[144.99413,-37.62967],[144.99387,-37.63263]]}]}