{"t":[{"r":"MORNINGTON-FLINDERS ROAD","v":573,"h":12,"c":[[144.99152,-38.40748],[144.98894,-38.41364],[144.97766,-38.42711],[144.97324,-38.43037]]},{"r":"MORNINGTON-FLINDERS ROAD","v":532,"h":14,"c":[[144.97324,-38.43037],[144.97766,-38.42711],[144.98894,-38.41364],[144.99152,-38.40748]]}]}