{"t":[{"r":"MORNINGTON PENINSULA FREEWAY","v":17260,"h":8,"c":[[145.00229,-38.32368],[144.99405,-38.3273]]},{"r":"MARINE DRIVE","v":4447,"h":9,"c":[[144.9735,-38.32851],[144.98506,-38.32083],[144.99116,-38.31417],[144.99353,-38.31038],[144.99461,-38.30723],[144.99487,-38.30507]]},{"r":"MORNINGTON PENINSULA FREEWAY","v":17928,"h":8,"c":[[144.99416,-38.32692],[145.00197,-38.3235]]}]}