{"t":[{"r":"ESPLANADE","v":4746,"h":9,"c":[[145.00048,-38.27752],[144.99385,-38.28361],[144.99145,-38.28731],[144.98921,-38.28898],[144.98872,-38.29006]]},{"r":"ESPLANADE","v":4865,"h":9,"c":[[144.98735,-38.29147],[144.9889,-38.28984],[144.98921,-38.28898],[144.99134,-38.28745],[144.99385,-38.28361],[145.0004,-38.27768]]}]}