{"t":[{"r":"MORNINGTON-FLINDERS ROAD","v":573,"h":12,"c":[[144.97766,-38.42711],[144.97324,-38.43037]]},{"r":"MORNINGTON-FLINDERS ROAD","v":573,"h":12,"c":[[144.97289,-38.43471],[144.97574,-38.43805],[144.97729,-38.44364],[144.98026,-38.44804]]},{"r":"MORNINGTON-FLINDERS ROAD","v":532,"h":14,"c":[[144.98026,-38.44804],[144.97729,-38.44364],[144.97574,-38.43805],[144.97289,-38.43471]]},{"r":"MORNINGTON-FLINDERS ROAD","v":532,"h":14,"c":[[144.97324,-38.43037],[144.97766,-38.42711]]}]}