{"t":[{"r":"BONEO ROAD","v":336,"h":7,"c":[[144.97059,-38.48094],[144.97734,-38.48171],[144.98909,-38.47987],[144.99164,-38.47918]]},{"r":"BONEO ROAD","v":340,"h":6,"c":[[144.99164,-38.47918],[144.98909,-38.47987],[144.97734,-38.48171],[144.97059,-38.48094]]}]}