{"t":[{"r":"MORNINGTON-FLINDERS ROAD","v":573,"h":12,"c":[[144.97729,-38.44364],[144.98026,-38.44804],[144.98072,-38.4497],[144.98364,-38.45229],[144.9864,-38.45301],[144.98868,-38.45445],[144.99117,-38.459],[145.00127,-38.47103]]},{"r":"MORNINGTON-FLINDERS ROAD","v":532,"h":14,"c":[[145.00127,-38.47103],[144.99117,-38.459],[144.98868,-38.45445],[144.9864,-38.45301],[144.98364,-38.45229],[144.98072,-38.4497],[144.98026,-38.44804],[144.97729,-38.44364]]}]}