{"t":[{"r":"BONEO ROAD","v":336,"h":7,"c":[[144.98909,-38.47987],[144.99164,-38.47918],[144.99794,-38.47377]]},{"r":"MORNINGTON-FLINDERS ROAD","v":573,"h":12,"c":[[144.99117,-38.459],[145.00127,-38.47103]]},{"r":"BONEO ROAD","v":340,"h":6,"c":[[144.99801,-38.47374],[144.99164,-38.47918],[144.98909,-38.47987]]},{"r":"MORNINGTON-FLINDERS ROAD","v":532,"h":14,"c":[[145.00127,-38.47103],[144.99117,-38.459]]}]}