{"n":{"rail":[[[144.73146,-37.76429],[144.63881,-37.72402],[144.5793,-37.7045]],[[144.57937,-37.70446],[144.63883,-37.72399],[144.73398,-37.76523]]],"freeway":[[[144.63516,-37.7122],[144.64645,-37.72027]],[[144.65704,-37.72695],[144.64595,-37.72042]],[[144.64938,-37.72272],[144.64595,-37.72042]],[[144.64595,-37.72042],[144.64218,-37.71772]]]}}