{"n":{"rail":[[[144.63881,-37.72402],[144.5793,-37.7045]],[[144.57937,-37.70446],[144.63883,-37.72399]]],"freeway":[[[144.63516,-37.7122],[144.64645,-37.72027]],[[144.64218,-37.71772],[144.63505,-37.7126]],[[144.62452,-37.70457],[144.63516,-37.7122]],[[144.62452,-37.70457],[144.6278,-37.70674],[144.62837,-37.70663]],[[144.62933,-37.70741],[144.6296,-37.70802],[144.63226,-37.71012]],[[144.63848,-37.71505],[144.63726,-37.71427],[144.63701,-37.71475]],[[144.6242,-37.70485],[144.62287,-37.7039]],[[144.63505,-37.7126],[144.6242,-37.70485]],[[144.6214,-37.70235],[144.62452,-37.70457]],[[144.63701,-37.71475],[144.63685,-37.71401],[144.63569,-37.71305]],[[144.64595,-37.72042],[144.64218,-37.71772]]]}}