{"n":{"rail":[[[144.65032,-37.90366],[144.61575,-37.91708]],[[144.61579,-37.91712],[144.65035,-37.90371]]],"freeway":[[[144.64013,-37.92599],[144.6374,-37.9274]],[[144.63314,-37.92589],[144.63612,-37.9267],[144.63883,-37.92619]],[[144.63323,-37.92602],[144.63274,-37.92607],[144.63323,-37.92602]],[[144.63353,-37.92631],[144.63473,-37.92743]],[[144.63156,-37.92527],[144.63156,-37.92527]],[[144.63321,-37.92597],[144.63353,-37.92631]],[[144.63274,-37.92607],[144.6315,-37.9254]],[[144.63156,-37.92527],[144.63287,-37.92587]],[[144.63353,-37.92631],[144.63306,-37.92623]],[[144.63162,-37.92495],[144.63155,-37.92526]],[[144.6314,-37.92523],[144.63162,-37.92495]],[[144.64229,-37.91131],[144.64479,-37.90814]],[[144.63867,-37.91589],[144.63517,-37.92033]],[[144.63874,-37.91581],[144.64229,-37.91131]],[[144.63596,-37.92717],[144.64579,-37.92386]],[[144.64179,-37.92543],[144.63624,-37.9273]],[[144.64579,-37.92386],[144.65024,-37.92231]],[[144.64713,-37.92358],[144.64179,-37.92543]],[[144.63867,-37.91589],[144.63874,-37.91581]],[[144.63226,-37.92409],[144.63162,-37.92495]],[[144.63048,-37.92639],[144.63136,-37.92536]],[[144.63517,-37.92033],[144.63226,-37.92409]],[[144.62989,-37.92638],[144.63048,-37.92639]],[[144.62825,-37.92806],[144.62989,-37.92638]]]}}