{"n":{"rail":[[[144.65032,-37.90366],[144.61575,-37.91708]],[[144.61579,-37.91712],[144.65035,-37.90371]]],"freeway":[[[144.64229,-37.91131],[144.64479,-37.90814]],[[144.64479,-37.90814],[144.64671,-37.90596]]]}}