{"t":[{"r":"TRENTHAM FALLS ROAD","v":1524,"h":7,"c":[[144.15596,-37.34104],[144.17646,-37.34355]]},{"r":"TRENTHAM FALLS ROAD","v":1510,"h":7,"c":[[144.17646,-37.34355],[144.15596,-37.34104]]}]}