{"t":[{"r":"GREENDALE-TRENTHAM ROAD","v":346,"h":13,"c":[[144.31872,-37.40058],[144.31586,-37.40544]]},{"r":"BLACKWOOD ROAD","v":338,"h":11,"c":[[144.31586,-37.40544],[144.31872,-37.40058]]}]}