{"t":[{"r":"WESTERN FREEWAY","v":13783,"h":17,"c":[[144.3321,-37.61355],[144.33645,-37.61624],[144.33867,-37.61824]]},{"r":"WESTERN FREEWAY","v":13197,"h":16,"c":[[144.33956,-37.61979],[144.33597,-37.61624],[144.3312,-37.61342]]}]}