{"t":[{"r":"GREENDALE-TRENTHAM ROAD","v":963,"h":7,"c":[[144.31316,-37.59301],[144.31873,-37.59809]]},{"r":"GREENDALE-MYRNIONG ROAD","v":947,"h":7,"c":[[144.31873,-37.59809],[144.31316,-37.59301]]}]}