{"t":[{"r":"GEELONG RING ROAD","v":23585,"h":19,"c":[[144.33853,-38.06454],[144.33728,-38.06664]]},{"r":"ANAKIE ROAD","v":659,"h":11,"c":[[144.30899,-38.04304],[144.33024,-38.07073]]},{"r":"GEELONG RING ROAD","v":22818,"h":9,"c":[[144.33724,-38.06622],[144.33855,-38.06418]]}]}