{"t":[{"r":"SURF COAST HIGHWAY","v":12923,"h":6,"c":[[144.33233,-38.24865],[144.32244,-38.30168]]},{"r":"SURF COAST HIGHWAY","v":12037,"h":8,"c":[[144.32219,-38.30175],[144.33232,-38.24865]]}]}