{"t":[{"r":"GEELONG ROAD","v":10056,"h":5,"c":[[144.31929,-38.31794],[144.31617,-38.3345],[144.31737,-38.33692],[144.31684,-38.33776],[144.31517,-38.33805]]},{"r":"SURF COAST HIGHWAY","v":9283,"h":5,"c":[[144.31517,-38.33805],[144.3165,-38.33771],[144.31714,-38.33693],[144.31606,-38.33515]]},{"r":"SURF COAST HIGHWAY","v":9283,"h":5,"c":[[144.31595,-38.33439],[144.31902,-38.31847]]}]}