{"t":[{"r":"GEELONG ROAD","v":10056,"h":5,"c":[[144.3184,-38.3148],[144.31929,-38.31794],[144.31617,-38.3345]]},{"r":"SURF COAST HIGHWAY","v":12923,"h":6,"c":[[144.32244,-38.30168],[144.31848,-38.31245],[144.31823,-38.31391],[144.3184,-38.3148]]},{"r":"SURF COAST HIGHWAY","v":9283,"h":5,"c":[[144.31595,-38.33439],[144.31902,-38.31847],[144.31895,-38.31692],[144.3182,-38.31482]]},{"r":"SURF COAST HIGHWAY","v":12037,"h":8,"c":[[144.3182,-38.31482],[144.31801,-38.31383],[144.31822,-38.31262],[144.32219,-38.30175]]}]}