{"b":[{"h":6,"g":[[145.757599,-37.409862],[145.757601,-37.409901],[145.757652,-37.4099],[145.75765,-37.40986],[145.757599,-37.409862]]},{"h":6,"g":[[145.757522,-37.410266],[145.757588,-37.410315],[145.757678,-37.41024],[145.757612,-37.41019],[145.757547,-37.410245],[145.757522,-37.410266]]}]}