{"b":[{"h":6,"g":[[145.766407,-37.723803],[145.766438,-37.72384],[145.766502,-37.723807],[145.766472,-37.72377],[145.766407,-37.723803]]},{"h":6,"g":[[145.766553,-37.723883],[145.766597,-37.723956],[145.76665,-37.723936],[145.766606,-37.723862],[145.766553,-37.723883]]}]}