{"b":[{"h":6,"g":[[145.75244,-37.771463],[145.752517,-37.771469],[145.752533,-37.77145],[145.752558,-37.771452],[145.752614,-37.771463],[145.752756,-37.771599],[145.752783,-37.771598],[145.752828,-37.771679],[145.752906,-37.771737],[145.752971,-37.771681],[145.752906,-37.771637],[145.752861,-37.771569],[145.75293,-37.771575],[145.752976,-37.771558],[145.753013,-37.771526],[145.75303,-37.771482],[145.753019,-37.771452],[145.75297,-37.771411],[145.752941,-37.771452],[145.752842,-37.771481],[145.752815,-37.771466],[145.752796,-37.771408],[145.752657,-37.771349],[145.752638,-37.771371],[145.752584,-37.771361],[145.752568,-37.771414],[145.75245,-37.77138],[145.75244,-37.771463]]}]}