{"b":[{"h":6,"g":[[145.763981,-38.341699],[145.764058,-38.341804],[145.764297,-38.341728],[145.764391,-38.341665],[145.764429,-38.341697],[145.764506,-38.341636],[145.764455,-38.341602],[145.764501,-38.341558],[145.764388,-38.341471],[145.76423,-38.341598],[145.763981,-38.341699]]}]}