{"b":[{"h":6,"g":[[145.762528,-38.501617],[145.762735,-38.501827],[145.762819,-38.501777],[145.762732,-38.501689],[145.762764,-38.50167],[145.762667,-38.501572],[145.762629,-38.501594],[145.762606,-38.50157],[145.762528,-38.501617]]},{"h":6,"g":[[145.762816,-38.501287],[145.762876,-38.501387],[145.762953,-38.501358],[145.762893,-38.501259],[145.762816,-38.501287]]}]}