{"t":[{"r":"GRANTS ROAD","v":3717,"h":6,"c":[[145.09493,-37.52694],[145.09869,-37.52716],[145.10132,-37.5249]]},{"r":"GRANTS ROAD","v":3717,"h":6,"c":[[145.09493,-37.52694],[145.09869,-37.52716],[145.10132,-37.5249]]}]}