{"t":[{"r":"GRANTS ROAD","v":3717,"h":6,"c":[[145.09493,-37.52694],[145.09869,-37.52716],[145.10132,-37.5249],[145.10293,-37.52434],[145.10638,-37.52469],[145.10784,-37.52569]]},{"r":"GRANTS ROAD","v":351,"h":6,"c":[[145.08258,-37.52529],[145.09493,-37.52694]]},{"r":"GRANTS ROAD","v":275,"h":6,"c":[[145.08258,-37.52529],[145.09493,-37.52694]]},{"r":"GRANTS ROAD","v":3717,"h":6,"c":[[145.09493,-37.52694],[145.09869,-37.52716],[145.10132,-37.5249],[145.10293,-37.52434],[145.10638,-37.52469],[145.10784,-37.52569]]}]}