{"t":[{"r":"WALLAN-WHITTLESEA ROAD","v":1246,"h":15,"c":[[145.07837,-37.45873],[145.0906,-37.46177],[145.09418,-37.46216],[145.09617,-37.46343],[145.10039,-37.47264],[145.10048,-37.47419],[145.09968,-37.47841]]},{"r":"WALLAN-WHITTLESEA ROAD","v":1414,"h":13,"c":[[145.09968,-37.47841],[145.10048,-37.47419],[145.10039,-37.47264],[145.09617,-37.46343],[145.09418,-37.46216],[145.0906,-37.46177],[145.07837,-37.45873]]}]}