{"t":[{"r":"WALLAN-WHITTLESEA ROAD","v":1246,"h":15,"c":[[145.10048,-37.47419],[145.09968,-37.47841],[145.09954,-37.48135],[145.10093,-37.4879],[145.10218,-37.48988],[145.10589,-37.49302]]},{"r":"WALLAN-WHITTLESEA ROAD","v":1414,"h":13,"c":[[145.10589,-37.49302],[145.10218,-37.48988],[145.10093,-37.4879],[145.09954,-37.48135],[145.09968,-37.47841],[145.10048,-37.47419]]}]}