{"t":[{"r":"DONNYBROOK ROAD","v":3408,"h":12,"c":[[145.03061,-37.54909],[145.10969,-37.55786]]},{"r":"DONNYBROOK ROAD","v":3571,"h":13,"c":[[145.10969,-37.55786],[145.03061,-37.54909]]}]}