{"t":[{"r":"LOWER PLENTY ROAD","v":12747,"h":4,"c":[[145.10686,-37.72998],[145.10863,-37.7297]]},{"r":"LOWER PLENTY ROAD","v":12411,"h":5,"c":[[145.08408,-37.73197],[145.09008,-37.73016],[145.09725,-37.72874],[145.10685,-37.72998]]},{"r":"MAIN ROAD","v":12778,"h":4,"c":[[145.10863,-37.7297],[145.10686,-37.72998]]},{"r":"LOWER PLENTY ROAD","v":12216,"h":4,"c":[[145.10685,-37.72998],[145.09725,-37.72874],[145.09027,-37.7301],[145.08408,-37.73197]]}]}