{"t":[{"r":"PLENTY ROAD","v":4924,"h":5,"c":[[145.10398,-37.57338],[145.10368,-37.58493],[145.10158,-37.59476],[145.10057,-37.59649],[145.09573,-37.60064]]},{"r":"BRIDGE INN ROAD","v":5880,"h":6,"c":[[145.05964,-37.59652],[145.09574,-37.60064]]},{"r":"BRIDGE INN ROAD","v":6025,"h":6,"c":[[145.05964,-37.59652],[145.09574,-37.60064]]},{"r":"PLENTY ROAD","v":4752,"h":10,"c":[[145.09573,-37.60064],[145.10057,-37.59649],[145.10158,-37.59476],[145.10368,-37.58493],[145.10398,-37.57338]]}]}