{"t":[{"r":"PLENTY ROAD","v":16188,"h":7,"c":[[145.09656,-37.63022],[145.0956,-37.63693],[145.09642,-37.64284],[145.09558,-37.64482],[145.09206,-37.64744],[145.08829,-37.65125]]},{"r":"PLENTY ROAD","v":19255,"h":7,"c":[[145.08955,-37.64997],[145.09169,-37.64748],[145.09483,-37.64527],[145.09568,-37.64421],[145.09616,-37.6428],[145.09549,-37.63584],[145.09637,-37.62994]]}]}