{"t":[{"r":"PLENTY ROAD","v":16188,"h":7,"c":[[145.09286,-37.61341],[145.09253,-37.61512],[145.09263,-37.61723],[145.09313,-37.61877],[145.09582,-37.62153],[145.09695,-37.6238],[145.09656,-37.63022],[145.0956,-37.63693]]},{"r":"PLENTY ROAD","v":19255,"h":7,"c":[[145.09549,-37.63584],[145.09637,-37.62994],[145.09671,-37.62388],[145.09588,-37.62196],[145.09294,-37.61874],[145.09242,-37.6166],[145.09273,-37.61379]]}]}