{"t":[{"r":"STATION STREET","v":6852,"h":0,"c":[[145.1001,-38.02349],[145.10903,-38.03856]]},{"r":"NEPEAN HIGHWAY","v":6690,"h":2,"c":[[145.10003,-38.02418],[145.10861,-38.0387]]},{"r":"NEPEAN HIGHWAY","v":10614,"h":2,"c":[[145.10861,-38.0387],[145.10003,-38.02418]]},{"r":"STATION STREET","v":5425,"h":0,"c":[[145.1001,-38.02349],[145.10903,-38.03856]]}]}