{"t":[{"r":"CENTRE DANDENONG ROAD","v":11608,"h":7,"c":[[145.07414,-37.96766],[145.11168,-37.97228]]},{"r":"OLD DANDENONG ROAD","v":8430,"h":10,"c":[[145.10187,-37.96047],[145.10272,-37.96168],[145.10542,-37.96332],[145.10696,-37.96582],[145.10804,-37.96623]]},{"r":"OLD DANDENONG ROAD","v":9215,"h":11,"c":[[145.10804,-37.96623],[145.10696,-37.96582],[145.10542,-37.96332],[145.10272,-37.96168],[145.10192,-37.96059]]},{"r":"CENTRE DANDENONG ROAD","v":12520,"h":7,"c":[[145.11168,-37.97228],[145.07414,-37.96766]]}]}