{"t":[{"r":"NEPEAN HIGHWAY","v":14599,"h":7,"c":[[145.09427,-38.19248],[145.09684,-38.18465],[145.09574,-38.18043],[145.09659,-38.17727],[145.09662,-38.17511],[145.09732,-38.17386],[145.09913,-38.17246],[145.10114,-38.16935],[145.10155,-38.16833]]},{"r":"NEPEAN HIGHWAY","v":10764,"h":7,"c":[[145.10171,-38.16821],[145.101,-38.16984],[145.09939,-38.17234],[145.09742,-38.17401],[145.09695,-38.17489],[145.09684,-38.17702],[145.0959,-38.18032],[145.09707,-38.18393],[145.09704,-38.18468],[145.09446,-38.19249]]},{"r":"HUMPHRIES ROAD","v":2296,"h":6,"c":[[145.10219,-38.16607],[145.10794,-38.17345]]}]}