{"t":[{"r":"MERRICKS BEACH ROAD","v":3717,"h":6,"c":[[145.10395,-38.3845],[145.10013,-38.40115]]},{"r":"FRANKSTON-FLINDERS ROAD","v":1285,"h":8,"c":[[145.08568,-38.3927],[145.08475,-38.39382]]},{"r":"FRANKSTON-FLINDERS ROAD","v":1274,"h":8,"c":[[145.08473,-38.39386],[145.08568,-38.3927]]},{"r":"MERRICKS BEACH ROAD","v":3717,"h":6,"c":[[145.10395,-38.3845],[145.10013,-38.40115]]}]}