{"t":[{"r":"BALNARRING ROAD","v":1744,"h":12,"c":[[145.07601,-38.29383],[145.08583,-38.31246]]},{"r":"BALNARRING ROAD","v":1686,"h":11,"c":[[145.08583,-38.31246],[145.07601,-38.29383]]}]}