{"t":[{"r":"BITTERN-DROMANA ROAD","v":1230,"h":9,"c":[[145.07542,-38.35366],[145.10747,-38.35363]]},{"r":"BALNARRING ROAD","v":1204,"h":5,"c":[[145.09715,-38.33886],[145.10746,-38.35363]]},{"r":"BALNARRING ROAD","v":1116,"h":5,"c":[[145.10746,-38.35363],[145.09715,-38.33886]]},{"r":"BITTERN-DROMANA ROAD","v":1180,"h":11,"c":[[145.10747,-38.35363],[145.07542,-38.35366]]}]}