{"t":[{"r":"STANLEYS ROAD","v":488,"h":6,"c":[[145.07867,-38.37399],[145.11264,-38.37394]]},{"r":"STANLEYS ROAD","v":522,"h":6,"c":[[145.07867,-38.37399],[145.11264,-38.37394]]}]}