{"t":[{"r":"MOUNT MACEDON ROAD","v":80,"h":5,"c":[[144.60644,-37.35772],[144.60646,-37.34934],[144.60602,-37.34846],[144.60476,-37.34766],[144.6027,-37.34545],[144.6046,-37.33549],[144.59735,-37.33577]]},{"r":"MOUNT MACEDON ROAD","v":78,"h":4,"c":[[144.59724,-37.3358],[144.6046,-37.33549],[144.6027,-37.34545],[144.60645,-37.34914],[144.6065,-37.35755]]}]}