{"t":[{"r":"MOUNT MACEDON ROAD","v":80,"h":5,"c":[[144.6018,-37.36795],[144.60412,-37.36772],[144.60559,-37.3669],[144.60653,-37.36716],[144.6079,-37.36823],[144.60888,-37.36828],[144.6083,-37.36707],[144.60859,-37.36571],[144.60747,-37.36625],[144.60554,-37.36428],[144.60371,-37.36409],[144.60188,-37.36319],[144.6041,-37.35994],[144.60644,-37.35772],[144.60646,-37.34934]]},{"r":"MOUNT MACEDON ROAD","v":78,"h":4,"c":[[144.60645,-37.34914],[144.6065,-37.35755],[144.6041,-37.35994],[144.60188,-37.36319],[144.60371,-37.36409],[144.60554,-37.36428],[144.60747,-37.36625],[144.6084,-37.36567],[144.60835,-37.36738],[144.60884,-37.36839],[144.6079,-37.36823],[144.60579,-37.36691],[144.60412,-37.36772],[144.60215,-37.36783],[144.60096,-37.36879]]}]}