{"t":[{"r":"MAIN ROAD","v":2527,"h":7,"c":[[144.63723,-37.47616],[144.60385,-37.47185],[144.60019,-37.47005]]},{"r":"STATION ROAD","v":2584,"h":8,"c":[[144.60007,-37.47],[144.60385,-37.47185],[144.63749,-37.47615]]}]}