{"t":[{"r":"CALDER FREEWAY","v":15608,"h":12,"c":[[144.61066,-37.49834],[144.61862,-37.51435],[144.62013,-37.51613],[144.62533,-37.52065]]},{"r":"CALDER FREEWAY","v":15606,"h":9,"c":[[144.62481,-37.52075],[144.61822,-37.51441],[144.61705,-37.51252],[144.61013,-37.4982]]}]}