{"t":[{"r":"GISBORNE-MELTON ROAD","v":1869,"h":18,"c":[[144.6027,-37.64825],[144.60236,-37.65149],[144.5976,-37.67582]]},{"r":"GISBORNE-MELTON ROAD","v":1818,"h":10,"c":[[144.59788,-37.67485],[144.60264,-37.64997],[144.6027,-37.64825]]}]}