{"t":[{"r":"DIGGERS REST-COIMADAI ROAD","v":1709,"h":16,"c":[[144.61328,-37.61368],[144.64204,-37.62777]]},{"r":"GISBORNE-MELTON ROAD","v":1869,"h":18,"c":[[144.5907,-37.60886],[144.6027,-37.64825]]},{"r":"DIGGERS REST-COIMADAI ROAD","v":1603,"h":14,"c":[[144.64204,-37.62777],[144.61328,-37.61368]]},{"r":"GISBORNE-MELTON ROAD","v":1818,"h":10,"c":[[144.6027,-37.64825],[144.5907,-37.60886]]}]}