{"t":[{"r":"FERRIS ROAD","v":1643,"h":6,"c":[[144.60356,-37.69727],[144.60192,-37.70624]]},{"r":"FERRIS ROAD","v":1616,"h":6,"c":[[144.60356,-37.69727],[144.60192,-37.70624]]},{"r":"WESTERN FREEWAY","v":28727,"h":14,"c":[[144.61659,-37.69892],[144.64677,-37.72045]]},{"r":"WESTERN FREEWAY","v":28727,"h":14,"c":[[144.64732,-37.72123],[144.61524,-37.69843]]}]}