{"t":[{"r":"FAULKNERS ROAD","v":43,"h":0,"c":[[144.62301,-37.79681],[144.62755,-37.76784]]},{"r":"FAULKNERS ROAD","v":37,"h":0,"c":[[144.62301,-37.79681],[144.62755,-37.76784]]},{"r":"MOUNT COTTRELL ROAD","v":444,"h":0,"c":[[144.61226,-37.75168],[144.60846,-37.7743],[144.6066,-37.7825],[144.60473,-37.7947]]},{"r":"MOUNT COTTRELL ROAD","v":497,"h":0,"c":[[144.61226,-37.75168],[144.60846,-37.7743],[144.6066,-37.7825],[144.60473,-37.7947]]}]}