{"t":[{"r":"QUEENSCLIFF ROAD","v":1276,"h":8,"c":[[144.62416,-38.24772],[144.61658,-38.25197],[144.61228,-38.25746]]},{"r":"BELLARINE HIGHWAY","v":3463,"h":9,"c":[[144.57277,-38.24196],[144.60884,-38.26096]]},{"r":"BELLARINE HIGHWAY","v":3467,"h":6,"c":[[144.60884,-38.26096],[144.57277,-38.24196]]},{"r":"QUEENSCLIFF ROAD","v":1320,"h":5,"c":[[144.61216,-38.2576],[144.61658,-38.25197],[144.62416,-38.24772]]}]}