{"t":[{"r":"GEELONG ROAD","v":4947,"h":3,"c":[[144.60001,-38.14327],[144.62657,-38.12759]]},{"r":"PORTARLINGTON ROAD","v":4528,"h":7,"c":[[144.62657,-38.12759],[144.60001,-38.14327]]}]}