{"n":{"rail":[[[144.45985,-37.98767],[144.4184,-38.01816]],[[144.4791,-37.97377],[144.41854,-38.01819]],[[144.47665,-37.97562],[144.41913,-38.01779]]],"freeway":[[[144.43182,-38.02971],[144.46078,-38.01641]],[[144.46253,-38.01588],[144.43783,-38.02732]]]}}