{"t":[{"r":"PLENTY ROAD","v":3803,"h":14,"c":[[145.15519,-37.4946],[145.14128,-37.50253],[145.13725,-37.50612],[145.13493,-37.50936],[145.13364,-37.51016]]},{"r":"WHITTLESEA-YEA ROAD","v":3742,"h":18,"c":[[145.13364,-37.51016],[145.13493,-37.50936],[145.13725,-37.50612],[145.14128,-37.50253],[145.15519,-37.4946]]}]}