{"t":[{"r":"PLENTY ROAD","v":3803,"h":14,"c":[[145.13493,-37.50936],[145.13364,-37.51016],[145.13144,-37.51079],[145.12553,-37.51066]]},{"r":"WHITTLESEA-YEA ROAD","v":3742,"h":18,"c":[[145.12553,-37.51066],[145.13144,-37.51079],[145.13364,-37.51016],[145.13493,-37.50936]]}]}