{"t":[{"r":"BLACK GULLY ROAD","v":3717,"h":6,"c":[[145.1504,-37.64896],[145.15501,-37.64975]]},{"r":"IRONBARK ROAD","v":3033,"h":6,"c":[[145.14772,-37.64751],[145.14759,-37.64917],[145.14626,-37.6516],[145.14643,-37.65346],[145.14573,-37.65486],[145.14539,-37.65929],[145.14464,-37.66098],[145.14505,-37.66452],[145.14686,-37.66492],[145.1472,-37.66595],[145.1478,-37.66646]]},{"r":"BLACK GULLY ROAD","v":3717,"h":6,"c":[[145.1504,-37.64896],[145.15501,-37.64975]]},{"r":"IRONBARK ROAD","v":2874,"h":6,"c":[[145.14772,-37.64751],[145.14759,-37.64917],[145.14626,-37.6516],[145.14643,-37.65346],[145.14573,-37.65486],[145.14539,-37.65929],[145.14464,-37.66098],[145.14505,-37.66452],[145.14686,-37.66492],[145.1472,-37.66595],[145.1478,-37.66646]]}]}