{"t":[{"r":"YAN YEAN ROAD","v":2595,"h":6,"c":[[145.14403,-37.57261],[145.1381,-37.6055]]},{"r":"YAN YEAN ROAD","v":2907,"h":6,"c":[[145.14403,-37.57261],[145.1381,-37.6055]]}]}