{"t":[{"r":"COOLART ROAD","v":3423,"h":9,"c":[[145.1456,-38.30009],[145.1456,-38.33882]]},{"r":"COOLART ROAD","v":3359,"h":9,"c":[[145.1456,-38.33882],[145.1456,-38.30009]]}]}