{"t":[{"r":"HUME FREEWAY","v":25455,"h":14,"c":[[144.94479,-37.54559],[144.94155,-37.56599]]},{"r":"HUME FREEWAY","v":25659,"h":14,"c":[[144.94424,-37.54654],[144.94648,-37.5337]]},{"r":"HUME FREEWAY","v":25659,"h":14,"c":[[144.9412,-37.56597],[144.94424,-37.54654]]},{"r":"HUME FREEWAY","v":24002,"h":17,"c":[[144.94573,-37.53988],[144.94479,-37.54559]]}]}