{"t":[{"r":"HUME FREEWAY","v":36255,"h":12,"c":[[144.94648,-37.5337],[144.95089,-37.505]]},{"r":"HUME FREEWAY","v":22548,"h":19,"c":[[144.95127,-37.50524],[144.94573,-37.53988]]}]}