{"t":[{"r":"HUME FREEWAY","v":36255,"h":12,"c":[[144.94648,-37.5337],[144.95089,-37.505],[144.95238,-37.50205],[144.95612,-37.49864]]},{"r":"HUME FREEWAY","v":22548,"h":19,"c":[[144.95653,-37.49883],[144.95267,-37.50236],[144.95127,-37.50524],[144.94573,-37.53988]]}]}