{"t":[{"r":"HUME HIGHWAY","v":19647,"h":9,"c":[[144.95116,-37.64333],[144.94575,-37.60754]]},{"r":"SYDNEY ROAD","v":18563,"h":9,"c":[[144.94594,-37.60753],[144.95147,-37.64335]]}]}