{"t":[{"r":"MORNINGTON PENINSULA FREEWAY","v":12609,"h":7,"c":[[144.93228,-38.35275],[144.92215,-38.35935]]},{"r":"PURVES ROAD","v":299,"h":6,"c":[[144.95104,-38.35795],[144.95473,-38.3627]]},{"r":"PURVES ROAD","v":325,"h":6,"c":[[144.95104,-38.35795],[144.95473,-38.3627]]}]}