{"t":[{"r":"BROWNS ROAD","v":1082,"h":6,"c":[[144.92926,-38.39673],[144.93258,-38.39794],[144.93662,-38.39782],[144.93889,-38.39848],[144.94944,-38.4004],[144.95237,-38.40189]]},{"r":"PURVES ROAD","v":648,"h":6,"c":[[144.95476,-38.39922],[144.95238,-38.40189]]},{"r":"BROWNS ROAD","v":999,"h":6,"c":[[144.92926,-38.39673],[144.93258,-38.39794],[144.93662,-38.39782],[144.93889,-38.39848],[144.94944,-38.4004],[144.95237,-38.40189]]},{"r":"PURVES ROAD","v":703,"h":6,"c":[[144.95476,-38.39922],[144.95238,-38.40189]]}]}