{"t":[{"r":"POINT NEPEAN ROAD","v":6053,"h":9,"c":[[144.94007,-38.3429],[144.94619,-38.34092],[144.95543,-38.33719]]},{"r":"POINT NEPEAN ROAD","v":7198,"h":9,"c":[[144.95543,-38.33719],[144.94619,-38.34092],[144.94007,-38.3429]]},{"r":"POINT NEPEAN ROAD","v":7198,"h":9,"c":[[144.95543,-38.33719],[144.94619,-38.34092],[144.94007,-38.3429]]},{"r":"MORNINGTON PENINSULA FREEWAY","v":17750,"h":8,"c":[[144.95305,-38.34238],[144.95634,-38.34164]]}]}