{"t":[{"r":"BONEO ROAD","v":336,"h":7,"c":[[144.92976,-38.47506],[144.93234,-38.47711],[144.93267,-38.47684],[144.93246,-38.47629],[144.93294,-38.47608],[144.93479,-38.47779],[144.93651,-38.47723],[144.93839,-38.47805],[144.94336,-38.47806],[144.94622,-38.47681],[144.94696,-38.47709],[144.94793,-38.47812],[144.94818,-38.47919],[144.94873,-38.47961]]},{"r":"BONEO ROAD","v":340,"h":6,"c":[[144.94873,-38.47961],[144.94818,-38.47919],[144.94793,-38.47812],[144.94696,-38.47709],[144.94622,-38.47681],[144.94336,-38.47806],[144.93839,-38.47805],[144.93651,-38.47723],[144.93479,-38.47779],[144.93424,-38.4775],[144.93359,-38.47643],[144.93273,-38.47607],[144.93246,-38.47629],[144.93263,-38.47709],[144.93234,-38.47711],[144.92976,-38.47506]]}]}