{"t":[{"r":"BONEO ROAD","v":336,"h":7,"c":[[144.94818,-38.47919],[144.94873,-38.47961],[144.95036,-38.47953],[144.95407,-38.48024]]},{"r":"BONEO ROAD","v":340,"h":6,"c":[[144.95407,-38.48024],[144.95036,-38.47953],[144.94873,-38.47961],[144.94818,-38.47919]]}]}