{"n":{"rail":[[[145.21761,-37.8186],[145.21636,-37.81868]],[[145.21636,-37.81868],[145.21144,-37.81892],[145.20215,-37.81819]],[[145.20216,-37.81814],[145.21139,-37.81888],[145.21636,-37.81865]],[[145.20202,-37.81813],[145.20216,-37.81814]],[[145.20215,-37.81819],[145.20201,-37.81818]],[[145.21636,-37.81865],[145.21761,-37.81857]],[[145.1952,-37.81771],[145.20202,-37.81813]],[[145.20201,-37.81818],[145.1952,-37.81775]]],"freeway":[[[145.21713,-37.81708],[145.21758,-37.81701]],[[145.21628,-37.81718],[145.21649,-37.81716]],[[145.21698,-37.81728],[145.21675,-37.81731]],[[145.21525,-37.81748],[145.21501,-37.81748]],[[145.20219,-37.80401],[145.20837,-37.8059],[145.21202,-37.80869]],[[145.21177,-37.80883],[145.20788,-37.80593],[145.20159,-37.80403]],[[145.21278,-37.80961],[145.21503,-37.81235]],[[145.21677,-37.81712],[145.21649,-37.81693]],[[145.21278,-37.80961],[145.21454,-37.81139],[145.21563,-37.81185],[145.21959,-37.81073]],[[145.2169,-37.82086],[145.21654,-37.81907]],[[145.21698,-37.81728],[145.21717,-37.8174]],[[145.21628,-37.81718],[145.21649,-37.81693]],[[145.2164,-37.81678],[145.21637,-37.81659]],[[145.21503,-37.81235],[145.21519,-37.81253]],[[145.21703,-37.81717],[145.21688,-37.81726]],[[145.21783,-37.81236],[145.21694,-37.81376],[145.21723,-37.81539]],[[145.21643,-37.81209],[145.21959,-37.81073]],[[145.21554,-37.81341],[145.21501,-37.81259]],[[145.21517,-37.81253],[145.21576,-37.81344]],[[145.21576,-37.81344],[145.21692,-37.81698]],[[145.21591,-37.81343],[145.21666,-37.81462]],[[145.21666,-37.81462],[145.21687,-37.81496]],[[145.21687,-37.81496],[145.21724,-37.81577]],[[145.21453,-37.81254],[145.21339,-37.81075]],[[145.21751,-37.81229],[145.21616,-37.81333],[145.21477,-37.81294]],[[145.21494,-37.81251],[145.21339,-37.81075]],[[145.21477,-37.81294],[145.21453,-37.81254]],[[145.20171,-37.81598],[145.20204,-37.81581]],[[145.20204,-37.81581],[145.20225,-37.81604]],[[145.21695,-37.82129],[145.2169,-37.82086]],[[145.21519,-37.81253],[145.21591,-37.81343]],[[145.21551,-37.81406],[145.21566,-37.81294],[145.21643,-37.81209]],[[145.21777,-37.81236],[145.21673,-37.81381],[145.21693,-37.81578]],[[145.21571,-37.81727],[145.21618,-37.8172]],[[145.21732,-37.82372],[145.2167,-37.81744]],[[145.21724,-37.81577],[145.2173,-37.81681]],[[145.21337,-37.8173],[145.21335,-37.81716]],[[145.21187,-37.817],[145.21335,-37.81716]],[[145.2167,-37.81744],[145.2158,-37.81389]],[[145.21692,-37.81698],[145.21724,-37.81943]],[[145.20541,-37.8165],[145.20105,-37.81604]],[[145.21335,-37.81716],[145.21508,-37.81733]],[[145.21417,-37.81739],[145.21337,-37.8173]],[[145.19471,-37.81614],[145.19884,-37.81567]],[[145.21501,-37.81259],[145.21494,-37.81251]],[[145.2173,-37.81681],[145.21713,-37.81708]],[[145.21622,-37.8161],[145.21551,-37.81406]],[[145.19649,-37.81601],[145.19399,-37.81639]],[[145.20705,-37.81654],[145.20724,-37.81655]],[[145.19645,-37.81588],[145.19649,-37.81601]],[[145.2169,-37.82086],[145.21676,-37.8195]],[[145.21669,-37.81882],[145.21551,-37.81406]],[[145.21688,-37.81726],[145.21675,-37.81731]],[[145.21688,-37.81726],[145.21698,-37.81728]],[[145.21731,-37.81723],[145.21714,-37.81717]],[[145.21713,-37.81708],[145.21703,-37.81717]],[[145.21716,-37.81725],[145.21698,-37.81728]],[[145.21528,-37.81732],[145.21571,-37.81727]],[[145.21501,-37.81748],[145.21417,-37.81739]],[[145.20778,-37.81674],[145.20766,-37.81673]],[[145.21299,-37.81726],[145.21277,-37.81723]],[[145.21649,-37.81693],[145.2164,-37.81678]],[[145.20724,-37.81655],[145.20771,-37.8166]],[[145.21693,-37.81578],[145.21724,-37.81943]],[[145.21503,-37.81235],[145.21517,-37.81253]],[[145.21637,-37.81659],[145.21634,-37.81608]],[[145.21637,-37.81659],[145.21622,-37.8161]],[[145.21717,-37.8174],[145.21731,-37.81752]],[[145.21675,-37.81731],[145.21633,-37.81737]],[[145.21676,-37.8195],[145.21669,-37.81882]],[[145.21732,-37.82372],[145.21699,-37.82155]],[[145.21611,-37.81739],[145.21525,-37.81748]],[[145.21633,-37.81737],[145.21611,-37.81739]],[[145.21634,-37.81775],[145.21611,-37.81739]],[[145.19769,-37.81582],[145.19649,-37.81601]],[[145.20797,-37.81663],[145.21187,-37.817]],[[145.20783,-37.81662],[145.20797,-37.81663]],[[145.20073,-37.81587],[145.20455,-37.81628]],[[145.20827,-37.81679],[145.20778,-37.81674]],[[145.20983,-37.81694],[145.20841,-37.8168]],[[145.21618,-37.8172],[145.21628,-37.81718]],[[145.21337,-37.8173],[145.21299,-37.81726]],[[145.21677,-37.81712],[145.21713,-37.81708]],[[145.21703,-37.81717],[145.21677,-37.81712]],[[145.21339,-37.81075],[145.21253,-37.80975]],[[145.21253,-37.80975],[145.21177,-37.80883]],[[145.2158,-37.81389],[145.21554,-37.81341]],[[145.21634,-37.81608],[145.2158,-37.81389]],[[145.21649,-37.81716],[145.21677,-37.81712]],[[145.21508,-37.81733],[145.21528,-37.81732]],[[145.21649,-37.81716],[145.21688,-37.81726]],[[145.21723,-37.81539],[145.21724,-37.81577]],[[145.21654,-37.81907],[145.21634,-37.81775]],[[145.21714,-37.81717],[145.21703,-37.81717]],[[145.2128,-37.8171],[145.21277,-37.81723]],[[145.21277,-37.81723],[145.20983,-37.81694]],[[145.21277,-37.81723],[145.21277,-37.81733]],[[145.21202,-37.80869],[145.21278,-37.80961]],[[145.21731,-37.81723],[145.21716,-37.81725]],[[145.20771,-37.8166],[145.20783,-37.81662]],[[145.21724,-37.81943],[145.21747,-37.82116]],[[145.20455,-37.81628],[145.20705,-37.81654]],[[145.20766,-37.81673],[145.20541,-37.8165]],[[145.19884,-37.81567],[145.20073,-37.81587]],[[145.20105,-37.81604],[145.19769,-37.81582]],[[145.20841,-37.8168],[145.20827,-37.81679]],[[145.21699,-37.82155],[145.21695,-37.82129]]]}}