{"n":{"rail":[[[145.21432,-37.99287],[145.21512,-37.9941]],[[145.19657,-37.9815],[145.20665,-37.9885],[145.20864,-37.98947]],[[145.21175,-37.99091],[145.21201,-37.99103]],[[145.21405,-37.99247],[145.21432,-37.99287]],[[145.21169,-37.99099],[145.21127,-37.99083]],[[145.21193,-37.99108],[145.2124,-37.99125]],[[145.21116,-37.99064],[145.21155,-37.99085]],[[145.20816,-37.98929],[145.20864,-37.98947]],[[145.20921,-37.98974],[145.20203,-37.98511]],[[145.20877,-37.98948],[145.20505,-37.98729]],[[145.20482,-37.98734],[145.20226,-37.98567]],[[145.2023,-37.98564],[145.20437,-37.98708]],[[145.21201,-37.99103],[145.21344,-37.9918]],[[145.21173,-37.99094],[145.21155,-37.99085]],[[145.21192,-37.99108],[145.21169,-37.99099]],[[145.21197,-37.99105],[145.21173,-37.99094]],[[145.21428,-37.99289],[145.21401,-37.99248]],[[145.21423,-37.9929],[145.21397,-37.9925]],[[145.21761,-37.99763],[145.21423,-37.9929]],[[145.21515,-37.99423],[145.21554,-37.9949]],[[145.19643,-37.9814],[145.19657,-37.9815]],[[145.19653,-37.98151],[145.19641,-37.98143]],[[145.19641,-37.98143],[145.19246,-37.97875]],[[145.21323,-37.99176],[145.21192,-37.99108]],[[145.2086,-37.9896],[145.20224,-37.98548]],[[145.20737,-37.98889],[145.20792,-37.98918]],[[145.21116,-37.99064],[145.21175,-37.99091]],[[145.20864,-37.98947],[145.21116,-37.99064]],[[145.21155,-37.99085],[145.20673,-37.98859],[145.20224,-37.98548]],[[145.21335,-37.99178],[145.21197,-37.99105]],[[145.21127,-37.99083],[145.2086,-37.9896]],[[145.21197,-37.99105],[145.21241,-37.99121]],[[145.21746,-37.9974],[145.21428,-37.99289]],[[145.20224,-37.98548],[145.19653,-37.98151]],[[145.21512,-37.9941],[145.21757,-37.99745]],[[145.21183,-37.99104],[145.21193,-37.99108]],[[145.21194,-37.99103],[145.21197,-37.99105]],[[145.20781,-37.98923],[145.21047,-37.99057]],[[145.20579,-37.98795],[145.20524,-37.98763]],[[145.21368,-37.99201],[145.21405,-37.99247]],[[145.21344,-37.9918],[145.21368,-37.99201]],[[145.21401,-37.99248],[145.21361,-37.992]],[[145.21361,-37.992],[145.21335,-37.99178]],[[145.21397,-37.9925],[145.21353,-37.99199]],[[145.21353,-37.99199],[145.21323,-37.99176]],[[145.19317,-37.97913],[145.19643,-37.9814]]],"freeway":[[[145.21456,-37.99012],[145.21454,-37.98996]],[[145.21444,-37.98811],[145.21463,-37.98986]],[[145.21747,-37.99466],[145.21717,-37.99478]],[[145.21568,-37.99006],[145.21524,-37.99009]],[[145.2168,-37.9937],[145.21747,-37.99466]],[[145.2159,-37.99232],[145.21605,-37.99257]],[[145.21588,-37.99266],[145.21571,-37.99235]],[[145.21571,-37.99235],[145.21544,-37.99186]],[[145.21503,-37.9907],[145.2159,-37.99232]],[[145.21504,-37.99106],[145.2149,-37.9908]],[[145.21798,-37.99601],[145.21717,-37.99478]],[[145.21632,-37.99348],[145.21598,-37.99284]],[[145.21618,-37.99276],[145.21598,-37.99284]],[[145.2141,-37.98485],[145.21414,-37.98505]],[[145.2139,-37.98476],[145.213,-37.98381]],[[145.2139,-37.98476],[145.21407,-37.98476]],[[145.21414,-37.98505],[145.21432,-37.98695]],[[145.21435,-37.98812],[145.21425,-37.98716]],[[145.21435,-37.98716],[145.21444,-37.98811]],[[145.21425,-37.98716],[145.21414,-37.98611]],[[145.2107,-37.98148],[145.2112,-37.98191]],[[145.20752,-37.97886],[145.20696,-37.97837]],[[145.212,-37.98263],[145.21278,-37.98334]],[[145.21189,-37.98253],[145.21191,-37.98284]],[[145.21191,-37.98284],[145.21137,-37.98233]],[[145.21474,-37.99011],[145.21512,-37.9901]],[[145.2141,-37.98485],[145.21394,-37.98484]],[[145.21407,-37.98476],[145.2141,-37.98485]],[[145.21394,-37.98484],[145.2139,-37.98476]],[[145.21137,-37.98233],[145.20752,-37.97886]],[[145.21354,-37.98405],[145.21407,-37.98476]],[[145.21484,-37.99031],[145.21503,-37.9907]],[[145.21618,-37.99276],[145.21642,-37.99312]],[[145.20752,-37.97886],[145.20766,-37.97876]],[[145.21544,-37.99186],[145.21504,-37.99106]],[[145.2149,-37.9908],[145.21468,-37.9904]],[[145.21278,-37.98334],[145.21354,-37.98405]],[[145.21605,-37.99257],[145.21618,-37.99275]],[[145.21219,-37.98308],[145.21191,-37.98284]],[[145.2112,-37.98191],[145.212,-37.98263]],[[145.21598,-37.99284],[145.21595,-37.99278]],[[145.21595,-37.99278],[145.21588,-37.99266]],[[145.2131,-37.98363],[145.213,-37.98381]],[[145.21213,-37.98303],[145.21225,-37.98286]],[[145.21642,-37.99312],[145.2168,-37.9937]],[[145.21618,-37.99275],[145.21618,-37.99276]],[[145.21717,-37.99478],[145.21686,-37.99431]],[[145.21048,-37.9813],[145.2107,-37.98148]],[[145.20766,-37.97876],[145.21048,-37.9813]],[[145.21293,-37.98375],[145.21219,-37.98308]],[[145.21432,-37.98695],[145.21435,-37.98716]],[[145.213,-37.98381],[145.21293,-37.98375]],[[145.2161,-37.98978],[145.21568,-37.99006]],[[145.21545,-37.99002],[145.2161,-37.98978]],[[145.21456,-37.99012],[145.21474,-37.99011]],[[145.21524,-37.99009],[145.21545,-37.99002]],[[145.21474,-37.99011],[145.21484,-37.99031]],[[145.21512,-37.9901],[145.21484,-37.99031]],[[145.2161,-37.98978],[145.21687,-37.98933]],[[145.21467,-37.99038],[145.2146,-37.99022]],[[145.21468,-37.9904],[145.21467,-37.99038]],[[145.21463,-37.98986],[145.21466,-37.98996]],[[145.21453,-37.98987],[145.21435,-37.98812]],[[145.21512,-37.9901],[145.21524,-37.99009]],[[145.21687,-37.98933],[145.2178,-37.98878]],[[145.21686,-37.99431],[145.21632,-37.99348]],[[145.21414,-37.98611],[145.21406,-37.98544]],[[145.21406,-37.98544],[145.21394,-37.98484]],[[145.21454,-37.98996],[145.21453,-37.98987]],[[145.2146,-37.99022],[145.21456,-37.99012]],[[145.21466,-37.98996],[145.21474,-37.99011]],[[145.21595,-37.99278],[145.21618,-37.99275]]]}}