{"n":{"rail":[[[145.19641,-37.98143],[145.19246,-37.97875]]],"freeway":[[[145.20692,-37.9781],[145.20696,-37.97837]],[[145.20194,-37.95737],[145.1973,-37.96335]],[[145.19482,-37.96587],[145.19545,-37.96489]],[[145.1973,-37.96291],[145.2006,-37.95893]],[[145.2035,-37.9753],[145.20365,-37.97515]],[[145.19562,-37.96741],[145.19569,-37.96791]],[[145.19633,-37.96501],[145.19562,-37.96741]],[[145.19576,-37.96844],[145.19529,-37.96842]],[[145.1966,-37.96882],[145.1967,-37.9689]],[[145.19638,-37.96894],[145.19576,-37.96844]],[[145.20692,-37.9781],[145.20766,-37.97876]],[[145.2035,-37.9753],[145.19912,-37.9713]],[[145.20752,-37.97886],[145.20696,-37.97837]],[[145.19659,-37.96911],[145.19651,-37.96904]],[[145.19545,-37.96489],[145.1973,-37.96291]],[[145.20752,-37.97886],[145.20766,-37.97876]],[[145.19927,-37.97119],[145.20324,-37.97478]],[[145.19435,-37.96669],[145.19537,-37.9676]],[[145.19548,-37.96771],[145.19537,-37.96808]],[[145.19537,-37.96808],[145.19514,-37.96788]],[[145.19548,-37.96771],[145.19569,-37.96791]],[[145.20696,-37.97837],[145.20381,-37.97558]],[[145.19682,-37.96901],[145.1969,-37.96909]],[[145.19751,-37.96985],[145.19659,-37.96911]],[[145.19537,-37.9676],[145.19548,-37.96771]],[[145.19635,-37.96857],[145.1966,-37.96882]],[[145.20381,-37.97558],[145.2035,-37.9753]],[[145.20371,-37.9752],[145.20625,-37.9775]],[[145.1973,-37.96335],[145.19633,-37.96501]],[[145.19562,-37.96741],[145.19548,-37.96771]],[[145.19537,-37.96808],[145.19529,-37.96842]],[[145.19569,-37.96791],[145.19635,-37.96857]],[[145.19576,-37.96844],[145.19537,-37.96808]],[[145.1967,-37.9689],[145.19682,-37.96901]],[[145.20324,-37.97478],[145.20326,-37.9748]],[[145.20326,-37.9748],[145.20365,-37.97515]],[[145.19912,-37.9713],[145.19751,-37.96985]],[[145.20766,-37.97876],[145.21048,-37.9813]],[[145.20365,-37.97515],[145.20371,-37.9752]],[[145.20371,-37.9752],[145.2035,-37.9753]],[[145.20625,-37.9775],[145.20692,-37.9781]],[[145.19651,-37.96904],[145.19638,-37.96894]],[[145.1969,-37.96909],[145.19927,-37.97119]],[[145.19491,-37.96691],[145.1958,-37.96492],[145.1973,-37.96291]],[[145.1973,-37.96335],[145.19513,-37.96712]]]}}