{"n":{"rail":[[[145.21761,-37.99763],[145.21423,-37.9929]],[[145.21746,-37.9974],[145.21428,-37.99289]],[[145.21512,-37.9941],[145.21757,-37.99745]]],"freeway":[[[145.21673,-38.00394],[145.2172,-38.00387]],[[145.21726,-38.00456],[145.21704,-38.0042]],[[145.21445,-38.00394],[145.20847,-38.00319]],[[145.21712,-38.00533],[145.21726,-38.00456]],[[145.21582,-38.0128],[145.21551,-38.01433]],[[145.21653,-38.00824],[145.21676,-38.00828]],[[145.19411,-38.00147],[145.20724,-38.00283]],[[145.20519,-38.00283],[145.19365,-38.0016]],[[145.21729,-38.00423],[145.21704,-38.0042]],[[145.21681,-38.00681],[145.21697,-38.00607]],[[145.21582,-38.0128],[145.21561,-38.01277]],[[145.2162,-38.01101],[145.21597,-38.01097]],[[145.21647,-38.00965],[145.21624,-38.00962]],[[145.20784,-38.00342],[145.20762,-38.00309]],[[145.20806,-38.00243],[145.20825,-38.00296]],[[145.20795,-38.00292],[145.20825,-38.00296]],[[145.20791,-38.00312],[145.20762,-38.00309]],[[145.20724,-38.00283],[145.20795,-38.00292]],[[145.21673,-38.00394],[145.21732,-38.00401]],[[145.20847,-38.00319],[145.20791,-38.00312]],[[145.21581,-38.00409],[145.21445,-38.00394]],[[145.21704,-38.0042],[145.21581,-38.00409]],[[145.21697,-38.00607],[145.21712,-38.00533]],[[145.21561,-38.01277],[145.21681,-38.00681]],[[145.21726,-38.00456],[145.21729,-38.00423]],[[145.21371,-38.00365],[145.21467,-38.00375]],[[145.21467,-38.00375],[145.21673,-38.00394]],[[145.2162,-38.01101],[145.21582,-38.0128]],[[145.21738,-38.00532],[145.2162,-38.01101]],[[145.21528,-38.01438],[145.21561,-38.01277]],[[145.2172,-38.00387],[145.21735,-38.00378]],[[145.20825,-38.00296],[145.21371,-38.00365]],[[145.20762,-38.00309],[145.20519,-38.00283]]]}}