{"t":[{"r":"KYNETON-TRENTHAM ROAD","v":790,"h":6,"c":[[144.33858,-37.38738],[144.33777,-37.38791]]},{"r":"KYNETON-TRENTHAM ROAD","v":814,"h":6,"c":[[144.33777,-37.38791],[144.33858,-37.38738]]}]}