{"t":[{"r":"WESTERN FREEWAY","v":13783,"h":17,"c":[[144.33645,-37.61624],[144.33867,-37.61824],[144.34034,-37.62026],[144.34484,-37.62742],[144.34653,-37.62954],[144.34967,-37.63171]]},{"r":"WESTERN FREEWAY","v":13197,"h":16,"c":[[144.34957,-37.63196],[144.34641,-37.62984],[144.34442,-37.62747],[144.33956,-37.61979],[144.33597,-37.61624]]}]}