{"t":[{"r":"WESTERN FREEWAY","v":13376,"h":16,"c":[[144.35365,-37.63316],[144.36078,-37.63546]]},{"r":"WESTERN FREEWAY","v":13783,"h":17,"c":[[144.34653,-37.62954],[144.34967,-37.63171],[144.35365,-37.63316]]},{"r":"WESTERN FREEWAY","v":12970,"h":17,"c":[[144.36044,-37.63566],[144.35538,-37.63398]]},{"r":"WESTERN FREEWAY","v":13197,"h":16,"c":[[144.35538,-37.63398],[144.34957,-37.63196],[144.34641,-37.62984]]}]}