{"t":[{"r":"GEELONG-BACCHUS MARSH ROAD","v":6304,"h":9,"c":[[144.35202,-37.95602],[144.34651,-37.98814]]},{"r":"GEELONG-BACCHUS MARSH ROAD","v":6414,"h":6,"c":[[144.34654,-37.98755],[144.35202,-37.95602]]}]}