{"t":[{"r":"LOWER DUNEED ROAD","v":2648,"h":4,"c":[[144.33233,-38.24865],[144.35078,-38.25055],[144.39078,-38.25533]]},{"r":"SURF COAST HIGHWAY","v":15873,"h":6,"c":[[144.34098,-38.20312],[144.33233,-38.24865]]},{"r":"SURF COAST HIGHWAY","v":12703,"h":10,"c":[[144.33232,-38.24865],[144.34084,-38.20311]]},{"r":"LOWER DUNEED ROAD","v":2339,"h":13,"c":[[144.39078,-38.25533],[144.35078,-38.25055],[144.33233,-38.24865]]}]}