{"n":{"tram":[[[145.13353,-37.85209],[145.13322,-37.85209]],[[145.11009,-37.84949],[145.13433,-37.85217],[145.14082,-37.85121],[145.18121,-37.8563]],[[145.18147,-37.85637],[145.14081,-37.85125],[145.13433,-37.85221],[145.11009,-37.84953]]],"freeway":[[[145.13234,-37.85187],[145.13246,-37.85188]],[[145.15121,-37.85266],[145.14845,-37.85227]],[[145.132,-37.85184],[145.1324,-37.85158]],[[145.13278,-37.85216],[145.13238,-37.85239]],[[145.13678,-37.85172],[145.13714,-37.85185]],[[145.13746,-37.85177],[145.13714,-37.85171]],[[145.14425,-37.85151],[145.14502,-37.85184]],[[145.15098,-37.85236],[145.15156,-37.85243]],[[145.1325,-37.85168],[145.13265,-37.8519]],[[145.14456,-37.85178],[145.14287,-37.85157]],[[145.13066,-37.85174],[145.13062,-37.85192]],[[145.14279,-37.85132],[145.14425,-37.85151]],[[145.14287,-37.85157],[145.13945,-37.85133],[145.13611,-37.85214]],[[145.13821,-37.85136],[145.14021,-37.85109],[145.14279,-37.85132]],[[145.1323,-37.85211],[145.13062,-37.85192]],[[145.12177,-37.8507],[145.13066,-37.85174]],[[145.13243,-37.85212],[145.1323,-37.85211]],[[145.132,-37.85184],[145.13234,-37.85187]],[[145.13278,-37.85216],[145.13243,-37.85212]],[[145.14934,-37.85216],[145.15098,-37.85236]],[[145.14895,-37.85211],[145.14934,-37.85216]],[[145.14425,-37.85151],[145.14639,-37.8518]],[[145.15169,-37.85272],[145.15121,-37.85266]],[[145.13442,-37.85232],[145.13278,-37.85216]],[[145.13062,-37.85192],[145.11993,-37.8507]],[[145.13265,-37.8519],[145.13352,-37.852]],[[145.13246,-37.85188],[145.13265,-37.8519]],[[145.13066,-37.85174],[145.132,-37.85184]],[[145.1449,-37.85183],[145.14456,-37.85178]],[[145.13352,-37.852],[145.1343,-37.85207]],[[145.1343,-37.85207],[145.13525,-37.85205]],[[145.13554,-37.85227],[145.13487,-37.85232]],[[145.13487,-37.85232],[145.13442,-37.85232]],[[145.13611,-37.85214],[145.13554,-37.85227]],[[145.13714,-37.85171],[145.13712,-37.85163]],[[145.14639,-37.8518],[145.14895,-37.85211]],[[145.13525,-37.85205],[145.13821,-37.85136]],[[145.14845,-37.85227],[145.1449,-37.85183]],[[145.14874,-37.85208],[145.14873,-37.85231]]]}}