{"n":{"rail":[[[145.14819,-37.8761],[145.15101,-37.87645],[145.16007,-37.8789]],[[145.1228,-37.8753],[145.13971,-37.87522],[145.14744,-37.87604]],[[145.15155,-37.87664],[145.14817,-37.87617]],[[145.14744,-37.87604],[145.14819,-37.8761]],[[145.14817,-37.87617],[145.14745,-37.87609]],[[145.14745,-37.87609],[145.1396,-37.87526],[145.12279,-37.87533]]],"freeway":[[[145.12972,-37.89229],[145.13062,-37.8916]],[[145.1307,-37.89183],[145.13154,-37.89251]],[[145.1244,-37.89204],[145.13015,-37.89265]],[[145.12766,-37.89219],[145.12972,-37.89229]]]}}