{"n":{"rail":[[[145.14285,-37.94094],[145.14365,-37.94175]],[[145.14415,-37.94224],[145.1428,-37.94078]],[[145.14431,-37.94239],[145.14346,-37.94116],[145.14116,-37.93942]],[[145.14442,-37.94251],[145.14358,-37.94112],[145.14125,-37.93934]],[[145.14128,-37.93932],[145.14371,-37.94118],[145.1443,-37.94234]],[[145.14513,-37.94309],[145.1442,-37.94189],[145.14431,-37.93863],[145.14328,-37.93778],[145.14127,-37.93749]],[[145.14328,-37.93778],[145.14449,-37.93883],[145.14422,-37.941]],[[145.14465,-37.94272],[145.14336,-37.94161]],[[145.14382,-37.94193],[145.1428,-37.94098]],[[145.13901,-37.93864],[145.1395,-37.93897]],[[145.13986,-37.93923],[145.1403,-37.93952]],[[145.1438,-37.94152],[145.1412,-37.93939]],[[145.14495,-37.94301],[145.14951,-37.94643]],[[145.14513,-37.94309],[145.14076,-37.93985]],[[145.13309,-37.93412],[145.15051,-37.94718]],[[145.15262,-37.94871],[145.13338,-37.93439]],[[145.12897,-37.93094],[145.13309,-37.93412]],[[145.1395,-37.93897],[145.15051,-37.94718]],[[145.13425,-37.935],[145.13338,-37.93439]],[[145.144,-37.94197],[145.1438,-37.94152]],[[145.14538,-37.94327],[145.14513,-37.94309]],[[145.13338,-37.93439],[145.12894,-37.93096]],[[145.13309,-37.93412],[145.13425,-37.935]],[[145.13425,-37.935],[145.1389,-37.93852]],[[145.14642,-37.94412],[145.14722,-37.94478]],[[145.14564,-37.94347],[145.14602,-37.94382]],[[145.14202,-37.9404],[145.1413,-37.93985]],[[145.14135,-37.9398],[145.14208,-37.94035]],[[145.1428,-37.94098],[145.14202,-37.9404]],[[145.14208,-37.94035],[145.14285,-37.94094]],[[145.14336,-37.94161],[145.14232,-37.94082]],[[145.1389,-37.93852],[145.1395,-37.93897]]],"freeway":[[[145.15324,-37.93086],[145.14543,-37.92595]],[[145.14898,-37.92799],[145.14887,-37.92811]],[[145.14547,-37.92578],[145.15198,-37.92988]]]}}