{"n":{"rail":[[[145.14495,-37.94301],[145.14951,-37.94643]],[[145.13309,-37.93412],[145.15051,-37.94718]],[[145.15077,-37.94736],[145.15123,-37.94773]],[[145.15262,-37.94871],[145.13338,-37.93439]],[[145.15051,-37.94718],[145.15265,-37.94869]],[[145.1395,-37.93897],[145.15051,-37.94718]],[[145.14642,-37.94412],[145.14722,-37.94478]]],"freeway":[[[145.15031,-37.96194],[145.15047,-37.96137]],[[145.15062,-37.96138],[145.15054,-37.96172]],[[145.15125,-37.95721],[145.15139,-37.95647]],[[145.15139,-37.95734],[145.15112,-37.95878]],[[145.15123,-37.95732],[145.15125,-37.95721]],[[145.15107,-37.95815],[145.15116,-37.95768]],[[145.15116,-37.95768],[145.15121,-37.95742]],[[145.15089,-37.95913],[145.15107,-37.95815]],[[145.15109,-37.95895],[145.15102,-37.95933]],[[145.15102,-37.95933],[145.15099,-37.9595]],[[145.15083,-37.95948],[145.15086,-37.95931]],[[145.15099,-37.9595],[145.15088,-37.96005]],[[145.15082,-37.96036],[145.15074,-37.96082]],[[145.15088,-37.96005],[145.15082,-37.96036]],[[145.15073,-37.95999],[145.15083,-37.95948]],[[145.15047,-37.96137],[145.15073,-37.95999]],[[145.15074,-37.96082],[145.15062,-37.96138]],[[145.15121,-37.95742],[145.15123,-37.95732]],[[145.15112,-37.95878],[145.15109,-37.95895]],[[145.15086,-37.95931],[145.15089,-37.95913]]]}}