{"n":{"rail":[[[145.1274,-38.13999],[145.13092,-38.13173]],[[145.13092,-38.13173],[145.13248,-38.12816]],[[145.13262,-38.1282],[145.13107,-38.13177]],[[145.13527,-38.1162],[145.13618,-38.11852],[145.13585,-38.12066],[145.13262,-38.1282]],[[145.13248,-38.12816],[145.13588,-38.12044],[145.13614,-38.11857],[145.13535,-38.11637]],[[145.13107,-38.13177],[145.12735,-38.14021]],[[145.13376,-38.12535],[145.13409,-38.12469]],[[145.13637,-38.11806],[145.13665,-38.11404]],[[145.13646,-38.1178],[145.13681,-38.11403]],[[145.13639,-38.11788],[145.13676,-38.11403]],[[145.13634,-38.11817],[145.13688,-38.11404]],[[145.13634,-38.11828],[145.13695,-38.11405]],[[145.13647,-38.11789],[145.137,-38.11405]],[[145.13667,-38.11752],[145.13708,-38.11405]],[[145.13632,-38.1185],[145.13606,-38.12037]],[[145.13634,-38.11828],[145.13631,-38.11708]],[[145.13606,-38.12037],[145.13436,-38.12407]],[[145.13634,-38.11828],[145.13632,-38.1185]],[[145.13646,-38.11754],[145.1367,-38.11403]],[[145.13574,-38.1166],[145.13627,-38.11798]],[[145.13597,-38.12058],[145.13627,-38.11798]],[[145.13627,-38.11819],[145.13635,-38.11771]],[[145.13636,-38.11757],[145.13638,-38.11694]]],"freeway":[[[145.13329,-38.12889],[145.13359,-38.12868]],[[145.13408,-38.12854],[145.13418,-38.12872]],[[145.13529,-38.1311],[145.13541,-38.13139]],[[145.1355,-38.13098],[145.13529,-38.1311]],[[145.13353,-38.12914],[145.13336,-38.12859]],[[145.13522,-38.12277],[145.13709,-38.11825],[145.13758,-38.11348]],[[145.13352,-38.12855],[145.13367,-38.1291]],[[145.134,-38.12841],[145.13408,-38.12854]],[[145.13447,-38.12829],[145.13418,-38.12872]],[[145.13377,-38.1279],[145.13452,-38.12806]],[[145.13514,-38.12765],[145.14361,-38.12194]],[[145.14663,-38.12006],[145.14371,-38.12202]],[[145.13646,-38.14379],[145.13661,-38.13442],[145.13546,-38.132]],[[145.1363,-38.12074],[145.13394,-38.12655]],[[145.13541,-38.13139],[145.13653,-38.13325],[145.13679,-38.13473]],[[145.13302,-38.12906],[145.13279,-38.12818]],[[145.13546,-38.132],[145.1341,-38.13051]],[[145.13447,-38.12829],[145.13408,-38.12854]],[[145.13372,-38.12749],[145.13374,-38.12776]],[[145.13261,-38.12935],[145.13279,-38.12818]],[[145.13324,-38.12943],[145.13289,-38.12934]],[[145.1503,-38.11741],[145.15475,-38.1144]],[[145.14891,-38.11851],[145.14823,-38.11897]],[[145.14678,-38.11979],[145.14842,-38.11869]],[[145.14361,-38.12194],[145.14594,-38.12036]],[[145.14371,-38.12202],[145.13779,-38.12605]],[[145.1363,-38.12074],[145.13364,-38.12681],[145.13352,-38.12855]],[[145.13503,-38.13031],[145.13522,-38.13088]],[[145.13293,-38.12774],[145.13522,-38.12277]],[[145.1375,-38.11663],[145.1363,-38.12074]],[[145.13779,-38.12605],[145.1353,-38.12772]],[[145.13418,-38.12872],[145.13446,-38.1292]],[[145.13324,-38.12943],[145.13311,-38.1292]],[[145.13366,-38.12883],[145.13311,-38.1292]],[[145.13522,-38.13088],[145.13529,-38.1311]],[[145.1353,-38.12772],[145.13512,-38.12785]],[[145.135,-38.12775],[145.13514,-38.12765]],[[145.13352,-38.12989],[145.1333,-38.12953]],[[145.13452,-38.12806],[145.135,-38.12775]],[[145.13377,-38.1279],[145.134,-38.12841]],[[145.13279,-38.12818],[145.13289,-38.12785]],[[145.134,-38.12841],[145.13452,-38.12806]],[[145.13394,-38.12655],[145.13372,-38.1274]],[[145.13359,-38.12868],[145.13393,-38.12846]],[[145.13446,-38.1292],[145.13463,-38.12955]],[[145.13311,-38.1292],[145.13302,-38.12906]],[[145.13302,-38.12906],[145.13329,-38.12889]],[[145.15009,-38.11756],[145.1503,-38.11741]],[[145.14995,-38.11765],[145.15009,-38.11756]],[[145.15055,-38.1174],[145.1504,-38.1175]],[[145.15096,-38.11712],[145.15055,-38.1174]],[[145.1504,-38.1175],[145.14975,-38.11794]],[[145.14982,-38.11773],[145.14995,-38.11765]],[[145.14906,-38.11825],[145.14982,-38.11773]],[[145.14975,-38.11794],[145.14959,-38.11805]],[[145.14959,-38.11805],[145.14933,-38.11823]],[[145.14869,-38.11851],[145.14896,-38.11832]],[[145.14842,-38.11869],[145.14869,-38.11851]],[[145.14933,-38.11823],[145.14904,-38.11841]],[[145.14823,-38.11897],[145.1477,-38.11933]],[[145.14904,-38.11841],[145.14891,-38.11851]],[[145.1477,-38.11933],[145.14705,-38.11977]],[[145.14594,-38.12036],[145.14604,-38.12029]],[[145.14604,-38.12029],[145.14629,-38.12012]],[[145.14653,-38.11996],[145.14662,-38.1199]],[[145.14629,-38.12012],[145.14653,-38.11996]],[[145.14662,-38.1199],[145.14678,-38.11979]],[[145.14705,-38.11977],[145.14672,-38.11999]],[[145.14672,-38.11999],[145.14663,-38.12006]],[[145.13463,-38.12955],[145.13503,-38.13031]],[[145.13289,-38.12785],[145.13293,-38.12774]],[[145.13464,-38.12817],[145.13447,-38.12829]],[[145.13393,-38.12846],[145.134,-38.12841]],[[145.13374,-38.12776],[145.13377,-38.1279]],[[145.13372,-38.1274],[145.13372,-38.12749]],[[145.1333,-38.12953],[145.13324,-38.12943]],[[145.13383,-38.13026],[145.13352,-38.12989]],[[145.1341,-38.13051],[145.13383,-38.13026]],[[145.13512,-38.12785],[145.13464,-38.12817]],[[145.13408,-38.12854],[145.13399,-38.1286]],[[145.13399,-38.1286],[145.13366,-38.12883]],[[145.13336,-38.12859],[145.13346,-38.12687],[145.13522,-38.12277]],[[145.13546,-38.132],[145.13353,-38.12914]],[[145.13367,-38.1291],[145.13638,-38.13308],[145.13679,-38.13473]],[[145.14896,-38.11832],[145.14906,-38.11825]]]}}