{"n":{"rail":[[[145.1274,-38.13999],[145.13092,-38.13173]],[[145.14417,-38.1534],[145.12798,-38.14894]],[[145.13107,-38.13177],[145.12735,-38.14021]]],"freeway":[[[145.13633,-38.145],[145.13644,-38.14427]],[[145.13679,-38.13473],[145.13677,-38.13911]],[[145.13657,-38.14428],[145.13645,-38.14502]],[[145.13644,-38.14427],[145.13646,-38.14379]],[[145.13646,-38.14379],[145.13661,-38.13442]],[[145.13658,-38.14379],[145.13657,-38.14428]],[[145.13653,-38.13325],[145.13679,-38.13473]],[[145.13677,-38.13911],[145.13664,-38.14298]],[[145.13664,-38.14298],[145.13658,-38.14379]],[[145.13638,-38.13308],[145.13679,-38.13473]]]}}