{"n":{"rail":[[[145.12828,-38.10627],[145.12957,-38.10946]],[[145.13284,-38.11331],[145.13509,-38.11559]],[[145.13075,-38.11084],[145.13,-38.10998]],[[145.13068,-38.11088],[145.131,-38.11126]],[[145.13106,-38.11123],[145.13075,-38.11084]],[[145.13106,-38.11123],[145.13527,-38.1162],[145.13618,-38.11852]],[[145.12994,-38.11],[145.13068,-38.11088]],[[145.12952,-38.10948],[145.12823,-38.10627]],[[145.13614,-38.11857],[145.13535,-38.11637],[145.131,-38.11126]],[[145.12975,-38.10969],[145.12957,-38.10946]],[[145.12952,-38.10948],[145.12969,-38.10972]],[[145.13,-38.10998],[145.12975,-38.10969]],[[145.12969,-38.10972],[145.12994,-38.11]],[[145.13637,-38.11806],[145.13665,-38.11404]],[[145.13646,-38.1178],[145.13681,-38.11403]],[[145.13639,-38.11788],[145.13676,-38.11403]],[[145.13634,-38.11817],[145.13688,-38.11404]],[[145.13634,-38.11828],[145.13695,-38.11405]],[[145.13647,-38.11789],[145.137,-38.11405]],[[145.13667,-38.11752],[145.13708,-38.11405]],[[145.13631,-38.11708],[145.13509,-38.11559]],[[145.13634,-38.11828],[145.13631,-38.11708]],[[145.13238,-38.11286],[145.13264,-38.11308]],[[145.13646,-38.11754],[145.1367,-38.11403]],[[145.13638,-38.11694],[145.13657,-38.11404]],[[145.13643,-38.11597],[145.13653,-38.11403]],[[145.13634,-38.1162],[145.13641,-38.11403]],[[145.13639,-38.11654],[145.13647,-38.11403]],[[145.13625,-38.11541],[145.13635,-38.11402]],[[145.13619,-38.11549],[145.13629,-38.11402]],[[145.13626,-38.11635],[145.13612,-38.11383]],[[145.13638,-38.11694],[145.13591,-38.11549],[145.136,-38.11383]],[[145.13455,-38.11533],[145.13574,-38.1166],[145.13627,-38.11798]],[[145.1363,-38.11634],[145.13625,-38.11541]],[[145.13634,-38.11666],[145.13619,-38.11549]],[[145.13636,-38.11757],[145.13638,-38.11694]]],"freeway":[[[145.13709,-38.11825],[145.13758,-38.11348],[145.1383,-38.111]],[[145.14284,-38.10003],[145.14081,-38.1029],[145.13999,-38.1055]],[[145.14567,-38.09714],[145.14284,-38.10003]],[[145.14244,-38.10009],[145.14517,-38.09728]],[[145.14244,-38.10009],[145.14827,-38.09279]],[[145.13847,-38.10874],[145.13852,-38.10862]],[[145.13986,-38.10879],[145.1398,-38.1089]],[[145.13852,-38.11116],[145.13778,-38.11363],[145.1375,-38.11663]],[[145.13975,-38.10534],[145.14064,-38.10268],[145.14244,-38.10009]],[[145.14545,-38.09746],[145.14284,-38.10003]],[[145.13999,-38.1055],[145.13994,-38.10764]],[[145.13866,-38.10831],[145.13975,-38.10534]],[[145.1383,-38.111],[145.13837,-38.11032]],[[145.13963,-38.10919],[145.13852,-38.11116]],[[145.14012,-38.10894],[145.13963,-38.10919]],[[145.13814,-38.10858],[145.13866,-38.10831]],[[145.1503,-38.11741],[145.15475,-38.1144]],[[145.15485,-38.11449],[145.15096,-38.11712]],[[145.1383,-38.111],[145.13975,-38.10534]],[[145.13996,-38.10799],[145.13986,-38.10879]],[[145.1375,-38.11663],[145.1363,-38.12074]],[[145.1398,-38.1089],[145.13963,-38.10919]],[[145.13999,-38.1055],[145.13852,-38.11116]],[[145.13852,-38.10862],[145.13866,-38.10831]],[[145.13844,-38.10917],[145.13847,-38.10874]],[[145.15096,-38.11712],[145.15055,-38.1174]],[[145.13994,-38.10764],[145.13996,-38.10799]],[[145.13848,-38.10937],[145.13844,-38.10917]],[[145.13837,-38.11032],[145.13848,-38.10937]]]}}