{"t":[{"r":"GRANTS ROAD","v":351,"h":6,"c":[[145.06125,-37.52301],[145.08258,-37.52529],[145.09493,-37.52694]]},{"r":"GRANTS ROAD","v":275,"h":6,"c":[[145.06125,-37.52301],[145.08258,-37.52529],[145.09493,-37.52694]]}]}