{"t":[{"r":"WALLAN-WHITTLESEA ROAD","v":1246,"h":15,"c":[[145.0745,-37.45698],[145.07837,-37.45873],[145.0906,-37.46177]]},{"r":"WALLAN-WHITTLESEA ROAD","v":1414,"h":13,"c":[[145.0906,-37.46177],[145.07837,-37.45873],[145.0745,-37.45698]]}]}