{"t":[{"r":"WALLAN-WHITTLESEA ROAD","v":1246,"h":15,"c":[[145.06321,-37.43928],[145.06372,-37.44245],[145.06376,-37.44638],[145.06452,-37.44761],[145.0667,-37.44981],[145.06833,-37.45359],[145.06946,-37.45529],[145.07072,-37.45611],[145.0745,-37.45698],[145.07837,-37.45873]]},{"r":"WALLAN-WHITTLESEA ROAD","v":1414,"h":13,"c":[[145.07837,-37.45873],[145.0745,-37.45698],[145.07072,-37.45611],[145.06946,-37.45529],[145.06833,-37.45359],[145.06676,-37.4499],[145.06452,-37.44761],[145.06376,-37.44638],[145.06372,-37.44245],[145.06321,-37.43928]]}]}