{"t":[{"r":"GLENBURNIE ROAD","v":3717,"h":6,"c":[[145.06218,-37.49176],[145.06399,-37.49297],[145.06493,-37.49324],[145.08547,-37.49606]]},{"r":"GLENBURNIE ROAD","v":3717,"h":6,"c":[[145.06218,-37.49176],[145.06399,-37.49297],[145.06493,-37.49324],[145.08547,-37.49606]]}]}