{"t":[{"r":"WALLAN-WHITTLESEA ROAD","v":1246,"h":15,"c":[[145.06321,-37.43928],[145.06372,-37.44245]]},{"r":"WALLAN-WHITTLESEA ROAD","v":1414,"h":13,"c":[[145.06372,-37.44245],[145.06321,-37.43928]]}]}