{"t":[{"r":"NEPEAN HIGHWAY","v":14297,"h":7,"c":[[145.08217,-38.20057],[145.05681,-38.2204]]},{"r":"NEPEAN HIGHWAY","v":18900,"h":7,"c":[[145.05655,-38.22032],[145.08126,-38.20108]]},{"r":"BUNGOWER ROAD","v":7027,"h":6,"c":[[145.05655,-38.22032],[145.09214,-38.23058]]},{"r":"BUNGOWER ROAD","v":7027,"h":6,"c":[[145.05654,-38.22032],[145.07243,-38.22492]]}]}