{"t":[{"r":"BALNARRING ROAD","v":1744,"h":12,"c":[[145.07601,-38.29383],[145.08583,-38.31246]]},{"r":"TUBBARUBBA ROAD","v":3717,"h":6,"c":[[145.08583,-38.31246],[145.08102,-38.31849],[145.07576,-38.3293]]},{"r":"BALNARRING ROAD","v":1686,"h":11,"c":[[145.08583,-38.31246],[145.07601,-38.29383]]},{"r":"TUBBARUBBA ROAD","v":3717,"h":6,"c":[[145.08583,-38.31246],[145.08102,-38.31849],[145.07576,-38.3293]]}]}