{"t":[{"r":"BALNARRING ROAD","v":1744,"h":12,"c":[[145.07494,-38.28914],[145.07601,-38.29383],[145.08583,-38.31246]]},{"r":"OLD MOOROODUC ROAD","v":327,"h":6,"c":[[145.04622,-38.29588],[145.06787,-38.28326]]},{"r":"BALNARRING ROAD","v":1686,"h":11,"c":[[145.08583,-38.31246],[145.07601,-38.29383],[145.07494,-38.28914]]},{"r":"OLD MOOROODUC ROAD","v":255,"h":6,"c":[[145.04622,-38.29588],[145.06787,-38.28326]]}]}