{"t":[{"r":"MERRICKS ROAD","v":3717,"h":6,"c":[[145.08032,-38.3757],[145.08318,-38.37967],[145.08654,-38.38639]]},{"r":"FRANKSTON-FLINDERS ROAD","v":1285,"h":8,"c":[[145.08568,-38.3927],[145.08475,-38.39382]]},{"r":"FRANKSTON-FLINDERS ROAD","v":1274,"h":8,"c":[[145.08473,-38.39386],[145.08568,-38.3927]]},{"r":"MERRICKS ROAD","v":3717,"h":6,"c":[[145.08032,-38.3757],[145.08318,-38.37967],[145.08654,-38.38639]]}]}