{"t":[{"r":"FRANKSTON-FLINDERS ROAD","v":1285,"h":8,"c":[[145.06523,-38.40676],[145.05636,-38.41305]]},{"r":"POINT LEO ROAD","v":3717,"h":6,"c":[[145.06538,-38.40666],[145.07005,-38.41263],[145.07628,-38.4166]]},{"r":"FRANKSTON-FLINDERS ROAD","v":1274,"h":8,"c":[[145.05636,-38.41305],[145.06523,-38.40676]]},{"r":"POINT LEO ROAD","v":3717,"h":6,"c":[[145.06538,-38.40666],[145.07005,-38.41263],[145.07628,-38.4166]]}]}