{"n":{"rail":[[[145.15101,-37.87645],[145.16007,-37.8789]],[[145.16325,-37.87963],[145.16014,-37.87892]],[[145.16324,-37.87967],[145.16099,-37.87908]],[[145.16322,-37.87972],[145.16053,-37.879]],[[145.16108,-37.87923],[145.16057,-37.87904]],[[145.16108,-37.87923],[145.15155,-37.87664],[145.14817,-37.87617]],[[145.16316,-37.87985],[145.16108,-37.87923]],[[145.16007,-37.8789],[145.15935,-37.87874]],[[145.16007,-37.8789],[145.16321,-37.87975]]],"freeway":[[[145.16574,-37.88056],[145.16555,-37.88063]],[[145.16648,-37.87564],[145.16668,-37.87566]],[[145.16551,-37.88086],[145.16568,-37.88088]],[[145.16551,-37.88086],[145.16555,-37.88063]],[[145.16574,-37.88056],[145.16546,-37.88206]],[[145.16568,-37.88001],[145.16569,-37.87994]],[[145.16422,-37.88897],[145.16419,-37.88914]],[[145.16378,-37.89065],[145.16391,-37.88978]],[[145.16449,-37.88737],[145.16433,-37.88738]],[[145.16477,-37.88495],[145.16498,-37.88381]],[[145.16488,-37.88525],[145.1646,-37.8868]],[[145.16433,-37.88738],[145.16463,-37.88574]],[[145.16569,-37.87994],[145.16572,-37.87977]],[[145.16638,-37.87723],[145.16619,-37.87818]],[[145.1664,-37.8771],[145.16638,-37.87723]],[[145.16406,-37.88884],[145.16409,-37.88867]],[[145.164,-37.8892],[145.16404,-37.88895]],[[145.16424,-37.88886],[145.16422,-37.88897]],[[145.16404,-37.88895],[145.16406,-37.88884]],[[145.16427,-37.8887],[145.16424,-37.88886]],[[145.16654,-37.87638],[145.1664,-37.8771]],[[145.16594,-37.87863],[145.16605,-37.87796]],[[145.16409,-37.88867],[145.16424,-37.88786]],[[145.16419,-37.88914],[145.16407,-37.88984]],[[145.16438,-37.88799],[145.1643,-37.88849]],[[145.16449,-37.88737],[145.16438,-37.88799]],[[145.1665,-37.87556],[145.16656,-37.87524]],[[145.16648,-37.87564],[145.1665,-37.87556]],[[145.16688,-37.87464],[145.16676,-37.87528]],[[145.16656,-37.87524],[145.16663,-37.87484]],[[145.16642,-37.87598],[145.16645,-37.87579]],[[145.16664,-37.87587],[145.1666,-37.87606]],[[145.1666,-37.87606],[145.16654,-37.87638]],[[145.16632,-37.87648],[145.16636,-37.87628]],[[145.16636,-37.87628],[145.16639,-37.87611]],[[145.16676,-37.87528],[145.16664,-37.87587]],[[145.16605,-37.87796],[145.16608,-37.87768]],[[145.16608,-37.87768],[145.1662,-37.87708]],[[145.1662,-37.87708],[145.16632,-37.87648]],[[145.16645,-37.87579],[145.16648,-37.87564]],[[145.16639,-37.87611],[145.16642,-37.87598]],[[145.16579,-37.87944],[145.16584,-37.87917]],[[145.16555,-37.88063],[145.1656,-37.88039]],[[145.16574,-37.88056],[145.16559,-37.88046]],[[145.16619,-37.87818],[145.16611,-37.87865]],[[145.16611,-37.87865],[145.16605,-37.87895]],[[145.16588,-37.87895],[145.16594,-37.87863]],[[145.16572,-37.87977],[145.16579,-37.87944]],[[145.16584,-37.88003],[145.16583,-37.88009]],[[145.16605,-37.87895],[145.16593,-37.87961]],[[145.16593,-37.87961],[145.16585,-37.87998]],[[145.16583,-37.88009],[145.1658,-37.88023]],[[145.16585,-37.87998],[145.16584,-37.88003]],[[145.1658,-37.88023],[145.16574,-37.88056]],[[145.1656,-37.88039],[145.16568,-37.88001]],[[145.16545,-37.8812],[145.16551,-37.88086]],[[145.16521,-37.88253],[145.16545,-37.8812]],[[145.16546,-37.88206],[145.16537,-37.88255]],[[145.16537,-37.88255],[145.16533,-37.88276]],[[145.16517,-37.88278],[145.16521,-37.88253]],[[145.16506,-37.88339],[145.16517,-37.88278]],[[145.16521,-37.88341],[145.16521,-37.88346]],[[145.16533,-37.88276],[145.16531,-37.88287]],[[145.16531,-37.88287],[145.16521,-37.88341]],[[145.16498,-37.88381],[145.16504,-37.88347]],[[145.16521,-37.88346],[145.16497,-37.88474]],[[145.16504,-37.88347],[145.16506,-37.88339]],[[145.16463,-37.88574],[145.16472,-37.88523]],[[145.1646,-37.8868],[145.16449,-37.88737]],[[145.16424,-37.88786],[145.16426,-37.88777]],[[145.16426,-37.88777],[145.16433,-37.88738]],[[145.1643,-37.88849],[145.16427,-37.8887]],[[145.16394,-37.88962],[145.164,-37.8892]],[[145.16391,-37.88978],[145.16394,-37.88962]],[[145.16371,-37.89108],[145.16378,-37.89065]],[[145.16403,-37.89011],[145.16394,-37.8907]],[[145.16407,-37.88984],[145.16403,-37.89011]],[[145.16343,-37.89285],[145.16371,-37.89108]],[[145.16394,-37.8907],[145.1636,-37.89287]],[[145.16472,-37.88523],[145.16477,-37.88495]],[[145.16497,-37.88474],[145.16488,-37.88525]],[[145.16586,-37.87907],[145.16588,-37.87895]],[[145.16584,-37.87917],[145.16586,-37.87907]]]}}