{"n":{"tram":[[[145.15315,-37.85273],[145.15286,-37.85274]],[[145.14082,-37.85121],[145.18121,-37.8563]],[[145.18147,-37.85637],[145.14081,-37.85125]]],"freeway":[[[145.16907,-37.85537],[145.16884,-37.85494]],[[145.16946,-37.8544],[145.16966,-37.85475]],[[145.16879,-37.85463],[145.16924,-37.8545]],[[145.16993,-37.85509],[145.16929,-37.85529]],[[145.17365,-37.85551],[145.17311,-37.8552]],[[145.16585,-37.85454],[145.16538,-37.85469]],[[145.16496,-37.85422],[145.16538,-37.8541]],[[145.16548,-37.85405],[145.16564,-37.85427]],[[145.16943,-37.8534],[145.16972,-37.85177]],[[145.15345,-37.85293],[145.15278,-37.85285]],[[145.16879,-37.85463],[145.1692,-37.85468]],[[145.17078,-37.85491],[145.17521,-37.85546]],[[145.16024,-37.8539],[145.16007,-37.85365]],[[145.15098,-37.85236],[145.15156,-37.85243]],[[145.17066,-37.84763],[145.17059,-37.84808]],[[145.17024,-37.8489],[145.17032,-37.84851]],[[145.16907,-37.85537],[145.16915,-37.85498]],[[145.17046,-37.85516],[145.16993,-37.85509]],[[145.16946,-37.8544],[145.1694,-37.85471]],[[145.15156,-37.85243],[145.15194,-37.85249]],[[145.16496,-37.85422],[145.16535,-37.85426]],[[145.17102,-37.84486],[145.17085,-37.84616]],[[145.17034,-37.84952],[145.16972,-37.85291]],[[145.17039,-37.84806],[145.17056,-37.84682]],[[145.16932,-37.85399],[145.16936,-37.85381]],[[145.16886,-37.85664],[145.16908,-37.85652]],[[145.15204,-37.85277],[145.15188,-37.85275]],[[145.16915,-37.85498],[145.16884,-37.85494]],[[145.1694,-37.85471],[145.16966,-37.85475]],[[145.1694,-37.85471],[145.16934,-37.85501]],[[145.16915,-37.85498],[145.1692,-37.85468]],[[145.16993,-37.85509],[145.16934,-37.85501]],[[145.16929,-37.85529],[145.1692,-37.85581]],[[145.1692,-37.85468],[145.16924,-37.8545]],[[145.17033,-37.84842],[145.17039,-37.84806]],[[145.17032,-37.84851],[145.17033,-37.84842]],[[145.17052,-37.8485],[145.1705,-37.84858]],[[145.1692,-37.85468],[145.1694,-37.85471]],[[145.16934,-37.85501],[145.16915,-37.85498]],[[145.16934,-37.85501],[145.16929,-37.85529]],[[145.17138,-37.84106],[145.17172,-37.83906]],[[145.15278,-37.85285],[145.15204,-37.85277]],[[145.16798,-37.85454],[145.16813,-37.85455]],[[145.16963,-37.85342],[145.16959,-37.85366]],[[145.16322,-37.85427],[145.16292,-37.85423]],[[145.16382,-37.85434],[145.16322,-37.85427]],[[145.17205,-37.83835],[145.17169,-37.84051]],[[145.16528,-37.85467],[145.16512,-37.85448]],[[145.16884,-37.85494],[145.16814,-37.85483]],[[145.16889,-37.85637],[145.16898,-37.8559]],[[145.16924,-37.8545],[145.1693,-37.85413]],[[145.17008,-37.85481],[145.17052,-37.85487]],[[145.16585,-37.85454],[145.16541,-37.8545]],[[145.17052,-37.85487],[145.17078,-37.85491]],[[145.17079,-37.85519],[145.17046,-37.85516]],[[145.17365,-37.85551],[145.17194,-37.8553]],[[145.15169,-37.85272],[145.15121,-37.85266]],[[145.15188,-37.85275],[145.15169,-37.85272]],[[145.15235,-37.85255],[145.15337,-37.85268]],[[145.1521,-37.85251],[145.15235,-37.85255]],[[145.15828,-37.85365],[145.15345,-37.85293]],[[145.15194,-37.85249],[145.1521,-37.85251]],[[145.16972,-37.85177],[145.1701,-37.84967]],[[145.17161,-37.84098],[145.17159,-37.84111]],[[145.17169,-37.84051],[145.17161,-37.84098]],[[145.17136,-37.84118],[145.17138,-37.84106]],[[145.17126,-37.84188],[145.17136,-37.84118]],[[145.1714,-37.8423],[145.1713,-37.84292]],[[145.17159,-37.84111],[145.1714,-37.8423]],[[145.17096,-37.84374],[145.1711,-37.84289]],[[145.17065,-37.84606],[145.17096,-37.84374]],[[145.1711,-37.84427],[145.17102,-37.84486]],[[145.1713,-37.84292],[145.1711,-37.84427]],[[145.1711,-37.84289],[145.17126,-37.84188]],[[145.17076,-37.84684],[145.17066,-37.84763]],[[145.17059,-37.84808],[145.17052,-37.8485]],[[145.17021,-37.8491],[145.17024,-37.8489]],[[145.17015,-37.84942],[145.17021,-37.8491]],[[145.1701,-37.84967],[145.17015,-37.84942]],[[145.16966,-37.85475],[145.17008,-37.85481]],[[145.16972,-37.85291],[145.16963,-37.85342]],[[145.16959,-37.85366],[145.16958,-37.85374]],[[145.16958,-37.85374],[145.16955,-37.85387]],[[145.16955,-37.85387],[145.16949,-37.85422]],[[145.16949,-37.85422],[145.16946,-37.8544]],[[145.16936,-37.85381],[145.16943,-37.8534]],[[145.1693,-37.85413],[145.16932,-37.85399]],[[145.16905,-37.85547],[145.16907,-37.85537]],[[145.16898,-37.8559],[145.16905,-37.85547]],[[145.16886,-37.85664],[145.16889,-37.85637]],[[145.1692,-37.85581],[145.16899,-37.85813]],[[145.16881,-37.85746],[145.16883,-37.85702]],[[145.16877,-37.85832],[145.16881,-37.85746]],[[145.16883,-37.85702],[145.16886,-37.85664]],[[145.17133,-37.85523],[145.17105,-37.85521]],[[145.17194,-37.8553],[145.17133,-37.85523]],[[145.17105,-37.85521],[145.17079,-37.85519]],[[145.16814,-37.85483],[145.16784,-37.85478]],[[145.16772,-37.85451],[145.16798,-37.85454]],[[145.1672,-37.85444],[145.16738,-37.85447]],[[145.16738,-37.85447],[145.16772,-37.85451]],[[145.16813,-37.85455],[145.16879,-37.85463]],[[145.1666,-37.85463],[145.16633,-37.8546]],[[145.16541,-37.8545],[145.16531,-37.85449]],[[145.16633,-37.8546],[145.16585,-37.85454]],[[145.16535,-37.85426],[145.16545,-37.85426]],[[145.16545,-37.85426],[145.1672,-37.85444]],[[145.16458,-37.85418],[145.16496,-37.85422]],[[145.16433,-37.85415],[145.16458,-37.85418]],[[145.16409,-37.85412],[145.16433,-37.85415]],[[145.16269,-37.85397],[145.16409,-37.85412]],[[145.16784,-37.85478],[145.1666,-37.85463]],[[145.16531,-37.85449],[145.16457,-37.85442]],[[145.164,-37.85436],[145.16382,-37.85434]],[[145.16457,-37.85442],[145.164,-37.85436]],[[145.16173,-37.85386],[145.16269,-37.85397]],[[145.15833,-37.85344],[145.16173,-37.85386]],[[145.16091,-37.85398],[145.16024,-37.8539]],[[145.16292,-37.85423],[145.16091,-37.85398]],[[145.15337,-37.85268],[145.15833,-37.85344]],[[145.16024,-37.8539],[145.15828,-37.85365]],[[145.15481,-37.8531],[145.15422,-37.8528]],[[145.17056,-37.84682],[145.17065,-37.84606]],[[145.17085,-37.84616],[145.17076,-37.84684]],[[145.1705,-37.84858],[145.17034,-37.84952]]]}}