{"n":{"rail":[[[145.15262,-37.94871],[145.13338,-37.93439]],[[145.15329,-37.94917],[145.16067,-37.95494]],[[145.15265,-37.94869],[145.15329,-37.94917]],[[145.15327,-37.94921],[145.15262,-37.94871]],[[145.16146,-37.95557],[145.15327,-37.94921]],[[145.16813,-37.9604],[145.17957,-37.96903]],[[145.15051,-37.94718],[145.15265,-37.94869]],[[145.17952,-37.96907],[145.16809,-37.96043]],[[145.1613,-37.95539],[145.16433,-37.95762]],[[145.16377,-37.95733],[145.16199,-37.95598]],[[145.16809,-37.96043],[145.16541,-37.95857]],[[145.16544,-37.95853],[145.16813,-37.9604]],[[145.16433,-37.95762],[145.16544,-37.95853]],[[145.16541,-37.95857],[145.16377,-37.95733]],[[145.16199,-37.95598],[145.16146,-37.95557]],[[145.16067,-37.95494],[145.1613,-37.95539]]],"freeway":[[[145.15172,-37.95557],[145.15148,-37.95686]],[[145.15368,-37.94478],[145.15365,-37.94494]],[[145.15283,-37.94941],[145.15282,-37.94965]],[[145.15181,-37.95437],[145.15214,-37.95267]],[[145.15271,-37.94932],[145.15274,-37.94904]],[[145.15283,-37.94941],[145.15271,-37.94932]],[[145.15206,-37.95374],[145.15194,-37.95438]],[[145.15229,-37.95193],[145.15247,-37.95095]],[[145.15277,-37.95005],[145.15263,-37.95075]],[[145.15166,-37.95507],[145.15171,-37.95491]],[[145.15307,-37.94713],[145.1534,-37.94536]],[[145.15322,-37.94716],[145.15299,-37.9483]],[[145.15279,-37.94866],[145.15297,-37.94765]],[[145.15293,-37.94871],[145.15286,-37.94916]],[[145.17283,-37.94781],[145.17241,-37.94776]],[[145.17376,-37.94868],[145.17306,-37.94803]],[[145.17174,-37.94685],[145.17118,-37.94635]],[[145.17262,-37.94761],[145.17255,-37.94755]],[[145.17283,-37.94781],[145.17262,-37.94761]],[[145.17255,-37.94755],[145.17174,-37.94685]],[[145.16864,-37.94378],[145.17259,-37.94738]],[[145.15352,-37.94476],[145.15362,-37.94425]],[[145.17118,-37.94635],[145.16846,-37.94389]],[[145.17293,-37.94769],[145.17354,-37.94823]],[[145.17306,-37.94803],[145.17283,-37.94781]],[[145.17219,-37.9478],[145.17219,-37.94724]],[[145.15385,-37.94386],[145.15377,-37.94427]],[[145.15362,-37.94425],[145.1537,-37.94382]],[[145.15377,-37.94427],[145.15368,-37.94478]],[[145.1534,-37.94536],[145.15352,-37.94476]],[[145.15335,-37.94651],[145.15322,-37.94716]],[[145.15297,-37.94765],[145.15307,-37.94713]],[[145.15299,-37.9483],[145.15293,-37.94871]],[[145.15274,-37.94904],[145.15279,-37.94866]],[[145.15253,-37.95133],[145.15247,-37.95161]],[[145.15282,-37.94965],[145.15277,-37.95005]],[[145.15266,-37.95004],[145.1527,-37.94949]],[[145.15247,-37.95161],[145.15243,-37.95182]],[[145.15228,-37.95258],[145.15216,-37.95322]],[[145.15219,-37.95241],[145.15223,-37.95224]],[[145.15231,-37.95242],[145.15228,-37.95258]],[[145.15241,-37.95194],[145.15231,-37.95242]],[[145.15214,-37.95267],[145.15219,-37.95241]],[[145.15223,-37.95224],[145.15227,-37.95203]],[[145.15194,-37.95438],[145.15193,-37.95452]],[[145.15216,-37.95322],[145.15206,-37.95374]],[[145.1518,-37.95446],[145.15181,-37.95437]],[[145.15171,-37.95491],[145.15173,-37.95479]],[[145.15165,-37.95513],[145.15166,-37.95507]],[[145.15173,-37.95479],[145.1518,-37.95446]],[[145.15151,-37.95585],[145.15165,-37.95513]],[[145.15181,-37.95514],[145.15172,-37.95557]],[[145.15193,-37.95452],[145.15181,-37.95514]],[[145.15151,-37.95585],[145.15167,-37.95587]],[[145.15139,-37.95647],[145.15151,-37.95585]],[[145.15125,-37.95721],[145.15139,-37.95647]],[[145.15148,-37.95686],[145.15142,-37.95713]],[[145.15141,-37.95723],[145.15139,-37.95734]],[[145.15139,-37.95734],[145.15112,-37.95878]],[[145.15365,-37.94494],[145.15335,-37.94651]],[[145.15286,-37.94916],[145.15283,-37.94941]],[[145.1527,-37.94949],[145.15271,-37.94932]],[[145.15263,-37.95075],[145.15253,-37.95133]],[[145.15247,-37.95095],[145.15266,-37.95004]],[[145.15243,-37.95182],[145.15241,-37.95194]],[[145.15227,-37.95203],[145.15229,-37.95193]],[[145.15142,-37.95713],[145.15141,-37.95723]],[[145.17274,-37.94753],[145.17293,-37.94769]],[[145.17259,-37.94738],[145.17267,-37.94746]],[[145.17267,-37.94746],[145.17274,-37.94753]]]}}