{"n":{"rail":[[[145.15262,-37.94871],[145.13338,-37.93439]]],"freeway":[[[145.16213,-37.938],[145.16199,-37.93809]],[[145.15549,-37.93198],[145.15606,-37.93179]],[[145.15629,-37.93201],[145.15655,-37.93278]],[[145.15342,-37.93097],[145.15357,-37.93087]],[[145.15389,-37.94281],[145.15406,-37.94193]],[[145.15455,-37.94017],[145.15451,-37.94038]],[[145.15439,-37.94028],[145.15442,-37.94007]],[[145.15443,-37.94081],[145.15425,-37.94178]],[[145.15503,-37.93765],[145.15483,-37.93758]],[[145.15598,-37.93103],[145.15628,-37.93083]],[[145.15615,-37.93279],[145.15609,-37.93296]],[[145.16031,-37.93636],[145.16597,-37.94138]],[[145.15648,-37.93305],[145.15623,-37.93286]],[[145.1557,-37.9331],[145.15582,-37.93267]],[[145.15547,-37.93527],[145.15517,-37.93686]],[[145.15549,-37.93198],[145.15581,-37.93218]],[[145.15324,-37.93086],[145.14543,-37.92595]],[[145.16846,-37.94389],[145.16864,-37.94378]],[[145.15357,-37.93087],[145.15347,-37.93101]],[[145.16846,-37.94389],[145.16778,-37.94329]],[[145.166,-37.94166],[145.15899,-37.93538]],[[145.16803,-37.94326],[145.16864,-37.94378]],[[145.15655,-37.93278],[145.15679,-37.93301]],[[145.15589,-37.93243],[145.15594,-37.93228]],[[145.15568,-37.93321],[145.1557,-37.9331]],[[145.15602,-37.9327],[145.15585,-37.93257]],[[145.15674,-37.93326],[145.1567,-37.93316]],[[145.15601,-37.93313],[145.1558,-37.9336]],[[145.15619,-37.93264],[145.15615,-37.93279]],[[145.15622,-37.93251],[145.15619,-37.93264]],[[145.15622,-37.93251],[145.15655,-37.93278]],[[145.15594,-37.93228],[145.15618,-37.93247]],[[145.15589,-37.93243],[145.1561,-37.93257]],[[145.15357,-37.93087],[145.1549,-37.93167]],[[145.15585,-37.93257],[145.15573,-37.93248]],[[145.15631,-37.93171],[145.15629,-37.93201]],[[145.15585,-37.93257],[145.15589,-37.93243]],[[145.15492,-37.93168],[145.15549,-37.93198]],[[145.16864,-37.94378],[145.17259,-37.94738]],[[145.15606,-37.93179],[145.15623,-37.93108]],[[145.15594,-37.93228],[145.15606,-37.93179]],[[145.15741,-37.93391],[145.15716,-37.93366]],[[145.15392,-37.93129],[145.15356,-37.93106]],[[145.15694,-37.93316],[145.1573,-37.93353]],[[145.15623,-37.93239],[145.15622,-37.93251]],[[145.15643,-37.93104],[145.15632,-37.93162]],[[145.15551,-37.93401],[145.15557,-37.93371]],[[145.14547,-37.92578],[145.15198,-37.92988]],[[145.15724,-37.92543],[145.15677,-37.92874]],[[145.15448,-37.93966],[145.15464,-37.9386]],[[145.15503,-37.93765],[145.15467,-37.93956]],[[145.15568,-37.93417],[145.15559,-37.93461]],[[145.15656,-37.92925],[145.15688,-37.92609]],[[145.15623,-37.93108],[145.15639,-37.93029]],[[145.17118,-37.94635],[145.16846,-37.94389]],[[145.15695,-37.93346],[145.15674,-37.93326]],[[145.15652,-37.93058],[145.15643,-37.93104]],[[145.15632,-37.93162],[145.15631,-37.93171]],[[145.15558,-37.93365],[145.15562,-37.93345]],[[145.15534,-37.93486],[145.15551,-37.93401]],[[145.15514,-37.93594],[145.15525,-37.93537]],[[145.15557,-37.93371],[145.15558,-37.93365]],[[145.15662,-37.93316],[145.15648,-37.93305]],[[145.15605,-37.93304],[145.15601,-37.93313]],[[145.15716,-37.93366],[145.15695,-37.93346]],[[145.15776,-37.93423],[145.15741,-37.93391]],[[145.15899,-37.93538],[145.15867,-37.93508]],[[145.15867,-37.93508],[145.1584,-37.93483]],[[145.15791,-37.93438],[145.15776,-37.93423]],[[145.1584,-37.93483],[145.15824,-37.93468]],[[145.15824,-37.93468],[145.15791,-37.93438]],[[145.16022,-37.93628],[145.16031,-37.93636]],[[145.15806,-37.93428],[145.16022,-37.93628]],[[145.1549,-37.93167],[145.15492,-37.93168]],[[145.15444,-37.93162],[145.15392,-37.93129]],[[145.15264,-37.93029],[145.15313,-37.9306]],[[145.15198,-37.92988],[145.15264,-37.93029]],[[145.15313,-37.9306],[145.15345,-37.9308]],[[145.15457,-37.93172],[145.15444,-37.93162]],[[145.15534,-37.93222],[145.15457,-37.93172]],[[145.15492,-37.93168],[145.15576,-37.93234]],[[145.15677,-37.92874],[145.15676,-37.92926]],[[145.15639,-37.93029],[145.15643,-37.93004]],[[145.15643,-37.93004],[145.15656,-37.92925]],[[145.15676,-37.92926],[145.1566,-37.93029]],[[145.15656,-37.93045],[145.15652,-37.93058]],[[145.1566,-37.93029],[145.15656,-37.93045]],[[145.15559,-37.93461],[145.15554,-37.93488]],[[145.1558,-37.9336],[145.15568,-37.93417]],[[145.15554,-37.93488],[145.15547,-37.93527]],[[145.15527,-37.93525],[145.15534,-37.93486]],[[145.15517,-37.93686],[145.15503,-37.93765]],[[145.15469,-37.9383],[145.15483,-37.93758]],[[145.15483,-37.93758],[145.15514,-37.93594]],[[145.15442,-37.94007],[145.15448,-37.93966]],[[145.15463,-37.93974],[145.15455,-37.94017]],[[145.15467,-37.93956],[145.15463,-37.93974]],[[145.15449,-37.94053],[145.15443,-37.94081]],[[145.1542,-37.94117],[145.15428,-37.9408]],[[145.15428,-37.9408],[145.15439,-37.94028]],[[145.15451,-37.94038],[145.15449,-37.94053]],[[145.15419,-37.94209],[145.15406,-37.94279]],[[145.15406,-37.94279],[145.15385,-37.94386]],[[145.15377,-37.94346],[145.15389,-37.94281]],[[145.1537,-37.94382],[145.15377,-37.94346]],[[145.15385,-37.94386],[145.15377,-37.94427]],[[145.15362,-37.94425],[145.1537,-37.94382]],[[145.15734,-37.93356],[145.15806,-37.93428]],[[145.15615,-37.93279],[145.15602,-37.9327]],[[145.15573,-37.93248],[145.15534,-37.93222]],[[145.1573,-37.93353],[145.15734,-37.93356]],[[145.15562,-37.93345],[145.15568,-37.93321]],[[145.15582,-37.93267],[145.15585,-37.93257]],[[145.15609,-37.93296],[145.15605,-37.93304]],[[145.15629,-37.93201],[145.15623,-37.93239]],[[145.15679,-37.93301],[145.15694,-37.93316]],[[145.15674,-37.93326],[145.15662,-37.93316]],[[145.15629,-37.93271],[145.15619,-37.93264]],[[145.15623,-37.93286],[145.15615,-37.93279]],[[145.15581,-37.93218],[145.15594,-37.93228]],[[145.15576,-37.93234],[145.15589,-37.93243]],[[145.15525,-37.93537],[145.15527,-37.93525]],[[145.15464,-37.9386],[145.15469,-37.9383]],[[145.15425,-37.94178],[145.15419,-37.94209]],[[145.15406,-37.94193],[145.1542,-37.94117]],[[145.16597,-37.94138],[145.16803,-37.94326]],[[145.16778,-37.94329],[145.166,-37.94166]],[[145.15347,-37.93101],[145.15342,-37.93097]],[[145.15345,-37.9308],[145.15357,-37.93087]],[[145.15356,-37.93106],[145.15347,-37.93101]],[[145.15342,-37.93097],[145.15324,-37.93086]],[[145.1567,-37.93316],[145.15665,-37.93309]],[[145.15665,-37.93309],[145.15629,-37.93271]],[[145.15618,-37.93247],[145.15622,-37.93251]],[[145.1561,-37.93257],[145.15619,-37.93264]]]}}