{"n":{"rail":[[[145.16586,-38.16309],[145.16716,-38.16478],[145.16736,-38.16659],[145.15983,-38.19706]],[[145.16527,-38.16269],[145.15408,-38.15994],[145.14417,-38.1534]],[[145.16586,-38.16309],[145.16527,-38.16269]]],"freeway":[[[145.17052,-38.15215],[145.17033,-38.15284]],[[145.16636,-38.15979],[145.1668,-38.15844]],[[145.16193,-38.17541],[145.16636,-38.15979],[145.17192,-38.1485]],[[145.16905,-38.15611],[145.16884,-38.15657]],[[145.16774,-38.15503],[145.16922,-38.15329]],[[145.16696,-38.15538],[145.16774,-38.15503]],[[145.16929,-38.15559],[145.16928,-38.15602]],[[145.17261,-38.14711],[145.17052,-38.15215]],[[145.17052,-38.15215],[145.1668,-38.15951],[145.16198,-38.17583]],[[145.16968,-38.15626],[145.16884,-38.15657]],[[145.16728,-38.15606],[145.16727,-38.15564]],[[145.16962,-38.15473],[145.16956,-38.15494]],[[145.16922,-38.15329],[145.17052,-38.15155]],[[145.16706,-38.15719],[145.16712,-38.15662]],[[145.16757,-38.15832],[145.1665,-38.16034]],[[145.16728,-38.15606],[145.16746,-38.15569]],[[145.16884,-38.15657],[145.16757,-38.15832]],[[145.16746,-38.15569],[145.16752,-38.15554]],[[145.16752,-38.15554],[145.16774,-38.15503]],[[145.16712,-38.15662],[145.16728,-38.15606]],[[145.16929,-38.15559],[145.1691,-38.15598]],[[145.1668,-38.15844],[145.16693,-38.15789]],[[145.16693,-38.15789],[145.16706,-38.15719]],[[145.16991,-38.15385],[145.16962,-38.15473]],[[145.17033,-38.15284],[145.16991,-38.15385]],[[145.16949,-38.15515],[145.16929,-38.15559]],[[145.16956,-38.15494],[145.16949,-38.15515]],[[145.1691,-38.15598],[145.16905,-38.15611]]]}}