{"n":{"rail":[[[145.16736,-38.16659],[145.15983,-38.19706]]],"freeway":[[[145.15489,-38.19091],[145.16193,-38.17541],[145.16636,-38.15979]],[[145.16133,-38.17723],[145.1605,-38.17981]],[[145.15735,-38.18537],[145.15804,-38.18307]],[[145.15981,-38.18177],[145.15943,-38.18227]],[[145.15887,-38.18098],[145.15914,-38.18054]],[[145.1668,-38.15951],[145.16198,-38.17583],[145.1549,-38.19127]],[[145.15804,-38.18307],[145.15839,-38.18155]],[[145.15943,-38.18227],[145.15871,-38.18352]],[[145.16036,-38.18229],[145.15987,-38.18199],[145.15943,-38.18227]],[[145.1605,-38.17981],[145.16037,-38.18111]],[[145.15871,-38.18352],[145.15764,-38.1853]],[[145.16037,-38.18111],[145.16005,-38.18184]],[[145.15857,-38.18077],[145.15914,-38.18054]],[[145.16037,-38.18111],[145.15988,-38.1817]],[[145.15967,-38.17958],[145.16115,-38.17723]],[[145.15914,-38.18054],[145.15967,-38.17958]],[[145.15852,-38.18139],[145.1588,-38.18105]],[[145.15852,-38.18139],[145.15864,-38.18095]],[[145.15988,-38.1817],[145.15981,-38.18177]],[[145.1588,-38.18105],[145.15887,-38.18098]],[[145.15839,-38.18155],[145.15852,-38.18139]]]}}