{"n":{"rail":[[[145.16736,-38.16659],[145.15983,-38.19706],[145.1598,-38.19978],[145.16278,-38.20603]]],"freeway":[[[145.15254,-38.19438],[145.15489,-38.19091],[145.16193,-38.17541]],[[145.15231,-38.19462],[145.15254,-38.19438]],[[145.15279,-38.19441],[145.15256,-38.19466]],[[145.15256,-38.19466],[145.15007,-38.19676]],[[145.14996,-38.1966],[145.15231,-38.19462]],[[145.1528,-38.19468],[145.15201,-38.19569]],[[145.15212,-38.19459],[145.15236,-38.19434]],[[145.15236,-38.19434],[145.15361,-38.19308]],[[145.15298,-38.19444],[145.1528,-38.19468]],[[145.15384,-38.1931],[145.15298,-38.19444]],[[145.16198,-38.17583],[145.1549,-38.19127],[145.15279,-38.19441]],[[145.15201,-38.19569],[145.15141,-38.19648]],[[145.15092,-38.19557],[145.15212,-38.19459]],[[145.15141,-38.19648],[145.15095,-38.19693]]]}}