{"b":[{"h":6,"g":[[145.862026,-37.325345],[145.862055,-37.325346],[145.862052,-37.325384],[145.862118,-37.325388],[145.862121,-37.325351],[145.862172,-37.325354],[145.862179,-37.32529],[145.862126,-37.325286],[145.862129,-37.325259],[145.862089,-37.325257],[145.862086,-37.325281],[145.862034,-37.32528],[145.862026,-37.325345]]},{"h":6,"g":[[145.860081,-37.326137],[145.86015,-37.326295],[145.860175,-37.326288],[145.860194,-37.326333],[145.860314,-37.326301],[145.860225,-37.326097],[145.860081,-37.326137]]}]}