{"b":[{"h":6,"g":[[145.864886,-37.374103],[145.864949,-37.374109],[145.864951,-37.374074],[145.86489,-37.374069],[145.864886,-37.374103]]},{"h":6,"g":[[145.86244,-37.372985],[145.862457,-37.373031],[145.862491,-37.373024],[145.862518,-37.373103],[145.86249,-37.373109],[145.862513,-37.373176],[145.862616,-37.373154],[145.862549,-37.372961],[145.86244,-37.372985]]},{"h":6,"g":[[145.863346,-37.372897],[145.863354,-37.372977],[145.863425,-37.372972],[145.863417,-37.372893],[145.863346,-37.372897]]},{"h":6,"g":[[145.863127,-37.372965],[145.863137,-37.373032],[145.863296,-37.373017],[145.863286,-37.372951],[145.863127,-37.372965]]}]}