{"b":[{"h":6,"g":[[145.874888,-37.512136],[145.875051,-37.512244],[145.875188,-37.512113],[145.875024,-37.512005],[145.874888,-37.512136]]}]}