{"b":[{"h":6,"g":[[145.864851,-38.160987],[145.864853,-38.160993],[145.864856,-38.160999],[145.864862,-38.161003],[145.864869,-38.161006],[145.864877,-38.161006],[145.864886,-38.161005],[145.864893,-38.161002],[145.864899,-38.160996],[145.864901,-38.16099],[145.864902,-38.160983],[145.864899,-38.160977],[145.864893,-38.160972],[145.864886,-38.160968],[145.864878,-38.160967],[145.864869,-38.160967],[145.864862,-38.16097],[145.864856,-38.160975],[145.864852,-38.160981],[145.864851,-38.160987]]},{"h":6,"g":[[145.856601,-38.15669],[145.856787,-38.156722],[145.856812,-38.156633],[145.856626,-38.156601],[145.856601,-38.15669]]}]}