{"b":[{"h":6,"g":[[145.863931,-38.172074],[145.863939,-38.172224],[145.864007,-38.172222],[145.864003,-38.172162],[145.864086,-38.172159],[145.864083,-38.172104],[145.864011,-38.172106],[145.864009,-38.172071],[145.863931,-38.172074]]},{"h":6,"g":[[145.864374,-38.172518],[145.864552,-38.172535],[145.864547,-38.172566],[145.864656,-38.172577],[145.864672,-38.17248],[145.864544,-38.172467],[145.864551,-38.172425],[145.864452,-38.172415],[145.864447,-38.172442],[145.864387,-38.172436],[145.864374,-38.172518]]}]}