{"t":[{"r":"MAROONDAH HIGHWAY","v":1046,"h":12,"c":[[145.63437,-37.57698],[145.63547,-37.57733],[145.63597,-37.57715],[145.63604,-37.57618],[145.63534,-37.57423],[145.63558,-37.57356],[145.63662,-37.5728],[145.6447,-37.5695],[145.65093,-37.56472],[145.65184,-37.56444],[145.65528,-37.56435],[145.65672,-37.56367],[145.65756,-37.56229]]},{"r":"MAROONDAH HIGHWAY","v":1052,"h":15,"c":[[145.65756,-37.56229],[145.65672,-37.56367],[145.65545,-37.56432],[145.65093,-37.56472],[145.6447,-37.5695],[145.63662,-37.5728],[145.63558,-37.57356],[145.63536,-37.57404],[145.63604,-37.57618],[145.63597,-37.57715],[145.63416,-37.5771]]}]}