{"t":[{"r":"MAROONDAH HIGHWAY","v":1046,"h":12,"c":[[145.63448,-37.59791],[145.63518,-37.59782],[145.63553,-37.59848],[145.63626,-37.59876],[145.63744,-37.59868],[145.63988,-37.59505]]},{"r":"MAROONDAH HIGHWAY","v":1052,"h":15,"c":[[145.64,-37.59481],[145.63744,-37.59868],[145.63599,-37.59869],[145.63498,-37.59769],[145.6346,-37.59777]]}]}