{"t":[{"r":"MAROONDAH HIGHWAY","v":1046,"h":12,"c":[[145.63744,-37.59868],[145.63988,-37.59505],[145.63996,-37.59433],[145.63884,-37.59364],[145.63924,-37.59322],[145.63976,-37.59322],[145.64014,-37.59259],[145.63898,-37.59096],[145.6391,-37.59063],[145.641,-37.59129],[145.64202,-37.59131],[145.64306,-37.58904],[145.6428,-37.58798],[145.64177,-37.58696],[145.63514,-37.58433],[145.63413,-37.58143]]},{"r":"MAROONDAH HIGHWAY","v":1052,"h":15,"c":[[145.63413,-37.58143],[145.63526,-37.58446],[145.63848,-37.58547],[145.64177,-37.58696],[145.6428,-37.58798],[145.64306,-37.58904],[145.64213,-37.59126],[145.641,-37.59129],[145.63955,-37.59061],[145.63899,-37.59077],[145.64014,-37.59259],[145.63976,-37.59322],[145.63883,-37.59353],[145.63984,-37.59418],[145.64,-37.59481],[145.63744,-37.59868]]}]}