{"t":[{"r":"SOUTH GIPPSLAND HIGHWAY","v":3689,"h":23,"c":[[145.645,-38.34308],[145.64212,-38.34257],[145.63651,-38.34368],[145.63405,-38.34356]]},{"r":"SOUTH GIPPSLAND HIGHWAY","v":3758,"h":24,"c":[[145.63405,-38.34356],[145.63651,-38.34368],[145.64212,-38.34257],[145.645,-38.34308]]}]}