{"t":[{"r":"MOUNT MACEDON ROAD","v":252,"h":3,"c":[[144.59596,-37.38704],[144.59593,-37.38967],[144.59203,-37.3932],[144.59055,-37.39639],[144.58843,-37.39965],[144.58746,-37.40195],[144.58352,-37.40563]]},{"r":"MOUNT MACEDON ROAD","v":208,"h":2,"c":[[144.58345,-37.40569],[144.58746,-37.40195],[144.58843,-37.39965],[144.59055,-37.39639],[144.59203,-37.3932],[144.59589,-37.38979],[144.59596,-37.38704]]}]}