{"t":[{"r":"MOUNT MACEDON ROAD","v":80,"h":5,"c":[[144.6046,-37.33549],[144.59735,-37.33577],[144.59487,-37.33626],[144.58586,-37.3424],[144.58472,-37.34289]]},{"r":"MOUNT MACEDON ROAD","v":78,"h":4,"c":[[144.58472,-37.34289],[144.58586,-37.3424],[144.59487,-37.33626],[144.59724,-37.3358],[144.6046,-37.33549]]},{"r":"ROMSEY ROAD","v":2091,"h":10,"c":[[144.5731,-37.35142],[144.58348,-37.34412],[144.58486,-37.34349],[144.58471,-37.34289]]},{"r":"ROMSEY ROAD","v":2202,"h":7,"c":[[144.58471,-37.34289],[144.58479,-37.34333],[144.5731,-37.35142]]}]}