{"t":[{"r":"MOUNT MACEDON ROAD","v":2021,"h":4,"c":[[144.58208,-37.43948],[144.58296,-37.44594]]},{"r":"MOUNT MACEDON ROAD","v":252,"h":3,"c":[[144.58189,-37.42012],[144.58016,-37.42658],[144.58208,-37.43948]]},{"r":"MOUNT MACEDON ROAD","v":1933,"h":4,"c":[[144.58296,-37.44594],[144.58208,-37.43948]]},{"r":"MOUNT MACEDON ROAD","v":208,"h":2,"c":[[144.58208,-37.43948],[144.58016,-37.42672],[144.58189,-37.42012]]}]}