{"t":[{"r":"MOUNT MACEDON ROAD","v":2021,"h":4,"c":[[144.58208,-37.43948],[144.58296,-37.44594],[144.58008,-37.45517],[144.57913,-37.45624]]},{"r":"MOUNT MACEDON ROAD","v":1933,"h":4,"c":[[144.57913,-37.45624],[144.58008,-37.45517],[144.58296,-37.44594],[144.58208,-37.43948]]}]}