{"t":[{"r":"MOUNT MACEDON ROAD","v":252,"h":3,"c":[[144.58746,-37.40195],[144.58352,-37.40563],[144.58275,-37.40696],[144.58498,-37.41452],[144.58517,-37.41751],[144.58506,-37.41834],[144.58449,-37.41897],[144.58295,-37.41916],[144.58189,-37.42012],[144.58016,-37.42658]]},{"r":"MOUNT MACEDON ROAD","v":208,"h":2,"c":[[144.58016,-37.42672],[144.58189,-37.42012],[144.58295,-37.41916],[144.58449,-37.41897],[144.58506,-37.41834],[144.58517,-37.41751],[144.58498,-37.41452],[144.58275,-37.40696],[144.58345,-37.40569],[144.58746,-37.40195]]}]}