{"t":[{"r":"FERRIS ROAD","v":1643,"h":6,"c":[[144.60356,-37.69727],[144.60192,-37.70624]]},{"r":"FERRIS ROAD","v":1616,"h":6,"c":[[144.60356,-37.69727],[144.60192,-37.70624]]}]}