{"t":[{"r":"GISBORNE-MELTON ROAD","v":1869,"h":18,"c":[[144.5907,-37.60886],[144.6027,-37.64825]]},{"r":"GISBORNE-MELTON ROAD","v":1818,"h":10,"c":[[144.6027,-37.64825],[144.5907,-37.60886]]}]}