{"t":[{"r":"GISBORNE-MELTON ROAD","v":2126,"h":9,"c":[[144.57105,-37.57688],[144.58385,-37.59416],[144.58887,-37.603]]},{"r":"MELTON ROAD","v":2205,"h":7,"c":[[144.58887,-37.603],[144.58385,-37.59416],[144.57105,-37.57688]]}]}