{"t":[{"r":"MANOR LAKES BOULEVARD","v":3873,"h":0,"c":[[144.59674,-37.87469],[144.599,-37.87671],[144.60029,-37.87721],[144.60716,-37.87626]]},{"r":"MANOR LAKES BOULEVARD","v":3873,"h":0,"c":[[144.59674,-37.87469],[144.599,-37.87671],[144.60029,-37.87721],[144.60716,-37.87626]]}]}