{"t":[{"r":"BELLARINE HIGHWAY","v":3463,"h":9,"c":[[144.57277,-38.24196],[144.60884,-38.26096]]},{"r":"BELLARINE HIGHWAY","v":3467,"h":6,"c":[[144.60884,-38.26096],[144.57277,-38.24196]]}]}