{"t":[{"r":"MURRADOC ROAD","v":3916,"h":6,"c":[[144.58003,-38.1741],[144.64359,-38.18194]]},{"r":"MURRADOC ROAD","v":3503,"h":6,"c":[[144.64359,-38.18194],[144.58003,-38.1741]]}]}