{"b":[{"h":6,"g":[[144.759852,-37.391679],[144.75986,-37.39181],[144.759985,-37.391805],[144.759975,-37.391641],[144.759925,-37.391643],[144.759927,-37.391676],[144.759852,-37.391679]]},{"h":6,"g":[[144.759876,-37.391522],[144.75988,-37.391635],[144.759975,-37.391633],[144.75997,-37.391519],[144.759876,-37.391522]]},{"h":6,"g":[[144.759858,-37.391822],[144.759862,-37.391894],[144.759998,-37.391889],[144.759994,-37.391817],[144.759858,-37.391822]]}]}