{"b":[{"h":6,"g":[[144.759316,-37.489036],[144.759436,-37.489045],[144.759446,-37.488806],[144.759362,-37.488806],[144.759362,-37.488871],[144.75933,-37.488871],[144.759316,-37.489036]]}]}