{"b":[{"h":6,"g":[[144.763496,-37.494605],[144.763576,-37.494611],[144.763592,-37.494462],[144.763512,-37.494462],[144.763496,-37.494605]]}]}