{"b":[{"h":6,"g":[[144.767839,-37.470732],[144.767855,-37.470862],[144.768029,-37.470847],[144.768011,-37.470719],[144.767839,-37.470732]]},{"h":6,"g":[[144.768958,-37.470725],[144.768977,-37.470825],[144.769068,-37.470815],[144.769049,-37.470714],[144.768958,-37.470725]]}]}