{"b":[{"h":6,"g":[[144.775166,-37.645547],[144.775295,-37.645564],[144.775346,-37.645314],[144.77522,-37.645292],[144.775166,-37.645547]]}]}