{"b":[{"h":6,"g":[[144.759623,-37.627005],[144.760257,-37.627066],[144.760276,-37.626925],[144.759646,-37.626863],[144.759623,-37.627005]]},{"h":6,"g":[[144.760497,-37.627034],[144.760603,-37.627045],[144.760634,-37.626877],[144.760517,-37.626867],[144.760497,-37.627034]]},{"h":6,"g":[[144.760633,-37.627079],[144.760731,-37.627083],[144.760756,-37.626953],[144.760648,-37.626949],[144.760633,-37.627079]]},{"h":6,"g":[[144.770101,-37.621867],[144.770197,-37.621907],[144.77022,-37.621861],[144.770128,-37.62182],[144.770101,-37.621867]]}]}