{"b":[{"h":6,"g":[[144.772128,-37.927487],[144.772164,-37.927546],[144.77241,-37.927467],[144.772374,-37.927406],[144.772128,-37.927487]]},{"h":6,"g":[[144.770748,-37.92794],[144.770782,-37.928],[144.770897,-37.927961],[144.770864,-37.927903],[144.770748,-37.92794]]},{"h":6,"g":[[144.771582,-37.927799],[144.771612,-37.92787],[144.77169,-37.927843],[144.771655,-37.927775],[144.771582,-37.927799]]},{"h":6,"g":[[144.756355,-37.927166],[144.756358,-37.927193],[144.756414,-37.927189],[144.75641,-37.927162],[144.756355,-37.927166]]}]}