{"b":[{"h":6,"g":[[144.772674,-38.358914],[144.773109,-38.359072],[144.773186,-38.358941],[144.773039,-38.358887],[144.773008,-38.35894],[144.77272,-38.358835],[144.772674,-38.358914]]}]}