{"b":[{"h":6,"g":[[144.762414,-38.349862],[144.762419,-38.349943],[144.762478,-38.349941],[144.762473,-38.349859],[144.762414,-38.349862]]},{"h":6,"g":[[144.771156,-38.358454],[144.77122,-38.358472],[144.771243,-38.358422],[144.771179,-38.358404],[144.771156,-38.358454]]},{"h":6,"g":[[144.772001,-38.358749],[144.772117,-38.358792],[144.772273,-38.358529],[144.772157,-38.358487],[144.772001,-38.358749]]},{"h":6,"g":[[144.761289,-38.356761],[144.761401,-38.356849],[144.761509,-38.356933],[144.761693,-38.356789],[144.761582,-38.356702],[144.761472,-38.356616],[144.761289,-38.356761]]}]}