{"b":[{"h":6,"g":[[144.830592,-37.503811],[144.830597,-37.503913],[144.830634,-37.503913],[144.830675,-37.503927],[144.830928,-37.503916],[144.830923,-37.503811],[144.830696,-37.503821],[144.830696,-37.503808],[144.830592,-37.503811]]},{"h":6,"g":[[144.830392,-37.504033],[144.830518,-37.504037],[144.830526,-37.503941],[144.830406,-37.503933],[144.830392,-37.504033]]},{"h":6,"g":[[144.830581,-37.503981],[144.830582,-37.503994],[144.830588,-37.504006],[144.8306,-37.504017],[144.830616,-37.504025],[144.830635,-37.504027],[144.830653,-37.504025],[144.83067,-37.504017],[144.830682,-37.504006],[144.830688,-37.503992],[144.830689,-37.503977],[144.830682,-37.503963],[144.830671,-37.503952],[144.830654,-37.503944],[144.830636,-37.503941],[144.83062,-37.503943],[144.830605,-37.503949],[144.830593,-37.503957],[144.830585,-37.503968],[144.830581,-37.503981]]}]}