{"b":[{"h":6,"g":[[144.831364,-37.543049],[144.83163,-37.543092],[144.83163,-37.543141],[144.831772,-37.543156],[144.831804,-37.542936],[144.831394,-37.542888],[144.831364,-37.543049]]},{"h":6,"g":[[144.831423,-37.544247],[144.831589,-37.544261],[144.831627,-37.544074],[144.831461,-37.544059],[144.831423,-37.544247]]},{"h":6,"g":[[144.831102,-37.544048],[144.831205,-37.54406],[144.831222,-37.543958],[144.831111,-37.543947],[144.831102,-37.544048]]},{"h":6,"g":[[144.836562,-37.531862],[144.83665,-37.531996],[144.83675,-37.531955],[144.836662,-37.531821],[144.836562,-37.531862]]}]}