{"t":[{"r":"HEALESVILLE-KINGLAKE ROAD","v":1453,"h":9,"c":[[145.47637,-37.54231],[145.4815,-37.54368],[145.48239,-37.54444],[145.48101,-37.54785]]},{"r":"HEALESVILLE-KINGLAKE ROAD","v":1374,"h":9,"c":[[145.48241,-37.54485],[145.48226,-37.54427],[145.4815,-37.54368],[145.48007,-37.54349]]}]}