{"t":[{"r":"HEALESVILLE-KINGLAKE ROAD","v":1453,"h":9,"c":[[145.48574,-37.56181],[145.48726,-37.56273],[145.48676,-37.56329],[145.4852,-37.56297],[145.48341,-37.56329],[145.48159,-37.5642],[145.47991,-37.56589],[145.48151,-37.56945],[145.48202,-37.57158],[145.482,-37.57387],[145.48274,-37.57455],[145.48291,-37.57573],[145.48533,-37.57771],[145.48586,-37.57984]]},{"r":"HEALESVILLE-KINGLAKE ROAD","v":1374,"h":9,"c":[[145.48578,-37.57965],[145.48533,-37.57771],[145.483,-37.57587],[145.48274,-37.57455],[145.482,-37.57387],[145.48202,-37.57158],[145.48151,-37.56945],[145.47991,-37.56589],[145.48159,-37.5642],[145.48341,-37.56329],[145.4852,-37.56297],[145.48676,-37.56329],[145.48726,-37.56273],[145.48574,-37.56181]]}]}