{"t":[{"r":"MAROONDAH HIGHWAY","v":4702,"h":9,"c":[[145.48425,-37.68413],[145.48624,-37.68285],[145.48888,-37.67873],[145.49044,-37.67762],[145.49293,-37.67712],[145.50056,-37.67803],[145.50313,-37.67781]]},{"r":"MAROONDAH HIGHWAY","v":4767,"h":5,"c":[[145.50313,-37.67781],[145.50056,-37.67803],[145.49293,-37.67712],[145.49044,-37.67762],[145.48888,-37.67873],[145.48624,-37.68285],[145.48425,-37.68413]]}]}