{"t":[{"r":"HEALESVILLE-KINGLAKE ROAD","v":1453,"h":9,"c":[[145.49623,-37.61369],[145.49706,-37.61507],[145.49761,-37.61868],[145.49702,-37.62003],[145.4981,-37.62241],[145.49894,-37.62917],[145.49997,-37.6316],[145.49886,-37.63347]]},{"r":"HEALESVILLE-KINGLAKE ROAD","v":1374,"h":9,"c":[[145.49886,-37.63347],[145.49997,-37.6316],[145.49894,-37.62917],[145.4981,-37.62241],[145.49703,-37.62017],[145.49761,-37.61868],[145.49706,-37.61507],[145.49623,-37.61369]]}]}