{"t":[{"r":"HEALESVILLE-KINGLAKE ROAD","v":1453,"h":9,"c":[[145.48533,-37.57771],[145.48586,-37.57984],[145.48626,-37.58025],[145.48711,-37.58045],[145.48832,-37.57993],[145.48909,-37.58002],[145.48802,-37.58119],[145.48783,-37.58202],[145.48918,-37.58349],[145.48936,-37.58483],[145.48996,-37.58542],[145.48844,-37.59048],[145.48729,-37.59178],[145.48655,-37.59362],[145.48744,-37.59473],[145.48739,-37.59832]]},{"r":"HEALESVILLE-KINGLAKE ROAD","v":1374,"h":9,"c":[[145.48739,-37.59832],[145.48741,-37.59459],[145.48655,-37.59343],[145.48729,-37.59178],[145.48847,-37.59038],[145.48995,-37.58557],[145.48936,-37.58483],[145.48918,-37.58349],[145.48783,-37.58202],[145.48802,-37.58119],[145.48905,-37.58011],[145.48832,-37.57993],[145.48711,-37.58045],[145.48626,-37.58025],[145.48578,-37.57965],[145.48533,-37.57771]]}]}