{"t":[{"r":"HEALESVILLE-KINGLAKE ROAD","v":1453,"h":9,"c":[[145.49997,-37.6316],[145.49886,-37.63347],[145.49949,-37.63585],[145.49881,-37.63719],[145.4988,-37.63831],[145.49822,-37.63947],[145.49838,-37.64068],[145.498,-37.64146],[145.49783,-37.64932]]},{"r":"HEALESVILLE-KINGLAKE ROAD","v":1374,"h":9,"c":[[145.49807,-37.64997],[145.49783,-37.64892],[145.498,-37.64146],[145.49838,-37.64068],[145.49822,-37.63947],[145.4988,-37.63831],[145.49881,-37.63719],[145.49947,-37.63604],[145.49886,-37.63347],[145.49997,-37.6316]]}]}