{"t":[{"r":"HEALESVILLE-KINGLAKE ROAD","v":1453,"h":9,"c":[[145.48744,-37.59473],[145.48739,-37.59832],[145.48877,-37.5994],[145.48933,-37.60073],[145.48878,-37.60379],[145.48902,-37.60506],[145.49004,-37.60687],[145.49148,-37.60761],[145.49212,-37.60866],[145.49484,-37.61065],[145.49578,-37.61196],[145.49623,-37.61369],[145.49706,-37.61507]]},{"r":"HEALESVILLE-KINGLAKE ROAD","v":1374,"h":9,"c":[[145.49706,-37.61507],[145.49623,-37.61369],[145.49578,-37.61196],[145.49484,-37.61065],[145.49212,-37.60866],[145.49148,-37.60761],[145.49017,-37.60698],[145.48897,-37.60496],[145.48878,-37.60379],[145.48933,-37.60073],[145.48877,-37.5994],[145.48739,-37.59832],[145.48741,-37.59459]]}]}