{"t":[{"r":"MACCLESFIELD ROAD","v":569,"h":0,"c":[[145.48122,-37.8572],[145.4784,-37.86054]]},{"r":"MACCLESFIELD ROAD","v":621,"h":0,"c":[[145.48122,-37.8572],[145.4784,-37.86054]]}]}