{"t":[{"r":"WARBURTON HIGHWAY","v":6978,"h":6,"c":[[145.46617,-37.77417],[145.48197,-37.77627],[145.49317,-37.77545],[145.50167,-37.77555],[145.5077,-37.775]]},{"r":"WARBURTON HIGHWAY","v":7632,"h":6,"c":[[145.5077,-37.775],[145.50167,-37.77555],[145.49317,-37.77545],[145.48197,-37.77627],[145.46617,-37.77417]]}]}