{"t":[{"r":"HEALESVILLE-KOO WEE RUP ROAD","v":1272,"h":18,"c":[[145.5037,-37.90708],[145.50203,-37.90709],[145.4999,-37.90838],[145.49963,-37.90964]]},{"r":"WOORI YALLOCK ROAD","v":1236,"h":18,"c":[[145.49963,-37.90964],[145.4999,-37.90838],[145.50203,-37.90709],[145.5037,-37.90708]]}]}