{"t":[{"r":"BEENAK ROAD","v":3717,"h":6,"c":[[145.47957,-37.80529],[145.48929,-37.80687],[145.49293,-37.80544]]},{"r":"BEENAK ROAD","v":3717,"h":6,"c":[[145.49467,-37.80527],[145.4965,-37.80598],[145.49881,-37.80812],[145.50328,-37.80912]]},{"r":"BEENAK ROAD","v":3717,"h":6,"c":[[145.47957,-37.80529],[145.48929,-37.80687],[145.49293,-37.80544]]},{"r":"BEENAK ROAD","v":3717,"h":6,"c":[[145.49467,-37.80527],[145.4965,-37.80598],[145.49881,-37.80812],[145.50328,-37.80912]]}]}