{"t":[{"r":"BOURKES CREEK ROAD","v":42,"h":5,"c":[[145.49199,-37.99555],[145.49378,-37.99904],[145.50007,-38.00004],[145.50231,-38.00091],[145.50361,-38.00182]]},{"r":"BOURKES CREEK ROAD","v":48,"h":6,"c":[[145.49199,-37.99555],[145.49378,-37.99904],[145.50007,-38.00004],[145.50231,-38.00091],[145.50361,-38.00182]]}]}