{"t":[{"r":"KOO WEE RUP ROAD","v":6729,"h":11,"c":[[145.49082,-38.12552],[145.48852,-38.13664],[145.48863,-38.1396],[145.48551,-38.15366]]},{"r":"TWYFORD ROAD","v":1735,"h":9,"c":[[145.33432,-38.13472],[145.4855,-38.15366]]},{"r":"TWYFORD ROAD","v":1654,"h":12,"c":[[145.4855,-38.15366],[145.33432,-38.13472]]},{"r":"KOO WEE RUP ROAD","v":7182,"h":12,"c":[[145.48551,-38.15366],[145.48863,-38.1396],[145.48852,-38.13664],[145.49082,-38.12552]]}]}