{"t":[{"r":"KOO WEE RUP ROAD","v":6729,"h":11,"c":[[145.48973,-38.09468],[145.48517,-38.11635],[145.48594,-38.11848]]},{"r":"KOO WEE RUP ROAD","v":7182,"h":12,"c":[[145.48594,-38.11848],[145.48517,-38.11635],[145.48973,-38.09468]]}]}