{"t":[{"r":"KOO WEE RUP ROAD","v":4564,"h":19,"c":[[145.48551,-38.15366],[145.47918,-38.18308]]},{"r":"KOO WEE RUP ROAD","v":4708,"h":28,"c":[[145.47918,-38.18308],[145.48551,-38.15366]]}]}