{"t":[{"r":"KOO WEE RUP ROAD","v":6729,"h":11,"c":[[145.48517,-38.11635],[145.48594,-38.11848],[145.48894,-38.12138],[145.49064,-38.12426],[145.49082,-38.12552],[145.48852,-38.13664]]},{"r":"KOO WEE RUP ROAD","v":7182,"h":12,"c":[[145.48852,-38.13664],[145.49082,-38.12552],[145.49064,-38.12426],[145.48894,-38.12138],[145.48594,-38.11848],[145.48517,-38.11635]]}]}