{"t":[{"r":"CORINELLA ROAD","v":1427,"h":7,"c":[[145.43851,-38.42337],[145.48191,-38.42893]]},{"r":"CORINELLA ROAD","v":1409,"h":7,"c":[[145.48191,-38.42893],[145.43851,-38.42337]]},{"r":"BASS HIGHWAY","v":6708,"h":10,"c":[[145.51549,-38.42361],[145.49751,-38.43305]]},{"r":"BASS HIGHWAY","v":5535,"h":10,"c":[[145.49718,-38.43277],[145.51508,-38.42366]]}]}