{"t":[{"r":"WHITTLESEA-YEA ROAD","v":739,"h":12,"c":[[145.23965,-37.47041],[145.23701,-37.47557]]},{"r":"WHITTLESEA-YEA ROAD","v":748,"h":14,"c":[[145.23701,-37.47557],[145.23965,-37.47041]]}]}