{"t":[{"r":"SCOTT STREET","v":1276,"h":7,"c":[[145.22887,-37.61482],[145.23041,-37.61302],[145.23469,-37.61243],[145.23625,-37.61148],[145.23881,-37.60871],[145.23944,-37.6084]]},{"r":"COTTLES BRIDGE-STRATHEWEN ROAD","v":3717,"h":6,"c":[[145.21563,-37.60833],[145.21733,-37.61465]]},{"r":"HEIDELBERG-KINGLAKE ROAD","v":1287,"h":7,"c":[[145.23944,-37.6084],[145.23873,-37.60878],[145.23625,-37.61148],[145.23469,-37.61243],[145.23135,-37.61275],[145.23025,-37.61315],[145.22887,-37.61482]]},{"r":"COTTLES BRIDGE-STRATHEWEN ROAD","v":3717,"h":6,"c":[[145.21563,-37.60833],[145.21733,-37.61465]]}]}