{"t":[{"r":"KANGAROO GROUND-WARRANDYTE ROAD","v":2346,"h":3,"c":[[145.22578,-37.71725],[145.22453,-37.7187],[145.22444,-37.71999],[145.22559,-37.72165],[145.23028,-37.72631],[145.23079,-37.72807],[145.23005,-37.72943],[145.22635,-37.73251],[145.22287,-37.73472],[145.22249,-37.73537]]},{"r":"KANGAROO GROUND-WARRANDYTE ROAD","v":7673,"h":3,"c":[[145.22249,-37.73537],[145.22253,-37.73696]]},{"r":"KANGAROO GROUND-WARRANDYTE ROAD","v":2362,"h":3,"c":[[145.22249,-37.73537],[145.22287,-37.73472],[145.22635,-37.73251],[145.23005,-37.72943],[145.23079,-37.72807],[145.23028,-37.72631],[145.22559,-37.72165],[145.22444,-37.71999],[145.22443,-37.71887],[145.22574,-37.71742]]},{"r":"KANGAROO GROUND-WARRANDYTE ROAD","v":8196,"h":3,"c":[[145.22253,-37.73696],[145.22249,-37.73537]]}]}