{"t":[{"r":"KANGAROO GROUND-ST ANDREWS ROAD","v":2018,"h":12,"c":[[145.22425,-37.66636],[145.22233,-37.66974],[145.22266,-37.67407],[145.22141,-37.6758],[145.22124,-37.67881],[145.22001,-37.68343],[145.21928,-37.6842]]},{"r":"ELTHAM-YARRA GLEN ROAD","v":1898,"h":20,"c":[[145.23559,-37.68421],[145.23686,-37.68328],[145.24115,-37.6815]]},{"r":"ELTHAM-YARRA GLEN ROAD","v":1864,"h":6,"c":[[145.24115,-37.6815],[145.23686,-37.68328],[145.23559,-37.68421]]},{"r":"KANGAROO GROUND-ST ANDREWS ROAD","v":2007,"h":21,"c":[[145.21928,-37.6842],[145.22001,-37.68343],[145.22124,-37.67881],[145.22137,-37.67596],[145.22266,-37.67407],[145.22233,-37.66974],[145.22425,-37.66636]]}]}