{"t":[{"r":"KANGAROO GROUND-WARRANDYTE ROAD","v":2346,"h":3,"c":[[145.22532,-37.70097],[145.22674,-37.70203],[145.2274,-37.70403],[145.22707,-37.70485],[145.22495,-37.70707],[145.22293,-37.70841],[145.22155,-37.71071],[145.22156,-37.71218],[145.22241,-37.71332],[145.22551,-37.71546],[145.22578,-37.71725],[145.22453,-37.7187]]},{"r":"KANGAROO GROUND-WARRANDYTE ROAD","v":2362,"h":3,"c":[[145.22443,-37.71887],[145.22574,-37.71742],[145.22551,-37.71546],[145.22241,-37.71332],[145.22156,-37.71218],[145.22162,-37.71054],[145.22293,-37.70841],[145.22495,-37.70707],[145.2274,-37.70421],[145.22674,-37.70203],[145.22532,-37.70097]]}]}