{"t":[{"r":"DANDENONG-HASTINGS ROAD","v":13940,"h":11,"c":[[145.23964,-38.07784],[145.23682,-38.09237],[145.23355,-38.10711]]},{"r":"WEDGE ROAD","v":5742,"h":6,"c":[[145.19996,-38.08799],[145.21838,-38.0902]]},{"r":"DANDENONG-HASTINGS ROAD","v":15943,"h":9,"c":[[145.23355,-38.10711],[145.23945,-38.07766]]},{"r":"WEDGE ROAD","v":5742,"h":6,"c":[[145.19996,-38.08799],[145.21838,-38.0902]]}]}