{"t":[{"r":"DANDENONG-HASTINGS ROAD","v":13940,"h":11,"c":[[145.23964,-38.07784],[145.23682,-38.09237]]},{"r":"THOMPSONS ROAD","v":9531,"h":11,"c":[[145.20309,-38.07319],[145.23946,-38.07766]]},{"r":"DANDENONG-HASTINGS ROAD","v":15943,"h":9,"c":[[145.23355,-38.10711],[145.23945,-38.07766]]},{"r":"THOMPSONS ROAD","v":6905,"h":12,"c":[[145.23946,-38.07766],[145.20309,-38.07319]]}]}