{"t":[{"r":"BAYVIEW ROAD","v":3717,"h":6,"c":[[145.19823,-38.28781],[145.22078,-38.29335]]},{"r":"BAYVIEW ROAD","v":3717,"h":6,"c":[[145.19823,-38.28781],[145.22078,-38.29335]]}]}