{"t":[{"r":"STONY POINT ROAD","v":3339,"h":4,"c":[[145.2137,-38.36933],[145.21831,-38.37251],[145.22195,-38.37366]]},{"r":"STONY POINT ROAD","v":3414,"h":4,"c":[[145.22195,-38.37366],[145.21831,-38.37251],[145.2137,-38.36933]]}]}