{"t":[{"r":"PHILLIP ISLAND ROAD","v":4399,"h":12,"c":[[145.23895,-38.47864],[145.23925,-38.48002],[145.24008,-38.48102]]},{"r":"VENTNOR BEACH ROAD","v":215,"h":7,"c":[[145.20143,-38.48197],[145.23894,-38.48208]]},{"r":"PHILLIP ISLAND ROAD","v":4428,"h":6,"c":[[145.24008,-38.48102],[145.23925,-38.48002],[145.23895,-38.47864]]},{"r":"VENTNOR BEACH ROAD","v":207,"h":9,"c":[[145.20143,-38.48197],[145.23894,-38.48208]]}]}