{"t":[{"r":"PHILLIP ISLAND ROAD","v":4050,"h":5,"c":[[145.23899,-38.44806],[145.23898,-38.46364]]},{"r":"PHILLIP ISLAND ROAD","v":4105,"h":5,"c":[[145.23898,-38.46364],[145.23899,-38.44806]]}]}