{"n":{"rail":[[[144.57664,-37.45058],[144.56654,-37.43724],[144.56262,-37.42913]],[[144.56257,-37.42914],[144.56649,-37.43726],[144.5766,-37.4506]]],"freeway":[[[144.56343,-37.44683],[144.54822,-37.43573]],[[144.54848,-37.43558],[144.56368,-37.44667]]]}}