{"n":{"rail":[[[144.58043,-37.45387],[144.57664,-37.45058],[144.56654,-37.43724]],[[144.56649,-37.43726],[144.5766,-37.4506],[144.5804,-37.4539]]],"freeway":[[[144.57777,-37.45656],[144.57798,-37.45685]],[[144.57748,-37.45667],[144.5756,-37.45434],[144.57333,-37.45235],[144.56343,-37.44683],[144.54822,-37.43573]],[[144.57771,-37.457],[144.57748,-37.45667]],[[144.57798,-37.45685],[144.58072,-37.46338]],[[144.5792,-37.45644],[144.57889,-37.45732]],[[144.54848,-37.43558],[144.56368,-37.44667],[144.57357,-37.45218],[144.57583,-37.45416],[144.57777,-37.45656]],[[144.57894,-37.45927],[144.57771,-37.457]],[[144.57777,-37.45787],[144.57687,-37.45713]],[[144.57777,-37.45787],[144.57726,-37.45697]],[[144.57889,-37.45732],[144.57959,-37.46028]]]}}