{"n":{"rail":[[[144.50771,-37.95879],[144.58831,-37.92776]],[[144.58834,-37.92779],[144.50668,-37.95924]],[[144.61556,-37.91715],[144.50724,-37.95891]]],"freeway":[[[144.6068,-37.94165],[144.56438,-37.96484]],[[144.55933,-37.96752],[144.60659,-37.9415]]]}}