{"b":[{"h":6,"g":[[144.326315,-37.316345],[144.326633,-37.316371],[144.326647,-37.316252],[144.326327,-37.316226],[144.326315,-37.316345]]},{"h":6,"g":[[144.326372,-37.316369],[144.326372,-37.316375],[144.326376,-37.316381],[144.326381,-37.316386],[144.326388,-37.316389],[144.326396,-37.31639],[144.326404,-37.316388],[144.326411,-37.316385],[144.326416,-37.31638],[144.326419,-37.316374],[144.326419,-37.316368],[144.326417,-37.316362],[144.326412,-37.316357],[144.326405,-37.316353],[144.326397,-37.316352],[144.32639,-37.316352],[144.326383,-37.316355],[144.326377,-37.316359],[144.326373,-37.316364],[144.326372,-37.316369]]},{"h":6,"g":[[144.326427,-37.316374],[144.326428,-37.316379],[144.326432,-37.316384],[144.326437,-37.316387],[144.326444,-37.316389],[144.32645,-37.316389],[144.326457,-37.316387],[144.326462,-37.316384],[144.326466,-37.316379],[144.326468,-37.316374],[144.326467,-37.316369],[144.326464,-37.316364],[144.326459,-37.31636],[144.326453,-37.316357],[144.326446,-37.316356],[144.32644,-37.316358],[144.326434,-37.31636],[144.32643,-37.316364],[144.326427,-37.316369],[144.326427,-37.316374]]}]}