{"b":[{"h":6,"g":[[144.336936,-37.350787],[144.337016,-37.350791],[144.337031,-37.350616],[144.336951,-37.350612],[144.336936,-37.350787]]},{"h":6,"g":[[144.336886,-37.350975],[144.336969,-37.350979],[144.336978,-37.350838],[144.336895,-37.350835],[144.336886,-37.350975]]}]}