{"b":[{"h":6,"g":[[144.316522,-37.407917],[144.316522,-37.407922],[144.316525,-37.407927],[144.31653,-37.407931],[144.316535,-37.407933],[144.316542,-37.407934],[144.316548,-37.407933],[144.316554,-37.407931],[144.316558,-37.407927],[144.316561,-37.407922],[144.316562,-37.407917],[144.31656,-37.407912],[144.316557,-37.407908],[144.316552,-37.407905],[144.316546,-37.407903],[144.31654,-37.407902],[144.316533,-37.407904],[144.316527,-37.407907],[144.316523,-37.407911],[144.316522,-37.407917]]},{"h":6,"g":[[144.316512,-37.407965],[144.316516,-37.407972],[144.316521,-37.407978],[144.31653,-37.407982],[144.316539,-37.407984],[144.316548,-37.407983],[144.316557,-37.40798],[144.316564,-37.407975],[144.316568,-37.407968],[144.316569,-37.40796],[144.316567,-37.407953],[144.316562,-37.407946],[144.316555,-37.407941],[144.316546,-37.407939],[144.316537,-37.407938],[144.316528,-37.407941],[144.316521,-37.407945],[144.316515,-37.407951],[144.316512,-37.407958],[144.316512,-37.407965]]}]}