{"b":[{"h":6,"g":[[144.320378,-37.630331],[144.320556,-37.630757],[144.320558,-37.630762],[144.320655,-37.630739],[144.320478,-37.630301],[144.320378,-37.630331]]},{"h":6,"g":[[144.320245,-37.630156],[144.320255,-37.630183],[144.320262,-37.630203],[144.320313,-37.630191],[144.320471,-37.630154],[144.320411,-37.629994],[144.320257,-37.63003],[144.320299,-37.630143],[144.320245,-37.630156]]}]}