{"b":[{"h":6.4,"g":[[144.332626,-37.790336],[144.332765,-37.790353],[144.3328,-37.79017],[144.332661,-37.790153],[144.332626,-37.790336]]},{"h":6,"g":[[144.335924,-37.791576],[144.336029,-37.791587],[144.336019,-37.791643],[144.336141,-37.791656],[144.336169,-37.791496],[144.335942,-37.791471],[144.335924,-37.791576]]},{"h":6.4,"g":[[144.336657,-37.790699],[144.336791,-37.790714],[144.336819,-37.790554],[144.336685,-37.790539],[144.336657,-37.790699]]}]}