{"n":{"rail":[[[144.77811,-37.70611],[144.7785,-37.70663]],[[144.7785,-37.70663],[144.79025,-37.72162]],[[144.79037,-37.72184],[144.77848,-37.70666]],[[144.77807,-37.70613],[144.77618,-37.70377]],[[144.77848,-37.70666],[144.77807,-37.70613]],[[144.7734,-37.70012],[144.77811,-37.70611]]],"freeway":[[[144.80119,-37.70182],[144.79778,-37.70107]],[[144.79727,-37.70073],[144.80045,-37.70146]]]}}