{"n":{"rail":[[[144.7734,-37.70012],[144.77811,-37.70611]]],"freeway":[[[144.79092,-37.69956],[144.79098,-37.69937]],[[144.7814,-37.69729],[144.78134,-37.69746]],[[144.80286,-37.69636],[144.79933,-37.69405]],[[144.78112,-37.69741],[144.7809,-37.69736]],[[144.78118,-37.69725],[144.7814,-37.69729]],[[144.77791,-37.69706],[144.77787,-37.69671]],[[144.7793,-37.69701],[144.7782,-37.69695]],[[144.78098,-37.69784],[144.7809,-37.69736]],[[144.7822,-37.6831],[144.78505,-37.68454]],[[144.79163,-37.6893],[144.78856,-37.68785]],[[144.78535,-37.68759],[144.78533,-37.6865]],[[144.78955,-37.68735],[144.79325,-37.68994]],[[144.78319,-37.69786],[144.78126,-37.69767]],[[144.78024,-37.69704],[144.78125,-37.69703]],[[144.78155,-37.69686],[144.7816,-37.69734]],[[144.7873,-37.68468],[144.78832,-37.68447]],[[144.78962,-37.68394],[144.7891,-37.68477]],[[144.78505,-37.68833],[144.78535,-37.68759]],[[144.78648,-37.68793],[144.78544,-37.68813]],[[144.79933,-37.69405],[144.79163,-37.6893]],[[144.79627,-37.70072],[144.79554,-37.70056]],[[144.78644,-37.69838],[144.78769,-37.69865]],[[144.77822,-37.69659],[144.77834,-37.69662]],[[144.78215,-37.69763],[144.78134,-37.69746]],[[144.7793,-37.69701],[144.77829,-37.69679]],[[144.78678,-37.69845],[144.78774,-37.6985]],[[144.78769,-37.69865],[144.78763,-37.69884]],[[144.79638,-37.70054],[144.79627,-37.70072]],[[144.7822,-37.6831],[144.79325,-37.68994]],[[144.79655,-37.70058],[144.79727,-37.70073]],[[144.77464,-37.69581],[144.77822,-37.69659]],[[144.78644,-37.69838],[144.78639,-37.69857]],[[144.78112,-37.69741],[144.78118,-37.69725]],[[144.78181,-37.69739],[144.78419,-37.69789]],[[144.77815,-37.69676],[144.77822,-37.69659]],[[144.77834,-37.69662],[144.77915,-37.6968]],[[144.79632,-37.70053],[144.79655,-37.70058]],[[144.78769,-37.69865],[144.79544,-37.70034]],[[144.79163,-37.6893],[144.77998,-37.6821]],[[144.79325,-37.68994],[144.80333,-37.69619]],[[144.78134,-37.69746],[144.78112,-37.69741]],[[144.78024,-37.69704],[144.78118,-37.69725]],[[144.78414,-37.69807],[144.78319,-37.69786]],[[144.79544,-37.70034],[144.79632,-37.70053]],[[144.78886,-37.68484],[144.78904,-37.68502]],[[144.78549,-37.68788],[144.78535,-37.68759]],[[144.7814,-37.69729],[144.7816,-37.69734]],[[144.7809,-37.69736],[144.78083,-37.69735]],[[144.78639,-37.69857],[144.78414,-37.69807]],[[144.77915,-37.6968],[144.77979,-37.69694]],[[144.78083,-37.69735],[144.7793,-37.69701]],[[144.7816,-37.69734],[144.78181,-37.69739]],[[144.78419,-37.69789],[144.78644,-37.69838]],[[144.7842,-37.68488],[144.77998,-37.6821]],[[144.80119,-37.70182],[144.79778,-37.70107]],[[144.79743,-37.70098],[144.79627,-37.70072]],[[144.79778,-37.70107],[144.79743,-37.70098]],[[144.79554,-37.70056],[144.78639,-37.69857]],[[144.79727,-37.70073],[144.80045,-37.70146]],[[144.78606,-37.68804],[144.78561,-37.68796]],[[144.79627,-37.70072],[144.79632,-37.70053]],[[144.78856,-37.68785],[144.78648,-37.68793]],[[144.78648,-37.68793],[144.78606,-37.68804]],[[144.78832,-37.68447],[144.7889,-37.68452]],[[144.7873,-37.68468],[144.78869,-37.68473]],[[144.78505,-37.68454],[144.7873,-37.68468]],[[144.78533,-37.6865],[144.7842,-37.68488]],[[144.77815,-37.69676],[144.77668,-37.69645]],[[144.80167,-37.69551],[144.79933,-37.69405]],[[144.77834,-37.69662],[144.77829,-37.69679]],[[144.77829,-37.69679],[144.77815,-37.69676]],[[144.7891,-37.68477],[144.78904,-37.68502]],[[144.78878,-37.68479],[144.78886,-37.68484]],[[144.78904,-37.68502],[144.78955,-37.68735]],[[144.78319,-37.69786],[144.78215,-37.69763]],[[144.77979,-37.69694],[144.78024,-37.69704]]]}}