{"n":{"rail":[[[144.77899,-37.77949],[144.7861,-37.78131],[144.81485,-37.78432]],[[144.81486,-37.78439],[144.78641,-37.78139],[144.77897,-37.77954]],[[144.77636,-37.77875],[144.77899,-37.77949]],[[144.77897,-37.77954],[144.77634,-37.7788]]],"freeway":[[[144.78617,-37.77174],[144.77924,-37.77091]],[[144.78752,-37.79015],[144.78869,-37.78612],[144.791,-37.78195]],[[144.79462,-37.77173],[144.79412,-37.77359],[144.79427,-37.77571]],[[144.79575,-37.77001],[144.79462,-37.77173]],[[144.79431,-37.77175],[144.79547,-37.77]],[[144.79163,-37.78154],[144.7913,-37.78197]],[[144.7913,-37.78197],[144.78951,-37.78498],[144.78842,-37.78787]],[[144.78688,-37.77173],[144.78617,-37.77174]],[[144.78615,-37.77162],[144.78688,-37.77161]],[[144.79009,-37.77078],[144.78688,-37.77173]],[[144.7884,-37.7714],[144.78832,-37.77128]],[[144.79656,-37.77034],[144.79983,-37.77175]],[[144.79665,-37.77064],[144.79622,-37.77076]],[[144.79561,-37.77131],[144.79519,-37.77179]],[[144.79519,-37.77179],[144.79443,-37.77308],[144.79427,-37.77571]],[[144.791,-37.78195],[144.79134,-37.7815]],[[144.79134,-37.7815],[144.79352,-37.77844],[144.79404,-37.77619]],[[144.79401,-37.77604],[144.79358,-37.77363],[144.79389,-37.77179]],[[144.79389,-37.77179],[144.79403,-37.77125]],[[144.78063,-37.77107],[144.78065,-37.77094]],[[144.78017,-37.77088],[144.78018,-37.77101]],[[144.78842,-37.78787],[144.78813,-37.78962]],[[144.77924,-37.77091],[144.77725,-37.77067]],[[144.79403,-37.77125],[144.79442,-37.77051]],[[144.79403,-37.77125],[144.79376,-37.77055]],[[144.79427,-37.77571],[144.79386,-37.77846],[144.79163,-37.78154]],[[144.79404,-37.77619],[144.79387,-37.77341],[144.79431,-37.77175]],[[144.78842,-37.78787],[144.78757,-37.79177]],[[144.79601,-37.77064],[144.79575,-37.77113]],[[144.79622,-37.77076],[144.79575,-37.77113]],[[144.79984,-37.77198],[144.79761,-37.77092]],[[144.77815,-37.77063],[144.78109,-37.77101]],[[144.78109,-37.77101],[144.78615,-37.77162]],[[144.79404,-37.77619],[144.79401,-37.77604]],[[144.7894,-37.77079],[144.78989,-37.77065]],[[144.78688,-37.77161],[144.7894,-37.77079]],[[144.79761,-37.77092],[144.79665,-37.77064]],[[144.79575,-37.77113],[144.79561,-37.77131]],[[144.79308,-37.77058],[144.79009,-37.77078]],[[144.79919,-37.77145],[144.79989,-37.77158]]]}}