{"n":{"rail":[[[144.72249,-37.87624],[144.77924,-37.86189]],[[144.77953,-37.86192],[144.77932,-37.86197]],[[144.79038,-37.85913],[144.8224,-37.85105]],[[144.77732,-37.86244],[144.77816,-37.86227]],[[144.77931,-37.86193],[144.77952,-37.86188]],[[144.82241,-37.85109],[144.7904,-37.85917]],[[144.77953,-37.86192],[144.77998,-37.8618]],[[144.7899,-37.85916],[144.78821,-37.85948]],[[144.78052,-37.86147],[144.78821,-37.85948],[144.78967,-37.85872],[144.79058,-37.85746]],[[144.78002,-37.86167],[144.78842,-37.85936],[144.78987,-37.85848],[144.79058,-37.85728]],[[144.78966,-37.85867],[144.78725,-37.85952],[144.78533,-37.85911],[144.78495,-37.85821],[144.7854,-37.85565]],[[144.78535,-37.85565],[144.78489,-37.85844],[144.78528,-37.85915],[144.78722,-37.85956],[144.78894,-37.85908]],[[144.78741,-37.85963],[144.78807,-37.85951]],[[144.79083,-37.85811],[144.79131,-37.85407]],[[144.77932,-37.86197],[144.77816,-37.86227]],[[144.77959,-37.862],[144.77933,-37.86206]],[[144.77933,-37.86206],[144.77182,-37.864]],[[144.77924,-37.86189],[144.77954,-37.86182]],[[144.79036,-37.85908],[144.80837,-37.8545]],[[144.78646,-37.86167],[144.78292,-37.86136],[144.77959,-37.862]],[[144.77998,-37.8618],[144.78322,-37.8613],[144.78646,-37.86167]],[[144.79062,-37.86223],[144.79042,-37.8622]],[[144.79042,-37.8622],[144.78646,-37.86167]],[[144.79035,-37.85905],[144.80837,-37.8545]],[[144.79029,-37.85915],[144.79038,-37.85913]],[[144.7904,-37.85917],[144.79031,-37.85919]],[[144.79031,-37.85919],[144.77998,-37.8618]],[[144.77952,-37.86188],[144.79029,-37.85915]],[[144.79027,-37.8591],[144.79036,-37.85908]],[[144.79026,-37.85907],[144.79035,-37.85905]],[[144.77958,-37.8618],[144.79026,-37.85907]],[[144.77954,-37.86182],[144.79027,-37.8591]],[[144.77732,-37.86244],[144.77931,-37.86193]],[[144.77816,-37.86227],[144.769,-37.86458]],[[144.8112,-37.86496],[144.79062,-37.86223]],[[144.78856,-37.85811],[144.78936,-37.85696]],[[144.78994,-37.85722],[144.78915,-37.85836]],[[144.7894,-37.85811],[144.78988,-37.85741]],[[144.78498,-37.85811],[144.78503,-37.8575]],[[144.80139,-37.85608],[144.79171,-37.85838],[144.79088,-37.85818]],[[144.79088,-37.85818],[144.79083,-37.85811]],[[144.80204,-37.85585],[144.79173,-37.85831],[144.79096,-37.85814]],[[144.79091,-37.85808],[144.79081,-37.85729]],[[144.79096,-37.85814],[144.79091,-37.85808]]],"freeway":[[[144.77686,-37.86244],[144.77979,-37.85012]],[[144.77982,-37.85101],[144.77709,-37.86239]]]}}