{"n":{"rail":[[[144.79038,-37.85913],[144.8224,-37.85105]],[[144.82241,-37.85109],[144.7904,-37.85917]],[[144.78967,-37.85872],[144.79058,-37.85746],[144.79136,-37.85311]],[[144.78987,-37.85848],[144.79058,-37.85728],[144.79173,-37.8507]],[[144.78495,-37.85821],[144.7854,-37.85565]],[[144.78535,-37.85565],[144.78489,-37.85844]],[[144.79133,-37.85358],[144.79101,-37.85665]],[[144.79128,-37.85356],[144.79027,-37.8554]],[[144.79019,-37.85537],[144.79081,-37.85464]],[[144.79122,-37.85387],[144.78989,-37.85646]],[[144.78936,-37.85696],[144.79098,-37.85453]],[[144.79132,-37.85426],[144.79095,-37.85669]],[[144.79081,-37.85729],[144.79126,-37.85433]],[[144.79083,-37.85811],[144.79131,-37.85407]],[[144.79113,-37.85414],[144.79074,-37.85601],[144.78994,-37.85722]],[[144.78988,-37.85741],[144.79044,-37.85652]],[[144.79002,-37.85694],[144.79087,-37.85544]],[[144.79092,-37.8552],[144.78996,-37.85677]],[[144.78999,-37.8569],[144.79078,-37.8557]],[[144.78994,-37.85668],[144.79097,-37.85488]],[[144.79104,-37.85454],[144.7899,-37.85655]],[[144.79036,-37.85908],[144.80837,-37.8545]],[[144.79035,-37.85905],[144.80837,-37.8545]],[[144.78856,-37.85811],[144.78936,-37.85696]],[[144.78994,-37.85722],[144.78915,-37.85836]],[[144.7894,-37.85811],[144.78988,-37.85741]],[[144.79009,-37.85564],[144.78982,-37.85603]],[[144.79027,-37.8554],[144.79009,-37.85564]],[[144.78975,-37.85599],[144.79002,-37.85561]],[[144.79002,-37.85561],[144.79019,-37.85537]],[[144.79074,-37.85446],[144.79144,-37.85272]],[[144.7903,-37.85507],[144.79061,-37.85465]],[[144.79061,-37.85465],[144.79074,-37.85446]],[[144.78498,-37.85811],[144.78503,-37.8575]],[[144.7896,-37.85673],[144.78957,-37.85677]],[[144.80139,-37.85608],[144.79171,-37.85838]],[[144.80204,-37.85585],[144.79173,-37.85831]],[[144.79091,-37.85808],[144.79081,-37.85729]]],"freeway":[[[144.79149,-37.84181],[144.78926,-37.84327]],[[144.78488,-37.84433],[144.78632,-37.84448]],[[144.78944,-37.84494],[144.7887,-37.84509]],[[144.78051,-37.84381],[144.78079,-37.84387]],[[144.78011,-37.84821],[144.78078,-37.84592]],[[144.78604,-37.8446],[144.78459,-37.84445]],[[144.78632,-37.84448],[144.78876,-37.84472]],[[144.78887,-37.84421],[144.78902,-37.84475]],[[144.80062,-37.83754],[144.79149,-37.84181]],[[144.7844,-37.8453],[144.78217,-37.84643]],[[144.78424,-37.84351],[144.7836,-37.84369],[144.78353,-37.8442]],[[144.78374,-37.84422],[144.78424,-37.84426]],[[144.7887,-37.84509],[144.78829,-37.8454]],[[144.78874,-37.84487],[144.78604,-37.8446]],[[144.78182,-37.84418],[144.78155,-37.84413]],[[144.78126,-37.84396],[144.78186,-37.84406]],[[144.78256,-37.84412],[144.78324,-37.84392]],[[144.7859,-37.84365],[144.79018,-37.84207]],[[144.77686,-37.86244],[144.77979,-37.85012]],[[144.78367,-37.84435],[144.78324,-37.84417]],[[144.78324,-37.84417],[144.78324,-37.84392]],[[144.78203,-37.84408],[144.78225,-37.8441]],[[144.78307,-37.84431],[144.78259,-37.84426]],[[144.78512,-37.84428],[144.78507,-37.84369],[144.78424,-37.84351]],[[144.78155,-37.84413],[144.77974,-37.84377]],[[144.78218,-37.84356],[144.78225,-37.8441]],[[144.78166,-37.84466],[144.78155,-37.84413]],[[144.78126,-37.84396],[144.78191,-37.84387]],[[144.78182,-37.84418],[144.78186,-37.84406]],[[144.78876,-37.84472],[144.78874,-37.84487]],[[144.78203,-37.84408],[144.78199,-37.8442]],[[144.78199,-37.8442],[144.78182,-37.84418]],[[144.78186,-37.84406],[144.78203,-37.84408]],[[144.78887,-37.84421],[144.78876,-37.84472]],[[144.79018,-37.84207],[144.80267,-37.83618]],[[144.78536,-37.84469],[144.78287,-37.84592],[144.78133,-37.84724],[144.78043,-37.8487],[144.77982,-37.85101]],[[144.78324,-37.84392],[144.78399,-37.8434],[144.7859,-37.84365]],[[144.78259,-37.84426],[144.78199,-37.8442]],[[144.78256,-37.84412],[144.78324,-37.84417]],[[144.78324,-37.84417],[144.78353,-37.8442]],[[144.78464,-37.84454],[144.78512,-37.84428]],[[144.78164,-37.84655],[144.78464,-37.84454]],[[144.78471,-37.84468],[144.78628,-37.84393]],[[144.78628,-37.84393],[144.79018,-37.84207]],[[144.78675,-37.844],[144.78536,-37.84469]],[[144.79149,-37.84181],[144.78675,-37.844]],[[144.77974,-37.84377],[144.77526,-37.84288]],[[144.78459,-37.84445],[144.78367,-37.84435]],[[144.78079,-37.84387],[144.78126,-37.84396]],[[144.77979,-37.85012],[144.78011,-37.84821]],[[144.78874,-37.84487],[144.7887,-37.84509]],[[144.78225,-37.8441],[144.78256,-37.84412]],[[144.78926,-37.84327],[144.78887,-37.84421]],[[144.78829,-37.8454],[144.78591,-37.84499],[144.7844,-37.8453]],[[144.78367,-37.84435],[144.78307,-37.84431]],[[144.78353,-37.8442],[144.78374,-37.84422]],[[144.78424,-37.84426],[144.78488,-37.84433]],[[144.77531,-37.84272],[144.78051,-37.84381]],[[144.77979,-37.85012],[144.78046,-37.8481],[144.78164,-37.84655]],[[144.78164,-37.84655],[144.78471,-37.84468]],[[144.77982,-37.85101],[144.77709,-37.86239]]]}}