{"b":[{"h":3.2,"g":[[144.885431,-37.436829],[144.885635,-37.437345],[144.885806,-37.437302],[144.885602,-37.436786],[144.885431,-37.436829]]}]}