{"b":[{"h":6,"g":[[144.880967,-38.460356],[144.881073,-38.460431],[144.881137,-38.460449],[144.881203,-38.460539],[144.881355,-38.460482],[144.881947,-38.460249],[144.881866,-38.460129],[144.881974,-38.460049],[144.881834,-38.459938],[144.881695,-38.460042],[144.881501,-38.459923],[144.880967,-38.460356]]}]}