{"t":[{"r":"MELBA HIGHWAY","v":1852,"h":17,"c":[[145.46298,-37.3513],[145.46219,-37.35502],[145.46244,-37.35676],[145.46575,-37.36139],[145.46699,-37.36377],[145.47015,-37.3668],[145.47134,-37.36861],[145.47374,-37.37738]]},{"r":"MELBA HIGHWAY","v":1852,"h":17,"c":[[145.46298,-37.3513],[145.46219,-37.35502],[145.46244,-37.35676],[145.46575,-37.36139],[145.46699,-37.36377],[145.47015,-37.3668],[145.47134,-37.36861],[145.47374,-37.37738]]},{"r":"MELBA HIGHWAY","v":1867,"h":17,"c":[[145.47374,-37.37738],[145.47134,-37.36861],[145.47015,-37.3668],[145.46699,-37.36377],[145.46575,-37.36139],[145.46244,-37.35676],[145.46219,-37.35502],[145.46298,-37.3513]]}]}