{"t":[{"r":"MELBA HIGHWAY","v":1852,"h":17,"c":[[145.46306,-37.2976],[145.46275,-37.30238],[145.46239,-37.30349],[145.45819,-37.30966]]},{"r":"MELBA HIGHWAY","v":1852,"h":17,"c":[[145.46306,-37.2976],[145.46275,-37.30238],[145.46239,-37.30349],[145.45819,-37.30966]]},{"r":"MELBA HIGHWAY","v":1867,"h":17,"c":[[145.45819,-37.30966],[145.46239,-37.30349],[145.46275,-37.30238],[145.46306,-37.2976]]}]}