{"t":[{"r":"MELBA HIGHWAY","v":1852,"h":17,"c":[[145.46251,-37.28093],[145.46509,-37.2867],[145.46506,-37.28885],[145.46553,-37.29155],[145.46533,-37.29267],[145.46306,-37.2976],[145.46275,-37.30238]]},{"r":"MELBA HIGHWAY","v":1852,"h":17,"c":[[145.46251,-37.28093],[145.46509,-37.2867],[145.46506,-37.28885],[145.46553,-37.29155],[145.46533,-37.29267],[145.46306,-37.2976],[145.46275,-37.30238]]},{"r":"MELBA HIGHWAY","v":1867,"h":17,"c":[[145.46275,-37.30238],[145.46306,-37.2976],[145.46533,-37.29267],[145.46553,-37.29155],[145.46506,-37.28885],[145.46509,-37.2867],[145.46251,-37.28093]]}]}