{"t":[{"r":"MELBA HIGHWAY","v":1852,"h":17,"c":[[145.47134,-37.36861],[145.47374,-37.37738],[145.47359,-37.38023],[145.47393,-37.38346],[145.47377,-37.38431],[145.47244,-37.38641],[145.47097,-37.3898]]},{"r":"MELBA HIGHWAY","v":1852,"h":17,"c":[[145.47134,-37.36861],[145.47374,-37.37738],[145.47359,-37.38023],[145.47393,-37.38346],[145.47377,-37.38431],[145.47244,-37.38641],[145.47097,-37.3898]]},{"r":"MELBA HIGHWAY","v":1867,"h":17,"c":[[145.47097,-37.3898],[145.47244,-37.38641],[145.47377,-37.38431],[145.47393,-37.38346],[145.47359,-37.38023],[145.47374,-37.37738],[145.47134,-37.36861]]}]}