{"t":[{"r":"MELBA HIGHWAY","v":1852,"h":17,"c":[[145.47244,-37.38641],[145.47097,-37.3898],[145.47006,-37.39101],[145.46204,-37.39836],[145.45938,-37.40206],[145.45646,-37.40378]]},{"r":"MELBA HIGHWAY","v":1852,"h":17,"c":[[145.47244,-37.38641],[145.47097,-37.3898],[145.47006,-37.39101],[145.46204,-37.39836],[145.45938,-37.40206],[145.45646,-37.40378]]},{"r":"MELBA HIGHWAY","v":1867,"h":17,"c":[[145.45646,-37.40378],[145.45938,-37.40206],[145.46204,-37.39836],[145.47006,-37.39101],[145.47097,-37.3898],[145.47244,-37.38641]]}]}