{"t":[{"r":"MELBA HIGHWAY","v":1852,"h":17,"c":[[145.4556,-37.33645],[145.46185,-37.34554],[145.46298,-37.3513],[145.46219,-37.35502]]},{"r":"MELBA HIGHWAY","v":1852,"h":17,"c":[[145.4556,-37.33645],[145.46185,-37.34554],[145.46298,-37.3513],[145.46219,-37.35502]]},{"r":"MELBA HIGHWAY","v":1867,"h":17,"c":[[145.46219,-37.35502],[145.46298,-37.3513],[145.46185,-37.34554],[145.4556,-37.33645]]}]}