{"t":[{"r":"MELBA HIGHWAY","v":1852,"h":17,"c":[[145.45857,-37.2693],[145.46022,-37.27264],[145.46251,-37.28093],[145.46509,-37.2867]]},{"r":"MELBA HIGHWAY","v":1852,"h":17,"c":[[145.45857,-37.2693],[145.46022,-37.27264],[145.46251,-37.28093],[145.46509,-37.2867]]},{"r":"MELBA HIGHWAY","v":1867,"h":17,"c":[[145.46509,-37.2867],[145.46251,-37.28093],[145.46022,-37.27264],[145.45857,-37.2693]]}]}