{"t":[{"r":"HEALESVILLE-KINGLAKE ROAD","v":1453,"h":9,"c":[[145.45722,-37.53792],[145.4602,-37.53249],[145.46136,-37.53127],[145.46283,-37.53085],[145.46417,-37.53107],[145.46855,-37.53282],[145.46972,-37.53464],[145.47311,-37.53698],[145.47475,-37.53878],[145.47565,-37.54137],[145.47637,-37.54231],[145.4815,-37.54368]]},{"r":"HEALESVILLE-KINGLAKE ROAD","v":1374,"h":9,"c":[[145.4815,-37.54368],[145.48007,-37.54349],[145.47862,-37.54273],[145.47644,-37.54238],[145.47565,-37.54137],[145.47475,-37.53878],[145.47311,-37.53698],[145.46972,-37.53464],[145.46855,-37.53282],[145.46417,-37.53107],[145.46283,-37.53085],[145.46136,-37.53127],[145.4602,-37.53249],[145.45722,-37.53792]]}]}