{"t":[{"r":"HEALESVILLE-KINGLAKE ROAD","v":1453,"h":9,"c":[[145.48159,-37.5642],[145.47991,-37.56589],[145.48151,-37.56945]]},{"r":"HEALESVILLE-KINGLAKE ROAD","v":1374,"h":9,"c":[[145.48151,-37.56945],[145.47991,-37.56589],[145.48159,-37.5642]]}]}