{"t":[{"r":"HEALESVILLE-KINGLAKE ROAD","v":1453,"h":9,"c":[[145.48101,-37.54785],[145.47884,-37.55059],[145.48089,-37.55265],[145.48197,-37.55331]]},{"r":"HEALESVILLE-KINGLAKE ROAD","v":1453,"h":9,"c":[[145.48147,-37.55423],[145.4805,-37.55457],[145.47996,-37.55539],[145.47889,-37.55591],[145.47799,-37.55595],[145.47777,-37.55637],[145.47872,-37.55714],[145.47891,-37.55809],[145.4794,-37.55862],[145.47944,-37.55977],[145.4803,-37.56131],[145.48199,-37.56094]]},{"r":"HEALESVILLE-KINGLAKE ROAD","v":1374,"h":9,"c":[[145.48199,-37.56094],[145.48076,-37.56136],[145.48016,-37.56121],[145.47872,-37.55714],[145.47774,-37.5562],[145.47996,-37.55539],[145.48043,-37.55467],[145.48147,-37.55423]]},{"r":"HEALESVILLE-KINGLAKE ROAD","v":1374,"h":9,"c":[[145.48197,-37.55331],[145.47884,-37.55071],[145.48101,-37.54785]]}]}