{"t":[{"r":"MAROONDAH HIGHWAY","v":4702,"h":9,"c":[[145.47051,-37.6835],[145.47869,-37.68475],[145.48157,-37.68481]]},{"r":"MAROONDAH HIGHWAY","v":4767,"h":5,"c":[[145.48157,-37.68481],[145.47869,-37.68475],[145.47051,-37.6835]]}]}