{"t":[{"r":"HEALESVILLE-KINGLAKE ROAD","v":1060,"h":12,"c":[[145.48158,-37.65481],[145.47042,-37.65643],[145.46417,-37.65955],[145.45704,-37.65866]]},{"r":"HEALESVILLE-YARRA GLEN ROAD","v":1054,"h":13,"c":[[145.45704,-37.65866],[145.46417,-37.65955],[145.47042,-37.65643],[145.48158,-37.65481]]}]}