{"t":[{"r":"SWALES ROAD","v":3717,"h":6,"c":[[145.45867,-37.85892],[145.4597,-37.85845],[145.46587,-37.85925],[145.46704,-37.86127],[145.4686,-37.86156],[145.4752,-37.86227],[145.47847,-37.86183]]},{"r":"MACCLESFIELD ROAD","v":569,"h":0,"c":[[145.48122,-37.8572],[145.4784,-37.86054],[145.47847,-37.86183]]},{"r":"SWALES ROAD","v":3717,"h":6,"c":[[145.45867,-37.85892],[145.4597,-37.85845],[145.46587,-37.85925],[145.46704,-37.86127],[145.4686,-37.86156],[145.4752,-37.86227],[145.47847,-37.86183]]},{"r":"MACCLESFIELD ROAD","v":621,"h":0,"c":[[145.48122,-37.8572],[145.4784,-37.86054],[145.47847,-37.86183]]}]}