{"t":[{"r":"BELGRAVE-GEMBROOK ROAD","v":2636,"h":5,"c":[[145.45731,-37.92523],[145.45993,-37.9241],[145.46279,-37.92374],[145.46506,-37.92261],[145.46595,-37.92148],[145.46657,-37.92126],[145.47092,-37.92168],[145.4731,-37.92304],[145.47305,-37.92439],[145.47392,-37.92511],[145.47743,-37.92462],[145.4791,-37.92383],[145.48104,-37.92485]]},{"r":"BELGRAVE-GEMBROOK ROAD","v":2682,"h":7,"c":[[145.48121,-37.92489],[145.4791,-37.92383],[145.47763,-37.92457],[145.47392,-37.92511],[145.47305,-37.92439],[145.4731,-37.92304],[145.47092,-37.92168],[145.46657,-37.92126],[145.46595,-37.92148],[145.46506,-37.92261],[145.46279,-37.92374],[145.45993,-37.9241],[145.45731,-37.92523]]}]}