{"t":[{"r":"BEACONSFIELD-EMERALD ROAD","v":1255,"h":8,"c":[[145.46464,-37.97815],[145.46354,-37.97922],[145.46235,-37.97957],[145.45859,-37.97976]]},{"r":"BOURKES CREEK ROAD","v":42,"h":5,"c":[[145.47271,-37.97848],[145.47294,-37.97918],[145.47345,-37.97944],[145.47794,-37.97987],[145.47961,-37.97946],[145.48004,-37.97871]]},{"r":"BEACONSFIELD-EMERALD ROAD","v":1260,"h":9,"c":[[145.45859,-37.97976],[145.46235,-37.97957],[145.46354,-37.97922],[145.46464,-37.97815]]},{"r":"BOURKES CREEK ROAD","v":48,"h":6,"c":[[145.47271,-37.97848],[145.47294,-37.97918],[145.47345,-37.97944],[145.47794,-37.97987],[145.47961,-37.97946],[145.48004,-37.97871]]}]}