{"t":[{"r":"TWYFORD ROAD","v":1735,"h":9,"c":[[145.33432,-38.13472],[145.4855,-38.15366]]},{"r":"KOO WEE RUP ROAD","v":4564,"h":19,"c":[[145.48551,-38.15366],[145.47918,-38.18308]]},{"r":"TWYFORD ROAD","v":1654,"h":12,"c":[[145.4855,-38.15366],[145.33432,-38.13472]]},{"r":"KOO WEE RUP ROAD","v":4708,"h":28,"c":[[145.47918,-38.18308],[145.48551,-38.15366]]}]}