{"t":[{"r":"MCGREGOR ROAD","v":485,"h":6,"c":[[145.47032,-38.0948],[145.46913,-38.10026]]},{"r":"MCGREGOR ROAD","v":548,"h":6,"c":[[145.47032,-38.0948],[145.46913,-38.10026]]}]}