{"t":[{"r":"ROSSITER ROAD","v":1522,"h":14,"c":[[145.48325,-38.20247],[145.48039,-38.2037]]},{"r":"STATION STREET","v":4339,"h":18,"c":[[145.47918,-38.18308],[145.47668,-38.19545],[145.47711,-38.1964],[145.47813,-38.19717],[145.48288,-38.19798]]},{"r":"STATION STREET","v":4388,"h":20,"c":[[145.48288,-38.19798],[145.47831,-38.19724],[145.47722,-38.19653],[145.47668,-38.19545],[145.47918,-38.18308]]},{"r":"ROSSITER ROAD","v":1573,"h":15,"c":[[145.48039,-38.2037],[145.48325,-38.20247]]}]}