{"t":[{"r":"CORINELLA ROAD","v":1427,"h":7,"c":[[145.43851,-38.42337],[145.48191,-38.42893]]},{"r":"CORINELLA ROAD","v":1409,"h":7,"c":[[145.48191,-38.42893],[145.43851,-38.42337]]}]}