{"t":[{"r":"BASS HIGHWAY","v":2285,"h":10,"c":[[145.478,-38.46621],[145.48364,-38.44057]]},{"r":"CORINELLA ROAD","v":1427,"h":7,"c":[[145.43851,-38.42337],[145.48191,-38.42893]]},{"r":"BASS HIGHWAY","v":2272,"h":6,"c":[[145.48394,-38.44083],[145.47861,-38.46528]]},{"r":"CORINELLA ROAD","v":1409,"h":7,"c":[[145.48191,-38.42893],[145.43851,-38.42337]]}]}