{"t":[{"r":"WHITE ROAD","v":5194,"h":9,"c":[[145.48196,-38.55386],[145.47345,-38.54789]]},{"r":"BASS HIGHWAY","v":5348,"h":13,"c":[[145.47345,-38.54789],[145.48196,-38.55386]]}]}