{"t":[{"r":"WHITE ROAD","v":5194,"h":9,"c":[[145.48196,-38.55386],[145.47345,-38.54789],[145.46904,-38.54707],[145.4611,-38.54426],[145.4602,-38.54331],[145.45911,-38.54088],[145.45286,-38.53299]]},{"r":"BASS HIGHWAY","v":5348,"h":13,"c":[[145.45286,-38.53299],[145.45911,-38.54088],[145.4602,-38.54331],[145.4611,-38.54426],[145.46904,-38.54707],[145.47345,-38.54789],[145.48196,-38.55386]]}]}