{"t":[{"r":"BASS HIGHWAY","v":2285,"h":10,"c":[[145.46617,-38.48201],[145.47072,-38.47838],[145.47238,-38.47656],[145.478,-38.46621],[145.48364,-38.44057]]},{"r":"BASS HIGHWAY","v":2272,"h":6,"c":[[145.48394,-38.44083],[145.47861,-38.46528],[145.47783,-38.46731],[145.47284,-38.47639],[145.47114,-38.47812],[145.46655,-38.48165]]}]}