{"t":[{"r":"BASS HIGHWAY","v":2285,"h":10,"c":[[145.4618,-38.49941],[145.46515,-38.48345],[145.46617,-38.48201],[145.47072,-38.47838]]},{"r":"BASS HIGHWAY","v":2272,"h":6,"c":[[145.47114,-38.47812],[145.46655,-38.48165],[145.46515,-38.48345],[145.4618,-38.49941]]}]}