{"t":[{"r":"BASS HIGHWAY","v":2285,"h":10,"c":[[145.478,-38.46621],[145.48364,-38.44057]]},{"r":"BASS HIGHWAY","v":2272,"h":6,"c":[[145.48394,-38.44083],[145.47861,-38.46528]]}]}