{"t":[{"r":"BASS HIGHWAY","v":2285,"h":10,"c":[[145.45201,-38.50641],[145.45941,-38.50214],[145.46135,-38.50033],[145.4618,-38.49941],[145.46515,-38.48345]]},{"r":"BASS HIGHWAY","v":2272,"h":6,"c":[[145.46515,-38.48345],[145.4618,-38.49941],[145.46135,-38.50033],[145.45941,-38.50214],[145.45201,-38.50641]]}]}