{"b":[{"h":6,"g":[[145.878075,-38.204037],[145.878436,-38.204078],[145.878458,-38.203959],[145.878097,-38.203917],[145.878075,-38.204037]]}]}