{"b":[{"h":6,"g":[[145.897932,-38.152128],[145.897941,-38.152227],[145.89824,-38.15221],[145.898233,-38.15213],[145.898147,-38.152135],[145.898139,-38.152049],[145.898002,-38.152057],[145.898008,-38.152124],[145.897932,-38.152128]]}]}