{"b":[{"h":6,"g":[[145.89199,-38.116633],[145.892221,-38.116661],[145.892239,-38.116567],[145.892008,-38.116539],[145.89199,-38.116633]]},{"h":6,"g":[[145.892078,-38.116375],[145.892317,-38.116409],[145.892357,-38.116234],[145.892118,-38.116201],[145.892078,-38.116375]]}]}