{"b":[{"h":6,"g":[[145.89274,-38.271084],[145.892953,-38.271136],[145.892986,-38.271053],[145.892773,-38.271001],[145.89274,-38.271084]]}]}