{"b":[{"h":6,"g":[[145.896657,-38.549044],[145.89688,-38.549038],[145.89688,-38.548807],[145.896662,-38.548797],[145.896657,-38.549044]]}]}