{"b":[{"h":6,"g":[[144.578295,-37.247034],[144.578472,-37.247063],[144.578532,-37.246841],[144.578354,-37.246811],[144.578295,-37.247034]]},{"h":6,"g":[[144.578215,-37.247403],[144.578444,-37.247431],[144.578465,-37.24732],[144.578236,-37.247292],[144.578215,-37.247403]]},{"h":6,"g":[[144.578261,-37.24726],[144.578332,-37.247268],[144.578365,-37.247069],[144.578294,-37.247062],[144.578261,-37.24726]]}]}