{"b":[{"h":6,"g":[[144.579784,-37.328943],[144.579994,-37.328959],[144.580048,-37.328963],[144.580056,-37.328896],[144.579792,-37.328877],[144.579784,-37.328943]]},{"h":6,"g":[[144.579766,-37.329079],[144.579974,-37.329097],[144.579994,-37.328959],[144.579784,-37.328943],[144.579766,-37.329079]]}]}