{"b":[{"h":6.4,"g":[[144.575731,-37.386438],[144.575898,-37.386561],[144.575938,-37.386542],[144.575941,-37.386346],[144.575898,-37.386303],[144.575731,-37.386438]]}]}