{"b":[{"h":6,"g":[[144.573325,-37.465238],[144.57348,-37.465255],[144.573514,-37.46508],[144.573357,-37.465056],[144.573325,-37.465238]]},{"h":6,"g":[[144.573326,-37.465651],[144.573414,-37.465864],[144.573588,-37.46582],[144.573487,-37.46561],[144.573326,-37.465651]]}]}