{"b":[{"h":6,"g":[[144.57566,-37.496482],[144.57581,-37.496497],[144.575814,-37.496472],[144.575886,-37.496479],[144.575882,-37.496502],[144.576047,-37.49652],[144.576058,-37.496452],[144.576131,-37.496459],[144.576137,-37.496423],[144.576079,-37.496416],[144.576089,-37.496355],[144.576244,-37.496371],[144.576266,-37.496239],[144.576162,-37.496228],[144.576167,-37.496198],[144.575801,-37.49616],[144.575763,-37.496388],[144.575677,-37.496379],[144.57566,-37.496482]]}]}