{"b":[{"h":6,"g":[[144.569119,-37.595408],[144.56915,-37.595503],[144.569503,-37.59543],[144.569472,-37.595336],[144.569322,-37.595367],[144.569301,-37.595304],[144.569199,-37.595326],[144.569219,-37.595387],[144.569119,-37.595408]]},{"h":6,"g":[[144.569177,-37.594966],[144.569229,-37.595133],[144.569367,-37.595106],[144.569315,-37.594939],[144.569177,-37.594966]]},{"h":6,"g":[[144.568134,-37.595726],[144.568159,-37.595846],[144.568288,-37.595829],[144.568263,-37.59571],[144.568134,-37.595726]]},{"h":6,"g":[[144.568304,-37.595706],[144.56833,-37.595828],[144.568459,-37.595811],[144.568433,-37.595689],[144.568304,-37.595706]]}]}