{"b":[{"h":20,"g":[[144.561136,-37.840586],[144.561145,-37.840662],[144.561184,-37.840733],[144.561249,-37.840791],[144.561333,-37.840829],[144.561436,-37.840845],[144.561539,-37.840832],[144.561631,-37.840793],[144.561701,-37.840732],[144.56174,-37.840656],[144.561746,-37.840573],[144.561715,-37.840495],[144.561654,-37.840428],[144.561567,-37.840382],[144.561473,-37.840362],[144.561375,-37.840367],[144.561285,-37.840395],[144.56121,-37.840445],[144.561159,-37.840511],[144.561136,-37.840586]]},{"h":20,"g":[[144.560357,-37.840391],[144.560387,-37.840467],[144.560447,-37.840531],[144.560531,-37.840575],[144.560625,-37.840595],[144.560721,-37.84059],[144.560811,-37.840562],[144.560885,-37.840512],[144.560934,-37.840446],[144.560954,-37.840371],[144.560943,-37.840295],[144.560902,-37.840226],[144.560835,-37.84017],[144.560749,-37.840135],[144.56065,-37.840123],[144.56055,-37.840137],[144.560463,-37.840177],[144.560397,-37.840237],[144.560361,-37.840311],[144.560357,-37.840391]]},{"h":6,"g":[[144.561582,-37.840872],[144.561634,-37.840931],[144.561791,-37.840862],[144.561764,-37.840809],[144.561776,-37.840787],[144.561746,-37.840747],[144.561617,-37.840813],[144.561586,-37.840837],[144.561609,-37.840866],[144.561582,-37.840872]]},{"h":6,"g":[[144.564383,-37.841576],[144.564653,-37.841677],[144.564639,-37.841727],[144.564714,-37.841749],[144.564727,-37.841698],[144.564867,-37.841727],[144.564885,-37.84164],[144.564702,-37.841598],[144.56442,-37.841497],[144.564383,-37.841576]]}]}