{"b":[{"h":6,"g":[[144.566119,-37.809656],[144.566149,-37.809744],[144.566307,-37.809711],[144.566278,-37.809623],[144.566119,-37.809656]]},{"h":6,"g":[[144.566111,-37.809586],[144.566115,-37.809617],[144.566216,-37.809609],[144.566212,-37.809578],[144.566111,-37.809586]]}]}