{"b":[{"h":6,"g":[[144.565645,-37.950643],[144.565736,-37.950821],[144.565886,-37.950774],[144.565795,-37.950595],[144.565645,-37.950643]]},{"h":6,"g":[[144.565736,-37.951069],[144.56581,-37.951234],[144.565868,-37.951217],[144.565921,-37.951334],[144.566134,-37.951274],[144.566079,-37.951151],[144.566125,-37.951139],[144.566054,-37.95098],[144.565736,-37.951069]]},{"h":6,"g":[[144.566157,-37.951775],[144.566437,-37.952361],[144.566751,-37.952259],[144.566414,-37.951549],[144.566374,-37.951465],[144.566206,-37.951514],[144.566246,-37.951598],[144.566312,-37.951736],[144.566157,-37.951775]]}]}