{"b":[{"h":6,"g":[[145.274383,-37.376297],[145.274384,-37.376303],[145.274387,-37.37631],[145.274393,-37.376315],[145.2744,-37.376318],[145.274409,-37.37632],[145.274418,-37.376318],[145.274425,-37.376315],[145.274431,-37.37631],[145.274435,-37.376303],[145.274435,-37.376296],[145.274433,-37.37629],[145.274428,-37.376284],[145.274421,-37.37628],[145.274412,-37.376278],[145.274404,-37.376278],[145.274396,-37.376281],[145.27439,-37.376285],[145.274385,-37.37629],[145.274383,-37.376297]]},{"h":3.2,"g":[[145.27431,-37.376466],[145.274426,-37.376533],[145.274493,-37.37646],[145.274504,-37.376467],[145.274555,-37.376412],[145.274415,-37.37633],[145.274358,-37.376393],[145.27437,-37.3764],[145.27431,-37.376466]]},{"h":6,"g":[[145.275228,-37.376731],[145.275252,-37.376746],[145.275271,-37.376726],[145.275247,-37.376711],[145.275228,-37.376731]]}]}