{"b":[{"h":6,"g":[[145.263312,-37.261015],[145.263402,-37.261035],[145.263451,-37.260894],[145.26336,-37.260874],[145.263312,-37.261015]]},{"h":6,"g":[[145.273408,-37.263986],[145.273561,-37.264029],[145.2736,-37.263939],[145.273448,-37.263896],[145.273408,-37.263986]]}]}