{"b":[{"h":6,"g":[[145.283088,-37.311296],[145.283127,-37.311531],[145.283264,-37.311516],[145.283225,-37.311282],[145.283088,-37.311296]]},{"h":6,"g":[[145.282258,-37.311117],[145.282355,-37.311125],[145.282371,-37.310988],[145.282274,-37.310981],[145.282258,-37.311117]]},{"h":6,"g":[[145.282322,-37.311299],[145.282562,-37.311308],[145.282567,-37.311227],[145.282327,-37.311218],[145.282322,-37.311299]]}]}