{"b":[{"h":6,"g":[[145.281776,-37.270318],[145.281877,-37.270385],[145.282011,-37.270256],[145.28191,-37.270189],[145.281776,-37.270318]]},{"h":6,"g":[[145.282899,-37.270548],[145.282919,-37.27058],[145.282957,-37.270565],[145.282937,-37.270533],[145.282899,-37.270548]]},{"h":6,"g":[[145.28279,-37.270583],[145.282813,-37.270626],[145.28288,-37.270604],[145.282858,-37.270561],[145.28279,-37.270583]]},{"h":6,"g":[[145.282756,-37.270703],[145.282793,-37.270762],[145.282959,-37.270695],[145.282923,-37.270637],[145.282756,-37.270703]]}]}