{"b":[{"h":6,"g":[[145.270035,-37.547382],[145.270106,-37.547408],[145.270069,-37.547491],[145.270139,-37.547509],[145.2701,-37.547576],[145.270225,-37.547615],[145.270296,-37.547514],[145.270227,-37.54749],[145.270244,-37.547442],[145.270327,-37.547465],[145.270375,-37.547378],[145.27022,-37.547328],[145.270233,-37.54726],[145.270109,-37.547238],[145.270035,-37.547382]]}]}