{"b":[{"h":6,"g":[[145.281324,-37.471572],[145.281381,-37.471577],[145.281376,-37.471615],[145.281494,-37.471624],[145.281491,-37.471643],[145.281581,-37.47165],[145.281582,-37.471635],[145.281668,-37.471642],[145.281681,-37.471534],[145.281594,-37.471528],[145.281592,-37.471541],[145.281509,-37.471535],[145.281511,-37.471516],[145.281332,-37.471503],[145.281324,-37.471572]]}]}