{"b":[{"h":6,"g":[[145.26233,-37.69802],[145.262369,-37.698143],[145.262447,-37.698127],[145.262408,-37.698004],[145.26233,-37.69802]]},{"h":6,"g":[[145.262479,-37.698841],[145.262634,-37.698986],[145.262833,-37.698852],[145.262743,-37.698768],[145.262601,-37.698863],[145.262536,-37.698802],[145.262479,-37.698841]]},{"h":6,"g":[[145.261969,-37.697284],[145.262136,-37.697382],[145.262185,-37.697475],[145.262307,-37.697434],[145.262248,-37.697323],[145.262294,-37.697274],[145.262218,-37.697229],[145.262172,-37.697278],[145.262044,-37.697203],[145.261969,-37.697284]]}]}