{"b":[{"h":6,"g":[[145.275369,-37.708765],[145.275543,-37.708795],[145.275574,-37.708681],[145.275399,-37.708652],[145.275369,-37.708765]]},{"h":6,"g":[[145.275777,-37.712307],[145.275887,-37.712317],[145.275895,-37.712231],[145.275939,-37.712182],[145.276017,-37.712185],[145.276023,-37.71213],[145.275888,-37.712122],[145.275857,-37.712153],[145.275794,-37.712154],[145.275777,-37.712307]]},{"h":6,"g":[[145.276642,-37.711137],[145.276704,-37.711235],[145.276777,-37.711207],[145.276768,-37.711196],[145.276972,-37.711119],[145.276929,-37.711048],[145.27672,-37.711122],[145.276711,-37.711109],[145.276642,-37.711137]]}]}