{"b":[{"h":6,"g":[[145.268476,-37.682664],[145.268527,-37.682724],[145.268661,-37.682653],[145.26861,-37.682593],[145.268476,-37.682664]]}]}