{"b":[{"h":6,"g":[[145.261309,-38.174665],[145.261364,-38.17475],[145.261312,-38.17477],[145.261497,-38.175058],[145.261688,-38.174983],[145.261449,-38.17461],[145.261309,-38.174665]]},{"h":6,"g":[[145.262141,-38.174739],[145.262508,-38.174759],[145.262518,-38.174638],[145.262152,-38.174619],[145.262141,-38.174739]]},{"h":6,"g":[[145.261426,-38.17437],[145.261551,-38.174383],[145.261556,-38.174356],[145.261719,-38.174372],[145.261741,-38.174229],[145.261453,-38.174201],[145.261426,-38.17437]]}]}