{"b":[{"h":6,"g":[[145.2797,-38.349233],[145.279711,-38.349318],[145.279887,-38.349305],[145.279891,-38.349334],[145.279928,-38.349331],[145.279914,-38.349216],[145.2797,-38.349233]]},{"h":6,"g":[[145.279719,-38.349072],[145.279846,-38.349074],[145.279847,-38.348999],[145.27972,-38.348998],[145.279719,-38.349072]]},{"h":6,"g":[[145.279443,-38.348961],[145.279703,-38.348972],[145.279708,-38.348893],[145.279448,-38.348882],[145.279443,-38.348961]]}]}