{"b":[{"h":6,"g":[[145.275255,-38.452342],[145.275255,-38.452429],[145.275368,-38.452428],[145.275367,-38.452342],[145.275255,-38.452342]]}]}