{"b":[{"h":6,"g":[[145.265685,-38.464703],[145.265737,-38.464773],[145.265871,-38.464711],[145.265819,-38.464642],[145.265685,-38.464703]]}]}