{"b":[{"h":6,"g":[[145.507991,-37.296521],[145.508092,-37.296522],[145.508093,-37.296341],[145.507993,-37.296341],[145.507991,-37.296521]]},{"h":6,"g":[[145.508409,-37.296455],[145.508573,-37.296455],[145.508574,-37.296323],[145.508489,-37.296323],[145.508489,-37.296358],[145.50841,-37.296358],[145.508409,-37.296455]]},{"h":6,"g":[[145.506737,-37.298946],[145.50674,-37.298983],[145.506803,-37.298981],[145.506801,-37.298944],[145.506737,-37.298946]]}]}