{"b":[{"h":6,"g":[[145.507831,-37.583987],[145.507889,-37.58405],[145.50804,-37.583972],[145.507989,-37.583908],[145.507831,-37.583987]]},{"h":6,"g":[[145.508131,-37.584139],[145.508205,-37.584214],[145.508359,-37.584127],[145.508338,-37.584106],[145.508359,-37.584094],[145.50826,-37.583995],[145.508206,-37.584027],[145.50819,-37.58401],[145.508134,-37.584042],[145.508191,-37.584104],[145.508131,-37.584139]]}]}