{"b":[{"h":6,"g":[[145.511006,-37.667784],[145.511068,-37.667873],[145.511428,-37.667718],[145.511366,-37.667629],[145.511006,-37.667784]]},{"h":6,"g":[[145.511119,-37.668012],[145.511178,-37.668096],[145.511459,-37.667971],[145.5114,-37.667887],[145.511119,-37.668012]]}]}