{"b":[{"h":6,"g":[[145.52476,-37.714937],[145.525044,-37.714958],[145.525056,-37.714853],[145.524772,-37.714832],[145.52476,-37.714937]]}]}