{"b":[{"h":6,"g":[[145.507808,-37.786694],[145.50838,-37.786699],[145.508383,-37.786398],[145.507973,-37.786394],[145.507972,-37.786507],[145.50781,-37.786506],[145.507808,-37.786694]]},{"h":6,"g":[[145.521113,-37.776004],[145.521206,-37.776058],[145.521328,-37.775927],[145.521415,-37.775977],[145.521468,-37.775921],[145.521289,-37.775816],[145.521113,-37.776004]]},{"h":6,"g":[[145.520911,-37.776111],[145.520993,-37.776127],[145.521026,-37.776026],[145.520943,-37.776009],[145.520911,-37.776111]]}]}