{"b":[{"h":6,"g":[[145.505554,-37.946669],[145.505611,-37.946688],[145.505623,-37.946664],[145.505567,-37.946646],[145.505554,-37.946669]]},{"h":6,"g":[[145.508737,-37.946512],[145.508796,-37.946593],[145.509034,-37.946486],[145.508976,-37.946405],[145.508737,-37.946512]]},{"h":6,"g":[[145.51453,-37.944501],[145.514591,-37.944521],[145.514602,-37.944502],[145.51454,-37.944482],[145.51453,-37.944501]]}]}