{"b":[{"h":6,"g":[[145.512094,-38.013737],[145.512258,-38.013812],[145.512388,-38.013642],[145.51241,-38.01344],[145.512208,-38.013428],[145.512194,-38.013619],[145.512094,-38.013737]]}]}