{"b":[{"h":6,"g":[[145.51157,-37.979571],[145.511767,-37.979646],[145.511892,-37.979434],[145.511886,-37.97925],[145.51172,-37.979167],[145.511634,-37.979303],[145.511709,-37.979335],[145.51157,-37.979571]]}]}