{"b":[{"h":6,"g":[[145.503769,-37.928183],[145.503866,-37.928294],[145.503985,-37.928231],[145.503885,-37.928118],[145.503769,-37.928183]]}]}