{"b":[{"h":6,"g":[[145.503885,-38.186212],[145.503922,-38.186287],[145.504041,-38.18625],[145.504065,-38.186298],[145.504299,-38.186225],[145.504238,-38.186103],[145.503885,-38.186212]]},{"h":6,"g":[[145.502986,-38.186125],[145.503029,-38.186189],[145.503149,-38.186139],[145.50317,-38.18617],[145.503364,-38.186089],[145.5033,-38.185994],[145.502986,-38.186125]]}]}