{"b":[{"h":6,"g":[[145.50316,-38.108894],[145.503373,-38.10891],[145.503383,-38.108823],[145.50317,-38.108807],[145.50316,-38.108894]]},{"h":6,"g":[[145.503444,-38.109055],[145.50359,-38.109072],[145.503603,-38.109],[145.503457,-38.108983],[145.503444,-38.109055]]}]}