{"b":[{"h":6,"g":[[145.507371,-38.22812],[145.507515,-38.228125],[145.507531,-38.227844],[145.507387,-38.227839],[145.507371,-38.22812]]}]}