{"b":[{"h":6,"g":[[145.520839,-38.321311],[145.520901,-38.321319],[145.520893,-38.321356],[145.520871,-38.321353],[145.520856,-38.321425],[145.520955,-38.321437],[145.520968,-38.321377],[145.521101,-38.321394],[145.521116,-38.321318],[145.521103,-38.321317],[145.521122,-38.321228],[145.520863,-38.321195],[145.520839,-38.321311]]}]}