{"b":[{"h":6,"g":[[145.523475,-38.422418],[145.523861,-38.42243],[145.523869,-38.422264],[145.523483,-38.422252],[145.523475,-38.422418]]},{"h":6,"g":[[145.509378,-38.427683],[145.509418,-38.427727],[145.509471,-38.427697],[145.509431,-38.427653],[145.509378,-38.427683]]}]}