{"b":[{"h":6,"g":[[145.521526,-38.306446],[145.5216,-38.306456],[145.521618,-38.306374],[145.521543,-38.306364],[145.521526,-38.306446]]},{"h":6,"g":[[145.521554,-38.306229],[145.521628,-38.306242],[145.52165,-38.306162],[145.521575,-38.30615],[145.521554,-38.306229]]}]}