{"b":[{"h":6,"g":[[145.508902,-38.49702],[145.508955,-38.497025],[145.508971,-38.496929],[145.508918,-38.496924],[145.508902,-38.49702]]}]}