{"n":{"rail":[[[145.35116,-37.75208],[145.34839,-37.75471]],[[145.34664,-37.75632],[145.35106,-37.75208]],[[145.34844,-37.75479],[145.35137,-37.752]],[[145.3514,-37.75203],[145.34879,-37.75445]],[[145.34844,-37.75479],[145.3503,-37.75314]],[[145.3512,-37.7521],[145.34839,-37.75471]]],"freeway":[[[145.36332,-37.75435],[145.36543,-37.75313]],[[145.37168,-37.75067],[145.36855,-37.75197]],[[145.36811,-37.75201],[145.37096,-37.7508]],[[145.36855,-37.75197],[145.36556,-37.75324]],[[145.36556,-37.75324],[145.36342,-37.75443]],[[145.36543,-37.75313],[145.36811,-37.75201]],[[145.37096,-37.7508],[145.3711,-37.75074]]]}}