{"n":{"rail":[[[145.35116,-37.75208],[145.34839,-37.75471]],[[145.34664,-37.75632],[145.35106,-37.75208]],[[145.34844,-37.75479],[145.35137,-37.752]],[[145.3514,-37.75203],[145.34879,-37.75445]],[[145.34844,-37.75479],[145.3503,-37.75314]],[[145.3512,-37.7521],[145.34839,-37.75471]]],"freeway":[[[145.36332,-37.75435],[145.36543,-37.75313]],[[145.35979,-37.75653],[145.35989,-37.75666]],[[145.34989,-37.75755],[145.34972,-37.75752]],[[145.35612,-37.75743],[145.35491,-37.75753]],[[145.35675,-37.75735],[145.35612,-37.75743]],[[145.35675,-37.75735],[145.3567,-37.75719]],[[145.35597,-37.75731],[145.35979,-37.75653]],[[145.35749,-37.75724],[145.35721,-37.75712]],[[145.36104,-37.75597],[145.35989,-37.75666]],[[145.36054,-37.7561],[145.3612,-37.75568]],[[145.36131,-37.75579],[145.36104,-37.75597]],[[145.36342,-37.75443],[145.36332,-37.75435]],[[145.36144,-37.7557],[145.36133,-37.7556]],[[145.36257,-37.75483],[145.36264,-37.75492]],[[145.35433,-37.75753],[145.35375,-37.75755]],[[145.35493,-37.75744],[145.35516,-37.75741]],[[145.35375,-37.75755],[145.35334,-37.75755]],[[145.35979,-37.75653],[145.36054,-37.7561]],[[145.36556,-37.75324],[145.36342,-37.75443]],[[145.34972,-37.75752],[145.34838,-37.75722]],[[145.35334,-37.75755],[145.3505,-37.75756]],[[145.36257,-37.75483],[145.36332,-37.75435]],[[145.36342,-37.75443],[145.36264,-37.75492]],[[145.3612,-37.75568],[145.36257,-37.75483]],[[145.36264,-37.75492],[145.36131,-37.75579]],[[145.3505,-37.75756],[145.34989,-37.75755]],[[145.35477,-37.7575],[145.35433,-37.75753]],[[145.35525,-37.7574],[145.35597,-37.75731]],[[145.35516,-37.75741],[145.35525,-37.7574]],[[145.35989,-37.75666],[145.35675,-37.75735]],[[145.35477,-37.7575],[145.35493,-37.75744]],[[145.35491,-37.75753],[145.35477,-37.7575]]]}}