{"n":{"rail":[[[145.34778,-38.04304],[145.34985,-38.04478],[145.36332,-38.0499]],[[145.36329,-38.04996],[145.34988,-38.04485],[145.34709,-38.0424]]],"freeway":[[[145.34503,-38.04666],[145.35765,-38.0513]],[[145.35748,-38.05151],[145.34627,-38.04744]]]}}