{"n":{"rail":[[[145.36473,-38.0504],[145.36527,-38.05058]],[[145.36527,-38.05058],[145.37116,-38.05291]],[[145.36517,-38.0507],[145.36467,-38.05051]],[[145.37113,-38.05294],[145.36517,-38.0507]],[[145.34985,-38.04478],[145.36332,-38.0499]],[[145.36329,-38.04996],[145.34988,-38.04485]],[[145.36354,-38.04998],[145.36473,-38.0504]],[[145.36332,-38.0499],[145.36354,-38.04998]],[[145.36467,-38.05051],[145.36351,-38.05004]],[[145.36351,-38.05004],[145.36329,-38.04996]]],"freeway":[[[145.36555,-38.05757],[145.36768,-38.05936],[145.37005,-38.06021]],[[145.35835,-38.05167],[145.36161,-38.05386],[145.36555,-38.05757]],[[145.37005,-38.06021],[145.37092,-38.06085]],[[145.36523,-38.05765],[145.3614,-38.05406],[145.35809,-38.05183]],[[145.36825,-38.06185],[145.36523,-38.05765]],[[145.37421,-38.06495],[145.36884,-38.06259]],[[145.37104,-38.06106],[145.37174,-38.06255]],[[145.35765,-38.0513],[145.35835,-38.05167]],[[145.34503,-38.04666],[145.35765,-38.0513]],[[145.35809,-38.05183],[145.35748,-38.05151]],[[145.35748,-38.05151],[145.34627,-38.04744]],[[145.37005,-38.06021],[145.37127,-38.06074]],[[145.36884,-38.06259],[145.36841,-38.06206]],[[145.36748,-38.06214],[145.36808,-38.06156]],[[145.36884,-38.06259],[145.36774,-38.06232]],[[145.37483,-38.06537],[145.36967,-38.06167]],[[145.3699,-38.06159],[145.37436,-38.06482]],[[145.36951,-38.06127],[145.3699,-38.06159]],[[145.36967,-38.06167],[145.36927,-38.06135]],[[145.36555,-38.05757],[145.36951,-38.06127]],[[145.36927,-38.06135],[145.36523,-38.05765]]]}}