{"t":[{"r":"TRENTHAM FALLS ROAD","v":1524,"h":7,"c":[[144.20568,-37.38438],[144.20827,-37.38832],[144.21084,-37.38996],[144.21347,-37.39226],[144.21602,-37.3937],[144.22171,-37.39429],[144.2248,-37.3941],[144.23005,-37.39456]]},{"r":"TRENTHAM FALLS ROAD","v":1510,"h":7,"c":[[144.23005,-37.39456],[144.2248,-37.3941],[144.22171,-37.39429],[144.21602,-37.3937],[144.21347,-37.39226],[144.21084,-37.38996],[144.20827,-37.38832],[144.20568,-37.38438]]}]}