{"t":[{"r":"WILDWOOD ROAD","v":207,"h":6,"c":[[144.79907,-37.59573],[144.79858,-37.60039],[144.79902,-37.60123],[144.80119,-37.60298]]},{"r":"SUNBURY ROAD","v":8126,"h":10,"c":[[144.77598,-37.61059],[144.79412,-37.62879]]},{"r":"WILDWOOD ROAD","v":264,"h":6,"c":[[144.79907,-37.59573],[144.79858,-37.60039],[144.79902,-37.60123],[144.80119,-37.60298]]},{"r":"BULLA-DIGGERS REST ROAD","v":8090,"h":9,"c":[[144.79412,-37.62879],[144.77598,-37.61059]]}]}