{"t":[{"r":"SUNBURY ROAD","v":11555,"h":6,"c":[[144.79573,-37.63038],[144.79656,-37.63186],[144.79724,-37.63217],[144.79827,-37.63181],[144.79977,-37.6304]]},{"r":"BULLA ROAD","v":10504,"h":10,"c":[[144.79977,-37.6304],[144.79798,-37.63203],[144.79724,-37.63217],[144.79656,-37.63186],[144.79573,-37.63038]]}]}