{"t":[{"r":"PRINCES FREEWAY","v":66019,"h":6,"c":[[144.77663,-37.86325],[144.77967,-37.85064]]},{"r":"QUEEN STREET","v":8255,"h":7,"c":[[144.77756,-37.87155],[144.79501,-37.8754]]},{"r":"PRINCES FREEWAY","v":79038,"h":6,"c":[[144.7803,-37.84901],[144.77661,-37.8639]]},{"r":"QUEEN STREET","v":7491,"h":7,"c":[[144.79501,-37.8754],[144.77756,-37.87155]]}]}