{"t":[{"r":"MELBOURNE ROAD","v":2131,"h":6,"c":[[144.77417,-38.37059],[144.7817,-38.37767],[144.7853,-38.37942],[144.79361,-38.37975],[144.7994,-38.3786],[144.80505,-38.37885]]},{"r":"MELBOURNE ROAD","v":2005,"h":6,"c":[[144.77417,-38.37059],[144.7817,-38.37767],[144.7853,-38.37942],[144.79361,-38.37975],[144.7994,-38.3786],[144.80505,-38.37885]]}]}