{"t":[{"r":"POINT NEPEAN ROAD","v":5311,"h":10,"c":[[144.77589,-38.36027],[144.7837,-38.36172],[144.78879,-38.36323],[144.80917,-38.3675]]},{"r":"MELBOURNE ROAD","v":2131,"h":6,"c":[[144.77417,-38.37059],[144.7817,-38.37767]]},{"r":"POINT NEPEAN ROAD","v":7766,"h":11,"c":[[144.80917,-38.3675],[144.78879,-38.36323],[144.7837,-38.36172],[144.77589,-38.36027]]},{"r":"MELBOURNE ROAD","v":2005,"h":6,"c":[[144.77417,-38.37059],[144.7817,-38.37767]]}]}