{"t":[{"r":"PLENTY ROAD","v":3803,"h":14,"c":[[145.19665,-37.4833],[145.19035,-37.48578],[145.18743,-37.48546],[145.18396,-37.48608],[145.18327,-37.48655],[145.1821,-37.4894],[145.18113,-37.49],[145.17431,-37.48961],[145.17048,-37.48899]]},{"r":"WHITTLESEA-YEA ROAD","v":3742,"h":18,"c":[[145.17048,-37.48899],[145.17431,-37.48961],[145.18113,-37.49],[145.1821,-37.4894],[145.18327,-37.48655],[145.18396,-37.48608],[145.18743,-37.48546],[145.19035,-37.48578],[145.19665,-37.4833]]}]}