{"t":[{"r":"MAIN ROAD","v":11678,"h":13,"c":[[145.17282,-37.70213],[145.1761,-37.70327],[145.17914,-37.70366]]},{"r":"ELTHAM-YARRA GLEN ROAD","v":6787,"h":20,"c":[[145.17914,-37.70366],[145.18168,-37.7034],[145.19165,-37.6994]]},{"r":"MAIN ROAD","v":6771,"h":6,"c":[[145.19175,-37.69939],[145.18168,-37.7034],[145.17914,-37.70366]]},{"r":"MAIN ROAD","v":11678,"h":6,"c":[[145.17914,-37.70366],[145.17627,-37.7033],[145.17282,-37.70213]]}]}