{"t":[{"r":"ELTHAM-YARRA GLEN ROAD","v":6787,"h":20,"c":[[145.18168,-37.7034],[145.19165,-37.6994],[145.19356,-37.70005],[145.19532,-37.69999]]},{"r":"MAIN ROAD","v":6771,"h":6,"c":[[145.19532,-37.69999],[145.19356,-37.70005],[145.19175,-37.69939],[145.18168,-37.7034]]}]}