{"t":[{"r":"HEIDELBERG-KINGLAKE ROAD","v":8912,"h":5,"c":[[145.16881,-37.67104],[145.1754,-37.66891],[145.17816,-37.66838],[145.18139,-37.66597]]},{"r":"KANGAROO GROUND-WATTLE GLEN ROAD","v":4233,"h":16,"c":[[145.1814,-37.66597],[145.18334,-37.66694],[145.18486,-37.66832],[145.18706,-37.66898],[145.1883,-37.66896],[145.19046,-37.66976],[145.19778,-37.67409]]},{"r":"KANGAROO GROUND-WATTLE GLEN ROAD","v":4386,"h":16,"c":[[145.19778,-37.67409],[145.19052,-37.66979],[145.18841,-37.669],[145.18706,-37.66898],[145.18486,-37.66832],[145.18334,-37.66694],[145.1814,-37.66597]]},{"r":"MAIN HURSTBRIDGE ROAD","v":11368,"h":5,"c":[[145.18139,-37.66597],[145.17816,-37.66838],[145.1754,-37.66891],[145.16881,-37.67104]]}]}