{"t":[{"r":"BURWOOD HIGHWAY","v":28343,"h":3,"c":[[145.16928,-37.85474],[145.18737,-37.85703],[145.20197,-37.85926]]},{"r":"BURWOOD HIGHWAY","v":28070,"h":3,"c":[[145.20696,-37.85995],[145.16924,-37.85496]]}]}