{"t":[{"r":"BURWOOD HIGHWAY","v":28343,"h":3,"c":[[145.18737,-37.85703],[145.20197,-37.85926]]},{"r":"BURWOOD HIGHWAY","v":28070,"h":3,"c":[[145.20696,-37.85995],[145.16924,-37.85496]]},{"r":"HIGH STREET ROAD","v":12803,"h":6,"c":[[145.16681,-37.87439],[145.17896,-37.87566]]},{"r":"HIGH STREET ROAD","v":10121,"h":6,"c":[[145.17896,-37.87566],[145.16681,-37.87439]]}]}