{"t":[{"r":"WORSLEY ROAD","v":4239,"h":6,"c":[[145.18748,-38.0365],[145.18119,-38.06898]]},{"r":"EASTLINK","v":32293,"h":10,"c":[[145.18247,-38.06584],[145.18696,-38.0426]]},{"r":"EASTLINK","v":31386,"h":10,"c":[[145.18742,-38.04223],[145.18285,-38.06586]]},{"r":"WORSLEY ROAD","v":3235,"h":6,"c":[[145.18748,-38.0365],[145.18119,-38.06898]]}]}