{"t":[{"r":"SOUTH BEACH ROAD","v":3717,"h":6,"c":[[145.16586,-38.35352],[145.18101,-38.38633]]},{"r":"STONY POINT ROAD","v":3339,"h":4,"c":[[145.18762,-38.33879],[145.19792,-38.36112]]},{"r":"STONY POINT ROAD","v":3414,"h":4,"c":[[145.19792,-38.36112],[145.18762,-38.33879]]},{"r":"SOUTH BEACH ROAD","v":3717,"h":6,"c":[[145.16586,-38.35352],[145.18101,-38.38633]]}]}