{"t":[{"r":"SOUTH BEACH ROAD","v":3717,"h":6,"c":[[145.18101,-38.38633],[145.17688,-38.39472]]},{"r":"TASMAN ROAD","v":3717,"h":6,"c":[[145.17057,-38.39417],[145.17688,-38.39472]]},{"r":"TASMAN ROAD","v":3717,"h":6,"c":[[145.17057,-38.39417],[145.17688,-38.39472]]},{"r":"SOUTH BEACH ROAD","v":3717,"h":6,"c":[[145.18101,-38.38633],[145.17688,-38.39472]]}]}