{"t":[{"r":"VENTNOR ROAD","v":583,"h":8,"c":[[145.16481,-38.49216],[145.18614,-38.47342]]},{"r":"VENTNOR BEACH ROAD","v":215,"h":7,"c":[[145.18745,-38.47228],[145.20143,-38.48197]]},{"r":"VENTNOR ROAD","v":585,"h":7,"c":[[145.18614,-38.47342],[145.16481,-38.49216]]},{"r":"VENTNOR BEACH ROAD","v":207,"h":9,"c":[[145.18745,-38.47228],[145.20143,-38.48197]]}]}