{"b":[{"h":3.2,"g":[[145.16172,-37.21535],[145.161851,-37.215427],[145.161944,-37.215307],[145.161811,-37.215239],[145.16172,-37.21535]]},{"h":3.2,"g":[[145.163466,-37.213895],[145.163508,-37.213893],[145.163509,-37.21385],[145.163466,-37.21385],[145.163466,-37.213895]]},{"h":3.2,"g":[[145.161725,-37.21566],[145.161789,-37.215662],[145.161789,-37.21561],[145.161725,-37.21561],[145.161725,-37.21566]]}]}