{"b":[{"h":6,"g":[[145.172625,-37.321794],[145.172649,-37.321822],[145.172716,-37.321786],[145.172692,-37.321758],[145.172625,-37.321794]]}]}