{"b":[{"h":6,"g":[[145.170794,-37.49993],[145.170881,-37.500124],[145.171248,-37.500022],[145.171162,-37.499827],[145.170794,-37.49993]]}]}