{"b":[{"h":6,"g":[[145.159175,-37.598608],[145.159434,-37.59864],[145.159426,-37.598679],[145.15948,-37.598686],[145.159514,-37.598515],[145.159202,-37.598475],[145.159175,-37.598608]]},{"h":6,"g":[[145.158391,-37.597486],[145.15848,-37.597493],[145.158491,-37.597405],[145.158401,-37.597398],[145.158391,-37.597486]]},{"h":6,"g":[[145.158381,-37.597252],[145.158407,-37.597262],[145.158384,-37.597301],[145.158448,-37.597324],[145.158471,-37.597285],[145.158607,-37.597334],[145.158662,-37.597238],[145.158545,-37.597196],[145.158582,-37.597133],[145.158473,-37.597093],[145.158426,-37.597175],[145.158408,-37.597168],[145.158382,-37.597212],[145.158401,-37.597218],[145.158381,-37.597252]]},{"h":6,"g":[[145.152344,-37.600118],[145.152484,-37.600171],[145.152535,-37.600087],[145.152395,-37.600034],[145.152344,-37.600118]]}]}