{"b":[{"h":6,"g":[[145.154994,-37.637004],[145.15501,-37.637103],[145.155225,-37.637082],[145.155209,-37.636982],[145.154994,-37.637004]]}]}