{"b":[{"h":6,"g":[[145.168912,-37.760468],[145.168939,-37.76055],[145.169049,-37.760548],[145.169049,-37.760554],[145.169315,-37.760584],[145.169293,-37.760624],[145.169334,-37.760635],[145.169367,-37.760644],[145.16939,-37.760591],[145.169832,-37.760639],[145.169905,-37.760463],[145.169425,-37.760337],[145.169421,-37.760344],[145.169402,-37.760387],[145.169093,-37.760307],[145.169085,-37.760331],[145.168937,-37.760295],[145.168934,-37.760399],[145.168915,-37.760398],[145.168927,-37.760465],[145.168912,-37.760468]]},{"h":6,"g":[[145.167494,-37.762371],[145.167554,-37.762378],[145.167543,-37.762453],[145.167589,-37.762532],[145.167719,-37.762545],[145.167746,-37.762575],[145.167834,-37.762583],[145.167812,-37.762715],[145.167864,-37.762721],[145.167863,-37.762732],[145.167916,-37.762738],[145.167912,-37.762764],[145.168163,-37.762792],[145.168168,-37.762765],[145.168308,-37.762781],[145.168445,-37.762796],[145.168441,-37.762819],[145.168695,-37.762848],[145.168699,-37.762821],[145.168751,-37.762827],[145.168754,-37.762809],[145.168982,-37.762834],[145.168994,-37.762757],[145.168941,-37.762753],[145.168944,-37.762732],[145.169136,-37.762752],[145.169154,-37.762754],[145.169141,-37.762837],[145.169442,-37.762869],[145.169457,-37.762785],[145.169651,-37.762805],[145.169654,-37.762789],[145.169768,-37.762801],[145.169853,-37.762307],[145.169827,-37.762304],[145.169869,-37.762027],[145.169313,-37.761968],[145.169332,-37.761871],[145.169479,-37.761887],[145.169484,-37.761857],[145.169359,-37.761843],[145.169363,-37.76182],[145.169898,-37.761876],[145.169928,-37.761739],[145.169999,-37.761747],[145.170015,-37.761645],[145.169974,-37.761641],[145.170007,-37.761465],[145.170148,-37.76148],[145.170172,-37.761347],[145.170029,-37.761334],[145.170078,-37.761038],[145.169708,-37.760999],[145.16972,-37.760928],[145.169607,-37.760917],[145.169619,-37.760832],[145.169084,-37.760775],[145.169077,-37.760827],[145.168939,-37.760813],[145.168924,-37.760907],[145.168968,-37.76092],[145.168957,-37.760979],[145.168906,-37.760977],[145.168892,-37.761193],[145.168936,-37.761195],[145.168909,-37.761241],[145.168886,-37.761232],[145.168564,-37.761735],[145.168044,-37.761681],[145.167979,-37.761772],[145.167951,-37.761772],[145.167932,-37.761786],[145.167913,-37.761811],[145.167629,-37.76178],[145.167624,-37.761811],[145.167568,-37.761805],[145.167516,-37.762097],[145.167571,-37.762103],[145.167558,-37.76218],[145.167541,-37.762282],[145.167533,-37.762341],[145.167499,-37.762339],[145.167494,-37.762371]]},{"h":6,"g":[[145.169598,-37.763379],[145.16967,-37.763424],[145.169785,-37.763436],[145.169797,-37.763364],[145.16978,-37.763353],[145.169799,-37.76325],[145.16978,-37.763223],[145.169752,-37.763203],[145.169684,-37.763197],[145.169651,-37.763208],[145.169625,-37.763233],[145.169598,-37.763379]]},{"h":6,"g":[[145.171058,-37.763527],[145.171119,-37.763534],[145.171111,-37.763577],[145.171443,-37.763615],[145.171425,-37.763714],[145.171559,-37.763729],[145.1716,-37.763511],[145.17152,-37.763502],[145.171526,-37.763469],[145.171606,-37.763478],[145.171627,-37.763369],[145.171611,-37.763367],[145.171626,-37.76329],[145.171558,-37.763282],[145.171461,-37.76327],[145.171315,-37.763254],[145.17132,-37.763227],[145.171269,-37.763221],[145.17118,-37.763211],[145.171085,-37.7632],[145.171064,-37.763309],[145.171157,-37.76332],[145.17115,-37.763357],[145.171091,-37.763351],[145.171058,-37.763527]]},{"h":6,"g":[[145.169188,-37.763202],[145.169398,-37.763227],[145.169391,-37.763276],[145.169451,-37.763281],[145.169464,-37.763191],[145.169409,-37.763186],[145.169411,-37.763175],[145.169195,-37.763151],[145.169188,-37.763202]]},{"h":6,"g":[[145.169312,-37.763557],[145.169509,-37.763671],[145.169601,-37.763572],[145.169404,-37.763457],[145.169312,-37.763557]]},{"h":6,"g":[[145.166905,-37.764034],[145.167015,-37.764173],[145.167153,-37.764108],[145.167044,-37.763971],[145.166905,-37.764034]]},{"h":6,"g":[[145.166663,-37.764163],[145.166711,-37.764223],[145.16685,-37.764155],[145.166802,-37.764095],[145.166663,-37.764163]]},{"h":6,"g":[[145.16727,-37.764005],[145.167366,-37.764017],[145.167405,-37.763819],[145.16731,-37.763808],[145.16727,-37.764005]]},{"h":6,"g":[[145.167285,-37.764246],[145.167331,-37.764282],[145.167355,-37.764263],[145.167371,-37.764275],[145.167415,-37.764239],[145.1674,-37.764228],[145.167421,-37.764211],[145.167373,-37.764174],[145.167285,-37.764246]]},{"h":6,"g":[[145.170346,-37.767529],[145.170905,-37.767586],[145.170909,-37.767563],[145.171216,-37.767598],[145.171242,-37.767619],[145.171315,-37.767411],[145.171281,-37.767388],[145.171205,-37.767336],[145.171142,-37.767292],[145.171089,-37.767255],[145.171114,-37.767239],[145.171115,-37.767239],[145.171047,-37.76722],[145.170968,-37.767296],[145.170494,-37.767243],[145.170401,-37.767229],[145.170346,-37.767529]]},{"h":6,"g":[[145.171028,-37.766933],[145.171192,-37.766952],[145.1712,-37.766908],[145.171217,-37.766909],[145.171262,-37.767089],[145.171328,-37.767081],[145.171338,-37.767122],[145.171444,-37.767104],[145.17139,-37.766878],[145.17168,-37.766473],[145.17153,-37.766406],[145.171522,-37.766416],[145.171478,-37.766397],[145.171299,-37.766388],[145.171301,-37.766376],[145.171131,-37.76636],[145.171028,-37.766933]]},{"h":6,"g":[[145.170411,-37.765646],[145.170608,-37.76567],[145.170671,-37.765352],[145.170765,-37.765363],[145.17078,-37.765287],[145.170489,-37.765251],[145.170477,-37.765312],[145.17043,-37.76555],[145.170411,-37.765646]]},{"h":6,"g":[[145.170337,-37.765538],[145.17043,-37.76555],[145.170477,-37.765312],[145.170384,-37.765301],[145.170337,-37.765538]]},{"h":6,"g":[[145.167358,-37.760622],[145.167415,-37.760682],[145.167436,-37.760669],[145.167433,-37.760684],[145.167501,-37.760695],[145.167504,-37.760678],[145.167509,-37.76068],[145.167518,-37.760635],[145.167538,-37.760638],[145.167631,-37.760735],[145.167685,-37.760702],[145.167846,-37.760722],[145.167849,-37.760698],[145.167905,-37.760666],[145.167849,-37.760607],[145.167805,-37.760634],[145.167762,-37.76063],[145.16769,-37.760553],[145.167774,-37.760501],[145.167723,-37.760451],[145.167681,-37.760471],[145.167647,-37.760441],[145.167581,-37.760479],[145.167577,-37.760476],[145.167578,-37.760462],[145.167498,-37.760453],[145.167493,-37.760486],[145.16739,-37.760473],[145.167367,-37.760564],[145.167403,-37.7606],[145.167358,-37.760622]]},{"h":6,"g":[[145.158376,-37.757049],[145.158412,-37.757118],[145.158526,-37.757081],[145.15849,-37.757012],[145.158376,-37.757049]]},{"h":6,"g":[[145.151928,-37.760775],[145.152083,-37.76077],[145.152106,-37.760637],[145.151953,-37.760619],[145.151928,-37.760775]]},{"h":6,"g":[[145.151936,-37.760587],[145.152114,-37.760605],[145.152152,-37.760376],[145.151973,-37.760358],[145.151936,-37.760587]]},{"h":6,"g":[[145.165983,-37.76884],[145.166504,-37.768861],[145.16651,-37.76877],[145.165989,-37.768749],[145.165983,-37.76884]]},{"h":6,"g":[[145.170546,-37.766816],[145.170854,-37.766901],[145.170904,-37.76663],[145.17084,-37.766621],[145.170849,-37.766571],[145.170913,-37.766579],[145.17096,-37.766329],[145.170857,-37.766318],[145.170853,-37.766328],[145.17079,-37.766321],[145.170791,-37.766311],[145.170643,-37.766296],[145.170601,-37.766506],[145.170661,-37.766514],[145.170656,-37.766542],[145.170603,-37.766534],[145.170546,-37.766816]]},{"h":6,"g":[[145.167485,-37.75608],[145.167619,-37.756095],[145.167643,-37.755963],[145.167509,-37.755948],[145.167485,-37.75608]]}]}