{"b":[{"h":6,"g":[[145.163673,-37.835583],[145.163834,-37.835602],[145.163846,-37.835538],[145.163934,-37.835548],[145.163907,-37.835691],[145.16398,-37.8357],[145.164007,-37.835559],[145.164117,-37.835572],[145.164174,-37.835578],[145.164107,-37.836022],[145.164139,-37.836026],[145.164135,-37.836048],[145.16429,-37.836058],[145.164401,-37.836073],[145.164895,-37.836141],[145.165017,-37.836157],[145.165206,-37.836183],[145.165138,-37.836534],[145.165447,-37.836575],[145.165462,-37.83649],[145.165865,-37.836543],[145.166023,-37.836557],[145.166042,-37.836453],[145.165915,-37.836436],[145.165949,-37.836259],[145.166044,-37.836269],[145.166163,-37.835677],[145.166111,-37.83567],[145.166125,-37.835593],[145.166142,-37.835595],[145.166182,-37.835311],[145.166118,-37.835303],[145.166063,-37.835298],[145.166037,-37.835404],[145.165985,-37.835398],[145.165988,-37.835378],[145.166,-37.83538],[145.166024,-37.835248],[145.165996,-37.835246],[145.166019,-37.835131],[145.165946,-37.835121],[145.165999,-37.834853],[145.165968,-37.834848],[145.165974,-37.834829],[145.165981,-37.834796],[145.165996,-37.834796],[145.166054,-37.834508],[145.165922,-37.834492],[145.165936,-37.834419],[145.165794,-37.834401],[145.16578,-37.834475],[145.165285,-37.834413],[145.165146,-37.834482],[145.165122,-37.834623],[145.164817,-37.834586],[145.164802,-37.834661],[145.164668,-37.834644],[145.164611,-37.834929],[145.164772,-37.83495],[145.164721,-37.835196],[145.164663,-37.83519],[145.164647,-37.83528],[145.16444,-37.835255],[145.164419,-37.835362],[145.16462,-37.835385],[145.164633,-37.835309],[145.164694,-37.835316],[145.164663,-37.83547],[145.164075,-37.835397],[145.164095,-37.8353],[145.164265,-37.835322],[145.164275,-37.835276],[145.163945,-37.835235],[145.163957,-37.835172],[145.163775,-37.835148],[145.163746,-37.835292],[145.163734,-37.835352],[145.163719,-37.83535],[145.163673,-37.835583]]},{"h":6,"g":[[145.166349,-37.836072],[145.166396,-37.836114],[145.166588,-37.836131],[145.166641,-37.836093],[145.166891,-37.834323],[145.166892,-37.834313],[145.166889,-37.834298],[145.166881,-37.834284],[145.166866,-37.834271],[145.16685,-37.834263],[145.16683,-37.834257],[145.166674,-37.834234],[145.166654,-37.834235],[145.166637,-37.834244],[145.166618,-37.834251],[145.166607,-37.834265],[145.166601,-37.83428],[145.166589,-37.834363],[145.166349,-37.836072]]},{"h":6,"g":[[145.166282,-37.836545],[145.166326,-37.836591],[145.166516,-37.836608],[145.166573,-37.836577],[145.166624,-37.836217],[145.166578,-37.836171],[145.16639,-37.836154],[145.166331,-37.836191],[145.166282,-37.836545]]},{"h":6,"g":[[145.16318,-37.834141],[145.163213,-37.834144],[145.16321,-37.834162],[145.16329,-37.83417],[145.163313,-37.834028],[145.163326,-37.83403],[145.163329,-37.834015],[145.163331,-37.834],[145.163318,-37.833999],[145.163331,-37.833918],[145.163217,-37.833906],[145.16318,-37.834141]]},{"h":6,"g":[[145.166861,-37.824217],[145.166986,-37.824233],[145.166984,-37.824247],[145.166999,-37.824251],[145.167018,-37.824254],[145.167035,-37.824254],[145.167052,-37.824253],[145.167054,-37.824241],[145.16717,-37.824254],[145.167173,-37.824236],[145.167207,-37.824239],[145.167197,-37.824286],[145.167305,-37.824301],[145.167324,-37.824206],[145.167266,-37.824199],[145.167286,-37.824083],[145.167132,-37.824065],[145.167137,-37.824034],[145.167045,-37.824023],[145.16704,-37.824055],[145.166892,-37.824038],[145.166861,-37.824217]]},{"h":6,"g":[[145.173027,-37.823291],[145.173027,-37.8233],[145.173027,-37.823302],[145.173028,-37.823336],[145.173292,-37.823333],[145.173293,-37.823358],[145.173369,-37.823357],[145.173413,-37.823293],[145.173364,-37.823295],[145.173301,-37.823296],[145.173301,-37.82329],[145.173298,-37.823235],[145.17325,-37.823237],[145.17312,-37.82324],[145.17312,-37.823252],[145.173122,-37.82329],[145.173027,-37.823291]]},{"h":6,"g":[[145.161343,-37.824482],[145.161414,-37.824541],[145.161402,-37.824553],[145.161468,-37.824606],[145.161511,-37.824573],[145.161549,-37.824544],[145.161411,-37.82443],[145.161343,-37.824482]]},{"h":6,"g":[[145.161216,-37.82459],[145.161272,-37.824633],[145.161324,-37.824634],[145.161379,-37.824597],[145.161385,-37.824563],[145.161402,-37.824553],[145.161414,-37.824541],[145.161343,-37.824482],[145.161317,-37.824504],[145.161258,-37.824506],[145.161218,-37.824538],[145.161216,-37.82459]]},{"h":6,"g":[[145.162898,-37.836293],[145.162923,-37.836298],[145.162919,-37.836328],[145.162969,-37.836336],[145.162974,-37.836307],[145.163015,-37.836311],[145.163063,-37.836053],[145.162946,-37.836037],[145.162898,-37.836293]]},{"h":6,"g":[[145.163636,-37.834457],[145.163721,-37.834467],[145.163726,-37.834443],[145.163641,-37.834433],[145.163636,-37.834457]]},{"h":6,"g":[[145.163502,-37.834327],[145.163654,-37.834345],[145.163639,-37.834418],[145.163637,-37.834433],[145.163641,-37.834433],[145.163726,-37.834443],[145.163733,-37.834444],[145.163749,-37.834358],[145.1639,-37.834376],[145.163915,-37.834302],[145.163517,-37.834254],[145.163502,-37.834327]]},{"h":6,"g":[[145.163597,-37.834038],[145.163668,-37.834047],[145.163677,-37.834],[145.163686,-37.833954],[145.163692,-37.833923],[145.163622,-37.833915],[145.163597,-37.834038]]},{"h":6,"g":[[145.164309,-37.83456],[145.16431,-37.8346],[145.164445,-37.834617],[145.164444,-37.834577],[145.164309,-37.83456]]},{"h":6,"g":[[145.173157,-37.829958],[145.17323,-37.829966],[145.173243,-37.829889],[145.173172,-37.82988],[145.173157,-37.829958]]},{"h":6,"g":[[145.17323,-37.829966],[145.173308,-37.829976],[145.173321,-37.829898],[145.173243,-37.829889],[145.17323,-37.829966]]},{"h":6,"g":[[145.172999,-37.82994],[145.173075,-37.829948],[145.173088,-37.82987],[145.173013,-37.82986],[145.172999,-37.82994]]},{"h":6,"g":[[145.172904,-37.829853],[145.173001,-37.829865],[145.173011,-37.829806],[145.172916,-37.829795],[145.172904,-37.829853]]},{"h":6,"g":[[145.173075,-37.829948],[145.173146,-37.829957],[145.17316,-37.829879],[145.173088,-37.82987],[145.173075,-37.829948]]},{"h":6,"g":[[145.172892,-37.829912],[145.172991,-37.829926],[145.173001,-37.829865],[145.172904,-37.829853],[145.172892,-37.829912]]},{"h":6,"g":[[145.170826,-37.834274],[145.171013,-37.834298],[145.171045,-37.834137],[145.171113,-37.834145],[145.171186,-37.833787],[145.170932,-37.833755],[145.170902,-37.833903],[145.170874,-37.833899],[145.170862,-37.833966],[145.170889,-37.833968],[145.170826,-37.834274]]},{"h":6,"g":[[145.169431,-37.823082],[145.169452,-37.823105],[145.169591,-37.823254],[145.169854,-37.823288],[145.17012,-37.823133],[145.170169,-37.822864],[145.170063,-37.822854],[145.170078,-37.822845],[145.169989,-37.822752],[145.169905,-37.822804],[145.169853,-37.822773],[145.169729,-37.822758],[145.16971,-37.822847],[145.169785,-37.822858],[145.169794,-37.822824],[145.169837,-37.822804],[145.169871,-37.822826],[145.170013,-37.822977],[145.169995,-37.823072],[145.169831,-37.823166],[145.169673,-37.823146],[145.169562,-37.823025],[145.169565,-37.823014],[145.169591,-37.823018],[145.169608,-37.822935],[145.169598,-37.822935],[145.169614,-37.822847],[145.169504,-37.822835],[145.169446,-37.823074],[145.169431,-37.823082]]},{"h":6,"g":[[145.16755,-37.833991],[145.167949,-37.834039],[145.16801,-37.83372],[145.167612,-37.833671],[145.167573,-37.833874],[145.16755,-37.833991]]},{"h":6,"g":[[145.158801,-37.839416],[145.159148,-37.839442],[145.159194,-37.839093],[145.158875,-37.839056],[145.158801,-37.839416]]},{"h":6,"g":[[145.158906,-37.824476],[145.158931,-37.824618],[145.158966,-37.824617],[145.158964,-37.824643],[145.159263,-37.824606],[145.159234,-37.824454],[145.158906,-37.824476]]},{"h":9.600000000000001,"g":[[145.171713,-37.835097],[145.171813,-37.835107],[145.171793,-37.835231],[145.171831,-37.835291],[145.171928,-37.8353],[145.171904,-37.835467],[145.171941,-37.83547],[145.171927,-37.83557],[145.171836,-37.835562],[145.171811,-37.835729],[145.172091,-37.835754],[145.172186,-37.835094],[145.172088,-37.834999],[145.171734,-37.834964],[145.171713,-37.835097]]},{"h":4,