{"b":[{"h":6,"g":[[145.157369,-38.393808],[145.157406,-38.393823],[145.15737,-38.393877],[145.157636,-38.393987],[145.157702,-38.393887],[145.157654,-38.393868],[145.157669,-38.393846],[145.157509,-38.39378],[145.157492,-38.393806],[145.157397,-38.393767],[145.157369,-38.393808]]},{"h":6,"g":[[145.157028,-38.393575],[145.157126,-38.3936],[145.157176,-38.393488],[145.157077,-38.393463],[145.157028,-38.393575]]}]}