{"b":[{"h":6,"g":[[145.164385,-38.482177],[145.164487,-38.482225],[145.164563,-38.482128],[145.164462,-38.482079],[145.164385,-38.482177]]}]}