{"t":[{"r":"PLENTY ROAD","v":3803,"h":14,"c":[[145.21729,-37.49042],[145.21459,-37.49067],[145.21211,-37.49017],[145.20922,-37.49096],[145.20675,-37.4908],[145.20448,-37.48907],[145.20345,-37.48677],[145.20008,-37.48384],[145.19909,-37.4834],[145.19665,-37.4833],[145.19035,-37.48578]]},{"r":"WHITTLESEA-YEA ROAD","v":3742,"h":18,"c":[[145.19035,-37.48578],[145.19665,-37.4833],[145.19909,-37.4834],[145.20008,-37.48384],[145.20345,-37.48677],[145.20448,-37.48907],[145.20675,-37.4908],[145.20922,-37.49096],[145.21245,-37.49016],[145.21459,-37.49067],[145.21744,-37.4904]]}]}