{"t":[{"r":"KANGAROO GROUND-WATTLE GLEN ROAD","v":4233,"h":16,"c":[[145.19046,-37.66976],[145.19778,-37.67409],[145.20061,-37.67511],[145.20504,-37.67575],[145.20638,-37.67732],[145.20664,-37.6795],[145.2078,-37.68124],[145.20797,-37.6828],[145.21001,-37.685]]},{"r":"KANGAROO GROUND-WATTLE GLEN ROAD","v":4386,"h":16,"c":[[145.21001,-37.685],[145.20797,-37.6828],[145.20787,-37.68141],[145.20664,-37.6795],[145.20638,-37.67732],[145.20504,-37.67575],[145.20061,-37.67511],[145.19778,-37.67409],[145.19052,-37.66979]]}]}