{"t":[{"r":"HEIDELBERG-KINGLAKE ROAD","v":3511,"h":3,"c":[[145.1944,-37.6375],[145.20084,-37.63571]]},{"r":"HEIDELBERG-KINGLAKE ROAD","v":1544,"h":3,"c":[[145.20084,-37.63571],[145.20241,-37.63447],[145.20496,-37.6336],[145.20747,-37.63191],[145.21262,-37.62924]]},{"r":"HEIDELBERG-KINGLAKE ROAD","v":1600,"h":3,"c":[[145.21262,-37.62924],[145.20747,-37.63191],[145.20496,-37.6336],[145.20241,-37.63447],[145.20084,-37.63571]]},{"r":"HEIDELBERG-KINGLAKE ROAD","v":3422,"h":3,"c":[[145.20084,-37.63571],[145.1944,-37.6375]]}]}