{"t":[{"r":"COTTLES BRIDGE-STRATHEWEN ROAD","v":3717,"h":6,"c":[[145.21525,-37.60421],[145.21616,-37.60661],[145.21563,-37.60833],[145.21733,-37.61465]]},{"r":"COTTLES BRIDGE-STRATHEWEN ROAD","v":3717,"h":6,"c":[[145.21525,-37.60421],[145.21616,-37.60661],[145.21563,-37.60833],[145.21733,-37.61465]]}]}