{"t":[{"r":"HEIDELBERG-KINGLAKE ROAD","v":1544,"h":3,"c":[[145.20747,-37.63191],[145.21262,-37.62924],[145.21386,-37.62708],[145.21477,-37.62608],[145.21597,-37.62563],[145.21746,-37.62381]]},{"r":"COTTLES BRIDGE-STRATHEWEN ROAD","v":3717,"h":6,"c":[[145.21563,-37.60833],[145.21733,-37.61465],[145.21722,-37.61665],[145.21802,-37.61893]]},{"r":"HEIDELBERG-KINGLAKE ROAD","v":1600,"h":3,"c":[[145.21746,-37.62381],[145.21609,-37.62552],[145.21477,-37.62608],[145.21386,-37.62708],[145.21262,-37.62924],[145.20747,-37.63191]]},{"r":"COTTLES BRIDGE-STRATHEWEN ROAD","v":3717,"h":6,"c":[[145.21563,-37.60833],[145.21733,-37.61465],[145.21722,-37.61665],[145.21802,-37.61893]]}]}