{"t":[{"r":"ELTHAM-YARRA GLEN ROAD","v":6787,"h":20,"c":[[145.19716,-37.7007],[145.21219,-37.70231],[145.21408,-37.69998]]},{"r":"MAIN ROAD","v":6771,"h":6,"c":[[145.21408,-37.69998],[145.21219,-37.70231],[145.19716,-37.7007]]}]}