{"t":[{"r":"PARK ROAD","v":2665,"h":6,"c":[[145.19265,-37.80013],[145.19797,-37.79412],[145.19836,-37.79266],[145.19814,-37.79056],[145.19934,-37.78755]]},{"r":"EASTLINK","v":45450,"h":10,"c":[[145.19418,-37.80041],[145.20067,-37.80346],[145.205,-37.80444],[145.2078,-37.80542],[145.21039,-37.80704]]},{"r":"PARK ROAD","v":3429,"h":6,"c":[[145.19265,-37.80013],[145.19797,-37.79412],[145.19836,-37.79266],[145.19814,-37.79056],[145.19934,-37.78755]]},{"r":"EASTLINK","v":46064,"h":10,"c":[[145.20776,-37.80567],[145.206,-37.80495],[145.19995,-37.80347],[145.19557,-37.80115],[145.19359,-37.80048]]}]}