{"t":[{"r":"FRANKSTON-DANDENONG ROAD","v":11020,"h":8,"c":[[145.21195,-38.03166],[145.20693,-38.05689],[145.20592,-38.05853],[145.19544,-38.07118]]},{"r":"FRANKSTON-DANDENONG ROAD","v":15375,"h":8,"c":[[145.19642,-38.07008],[145.20683,-38.05714],[145.21195,-38.03166]]}]}