{"t":[{"r":"DANDENONG-HASTINGS ROAD","v":5397,"h":11,"c":[[145.21874,-38.18493],[145.21569,-38.20057]]},{"r":"DANDENONG-HASTINGS ROAD","v":5579,"h":11,"c":[[145.21569,-38.20057],[145.21874,-38.18493]]},{"r":"ROBINSONS ROAD","v":1854,"h":6,"c":[[145.18552,-38.17997],[145.20417,-38.1822],[145.20859,-38.18376],[145.21874,-38.18493]]},{"r":"ROBINSONS ROAD","v":1461,"h":6,"c":[[145.18552,-38.17997],[145.20417,-38.1822],[145.20859,-38.18376],[145.21874,-38.18493]]}]}