{"t":[{"r":"DANDENONG-HASTINGS ROAD","v":4230,"h":9,"c":[[145.21569,-38.20057],[145.21493,-38.2053],[145.21517,-38.20771],[145.21605,-38.20951],[145.21818,-38.21214]]},{"r":"DANDENONG-HASTINGS ROAD","v":4544,"h":9,"c":[[145.21818,-38.21214],[145.21605,-38.20951],[145.21517,-38.20771],[145.21493,-38.2053],[145.21569,-38.20057]]}]}