{"t":[{"r":"DANDENONG-HASTINGS ROAD","v":3696,"h":9,"c":[[145.21769,-38.224],[145.21491,-38.23866]]},{"r":"ERAMOSA ROAD","v":1439,"h":6,"c":[[145.17571,-38.22389],[145.2177,-38.224]]},{"r":"DANDENONG-HASTINGS ROAD","v":3781,"h":9,"c":[[145.21491,-38.23866],[145.21769,-38.224]]},{"r":"ERAMOSA ROAD","v":1389,"h":6,"c":[[145.17571,-38.22389],[145.2177,-38.224]]}]}