{"t":[{"r":"MARINE PARADE","v":3717,"h":6,"c":[[145.19476,-38.30773],[145.19648,-38.30887]]},{"r":"MARINE PARADE","v":3717,"h":6,"c":[[145.19476,-38.30773],[145.19648,-38.30887]]}]}