{"t":[{"r":"BAYVIEW ROAD","v":3717,"h":6,"c":[[145.19823,-38.28781],[145.22078,-38.29335]]},{"r":"BARCLAY CRESCENT","v":3717,"h":6,"c":[[145.19477,-38.28885],[145.1966,-38.28791],[145.19822,-38.28781]]},{"r":"BARCLAY CRESCENT","v":3717,"h":6,"c":[[145.19477,-38.28885],[145.1966,-38.28791],[145.19822,-38.28781]]},{"r":"BAYVIEW ROAD","v":3717,"h":6,"c":[[145.19823,-38.28781],[145.22078,-38.29335]]}]}