{"t":[{"r":"STONY POINT ROAD","v":3339,"h":4,"c":[[145.18762,-38.33879],[145.19792,-38.36112]]},{"r":"WOOLLEYS ROAD","v":3717,"h":6,"c":[[145.18806,-38.33858],[145.20174,-38.33888],[145.20269,-38.33932],[145.20766,-38.34345]]},{"r":"STONY POINT ROAD","v":3414,"h":4,"c":[[145.19792,-38.36112],[145.18762,-38.33879]]},{"r":"WOOLLEYS ROAD","v":3717,"h":6,"c":[[145.18806,-38.33858],[145.20174,-38.33888],[145.20269,-38.33932],[145.20766,-38.34345]]}]}