{"t":[{"r":"VENTNOR ROAD","v":1017,"h":7,"c":[[145.23898,-38.46364],[145.19811,-38.46369],[145.19651,-38.46439],[145.18745,-38.47228]]},{"r":"VENTNOR ROAD","v":1009,"h":7,"c":[[145.18745,-38.47228],[145.19651,-38.46439],[145.19793,-38.46372],[145.23898,-38.46364]]},{"r":"VENTNOR BEACH ROAD","v":215,"h":7,"c":[[145.18745,-38.47228],[145.20143,-38.48197]]},{"r":"VENTNOR BEACH ROAD","v":207,"h":9,"c":[[145.18745,-38.47228],[145.20143,-38.48197]]}]}