{"t":[{"r":"BACK BEACH ROAD","v":332,"h":13,"c":[[145.16044,-38.4966],[145.25372,-38.49668]]},{"r":"BACK BEACH ROAD","v":384,"h":12,"c":[[145.25372,-38.49668],[145.16044,-38.4966]]}]}