{"t":[{"r":"VENTNOR BEACH ROAD","v":215,"h":7,"c":[[145.18745,-38.47228],[145.20143,-38.48197],[145.23894,-38.48208]]},{"r":"VENTNOR BEACH ROAD","v":207,"h":9,"c":[[145.18745,-38.47228],[145.20143,-38.48197],[145.23894,-38.48208]]}]}