{"b":[{"h":6,"g":[[145.632658,-37.858342],[145.632682,-37.858424],[145.632752,-37.858411],[145.632728,-37.858329],[145.632658,-37.858342]]},{"h":6,"g":[[145.632676,-37.858471],[145.632695,-37.85852],[145.632758,-37.858505],[145.632739,-37.858456],[145.632676,-37.858471]]}]}