{"b":[{"h":6,"g":[[145.630059,-38.314492],[145.63105,-38.314968],[145.631207,-38.314767],[145.630991,-38.314663],[145.631073,-38.314559],[145.630836,-38.314445],[145.630753,-38.314551],[145.630214,-38.314293],[145.630059,-38.314492]]},{"h":6,"g":[[145.631167,-38.314551],[145.631349,-38.314677],[145.631438,-38.314598],[145.631256,-38.314472],[145.631167,-38.314551]]},{"h":6,"g":[[145.631468,-38.312642],[145.631774,-38.312704],[145.631822,-38.312556],[145.631516,-38.312495],[145.631468,-38.312642]]},{"h":6,"g":[[145.632495,-38.312521],[145.632918,-38.312681],[145.632994,-38.312556],[145.63285,-38.312501],[145.632903,-38.312414],[145.632625,-38.312309],[145.632495,-38.312521]]}]}