{"b":[{"h":6,"g":[[145.632177,-38.379669],[145.632246,-38.379697],[145.632334,-38.379568],[145.632265,-38.37954],[145.632177,-38.379669]]},{"h":6,"g":[[145.631744,-38.379403],[145.63186,-38.379552],[145.631965,-38.379502],[145.63185,-38.379353],[145.631744,-38.379403]]}]}