{"b":[{"h":6,"g":[[144.750046,-37.532178],[144.750212,-37.532198],[144.750252,-37.53199],[144.750086,-37.53197],[144.750046,-37.532178]]},{"h":6,"g":[[144.74979,-37.532817],[144.749892,-37.532839],[144.749993,-37.532634],[144.749873,-37.532602],[144.74979,-37.532817]]},{"h":6,"g":[[144.750523,-37.532839],[144.750631,-37.532839],[144.75064,-37.532683],[144.750535,-37.532678],[144.750523,-37.532839]]}]}