{"n":{"rail":[[[144.73146,-37.76429],[144.63881,-37.72402]],[[144.63883,-37.72399],[144.73398,-37.76523]]],"freeway":[[[144.67254,-37.73559],[144.67,-37.73456],[144.66066,-37.72907]],[[144.66093,-37.72878],[144.67107,-37.73466],[144.68727,-37.73995]],[[144.67071,-37.73534],[144.67077,-37.73495]],[[144.67254,-37.73559],[144.67102,-37.73512],[144.67071,-37.73534]],[[144.67469,-37.73633],[144.67254,-37.73559]]]}}