{"n":{"rail":[[[144.73146,-37.76429],[144.63881,-37.72402]],[[144.63883,-37.72399],[144.73398,-37.76523]]],"freeway":[[[144.68168,-37.73882],[144.68101,-37.73873]],[[144.67107,-37.73466],[144.68727,-37.73995],[144.69288,-37.74214]],[[144.67865,-37.73792],[144.67469,-37.73633]],[[144.68533,-37.73975],[144.67582,-37.73669]],[[144.69275,-37.74249],[144.68533,-37.73975]],[[144.68533,-37.73975],[144.68168,-37.73882]],[[144.67469,-37.73633],[144.67254,-37.73559]],[[144.67582,-37.73669],[144.67469,-37.73633]]]}}