{"n":{"rail":[[[144.69598,-37.83236],[144.68402,-37.83072]],[[144.66038,-37.82688],[144.6838,-37.83064]],[[144.6838,-37.83064],[144.68403,-37.83068]],[[144.68379,-37.83068],[144.66038,-37.82692]],[[144.68402,-37.83072],[144.68379,-37.83068]],[[144.68403,-37.83068],[144.69598,-37.83232]]],"freeway":[[[144.68972,-37.84083],[144.69017,-37.83858]],[[144.69009,-37.8399],[144.68987,-37.841]]]}}