{"n":{"rail":[[[144.67999,-37.89177],[144.68029,-37.89163]],[[144.67999,-37.89188],[144.66359,-37.89853]],[[144.6803,-37.89176],[144.67999,-37.89188]],[[144.71071,-37.87943],[144.6803,-37.89176]],[[144.68029,-37.89163],[144.71073,-37.87938]],[[144.68029,-37.89157],[144.71072,-37.87933]],[[144.67998,-37.89171],[144.68029,-37.89157]],[[144.67998,-37.89171],[144.66358,-37.89841]],[[144.66358,-37.89849],[144.67999,-37.89177]]],"freeway":[[[144.68007,-37.89114],[144.67971,-37.89098]],[[144.68032,-37.89079],[144.68016,-37.89076]],[[144.6802,-37.89068],[144.68035,-37.89072]],[[144.68152,-37.88532],[144.68165,-37.88534]],[[144.68144,-37.88661],[144.6813,-37.8866]],[[144.68266,-37.87811],[144.68243,-37.87757]],[[144.68226,-37.88069],[144.68242,-37.88068]],[[144.68241,-37.87971],[144.6826,-37.87957]],[[144.68218,-37.88119],[144.68236,-37.88101]],[[144.68206,-37.88287],[144.68191,-37.88286]],[[144.68241,-37.88072],[144.68226,-37.88069]],[[144.68124,-37.88695],[144.6814,-37.88688]],[[144.68127,-37.8876],[144.68112,-37.88769]],[[144.68264,-37.87933],[144.68249,-37.87932]],[[144.6829,-37.87669],[144.68308,-37.87562]],[[144.68285,-37.87808],[144.68242,-37.88068]],[[144.68165,-37.88534],[144.68144,-37.88661]],[[144.68013,-37.89273],[144.68007,-37.8918]],[[144.6813,-37.8866],[144.68152,-37.88532]],[[144.68144,-37.88661],[144.68067,-37.89018]],[[144.68152,-37.88532],[144.68226,-37.88069]],[[144.68249,-37.87932],[144.68266,-37.87811]],[[144.68242,-37.88068],[144.68165,-37.88534]],[[144.68341,-37.87471],[144.68337,-37.87488]],[[144.68306,-37.87681],[144.68295,-37.87748]],[[144.6802,-37.89174],[144.68031,-37.89271]],[[144.68043,-37.89023],[144.6813,-37.8866]],[[144.68314,-37.8753],[144.68298,-37.87493]],[[144.68337,-37.87488],[144.68306,-37.87681]],[[144.68337,-37.87488],[144.68319,-37.87495]],[[144.68321,-37.87481],[144.68337,-37.87488]],[[144.68035,-37.89072],[144.68032,-37.89079]],[[144.68295,-37.87748],[144.68292,-37.87764]],[[144.68274,-37.8776],[144.68276,-37.87746]],[[144.68266,-37.87811],[144.68274,-37.8776]],[[144.68209,-37.87739],[144.6828,-37.87724]],[[144.68067,-37.89018],[144.68035,-37.89072]],[[144.6802,-37.89068],[144.68043,-37.89023]],[[144.68032,-37.89079],[144.68021,-37.89115]],[[144.68288,-37.8779],[144.68285,-37.87808]],[[144.68292,-37.87764],[144.68288,-37.8779]],[[144.6828,-37.87724],[144.6829,-37.87669]],[[144.68276,-37.87746],[144.6828,-37.87724]],[[144.68226,-37.88069],[144.68249,-37.87932]],[[144.68677,-37.89107],[144.68669,-37.89095]],[[144.68319,-37.87495],[144.68321,-37.87481]],[[144.68308,-37.87562],[144.68314,-37.8753]],[[144.68314,-37.8753],[144.68319,-37.87495]],[[144.68007,-37.89114],[144.68016,-37.89076]],[[144.68007,-37.8918],[144.68007,-37.89114]],[[144.68021,-37.89115],[144.6802,-37.89174]],[[144.68016,-37.89076],[144.6802,-37.89068]],[[144.69138,-37.88893],[144.68737,-37.89079]],[[144.68737,-37.89079],[144.68608,-37.89139]],[[144.68608,-37.89139],[144.68323,-37.89271]],[[144.68315,-37.8926],[144.69707,-37.88612]]]}}