{"n":{"rail":[[[144.67999,-37.89188],[144.66359,-37.89853]],[[144.67998,-37.89171],[144.66358,-37.89841]],[[144.66358,-37.89849],[144.67999,-37.89177]]],"freeway":[[[144.67577,-37.89662],[144.67511,-37.89652]],[[144.68038,-37.89355],[144.68079,-37.89369]],[[144.693,-37.90807],[144.68733,-37.90997]],[[144.66997,-37.89862],[144.67005,-37.89877]],[[144.67184,-37.89799],[144.67175,-37.89788]],[[144.68013,-37.89273],[144.68007,-37.8918]],[[144.67531,-37.89623],[144.67889,-37.89456]],[[144.66706,-37.90007],[144.66988,-37.89866]],[[144.67533,-37.89642],[144.67521,-37.89648]],[[144.68168,-37.89327],[144.68315,-37.8926]],[[144.6802,-37.89174],[144.68031,-37.89271]],[[144.67522,-37.89628],[144.67531,-37.89623]],[[144.67175,-37.89788],[144.67522,-37.89628]],[[144.67946,-37.8943],[144.68046,-37.89384]],[[144.68005,-37.89418],[144.67677,-37.89572]],[[144.68079,-37.89369],[144.68147,-37.89337]],[[144.68035,-37.89337],[144.68046,-37.89384]],[[144.68046,-37.89384],[144.68024,-37.89368]],[[144.6809,-37.89381],[144.68052,-37.89397]],[[144.66997,-37.89862],[144.67175,-37.89788]],[[144.68052,-37.89397],[144.68044,-37.894]],[[144.68031,-37.89271],[144.68035,-37.89337]],[[144.67677,-37.89572],[144.67625,-37.89597]],[[144.68024,-37.89368],[144.68017,-37.89332]],[[144.67889,-37.89456],[144.67946,-37.8943]],[[144.6732,-37.89733],[144.67297,-37.89732]],[[144.68058,-37.89423],[144.68027,-37.89408]],[[144.6809,-37.89381],[144.68056,-37.89417]],[[144.68323,-37.89271],[144.68315,-37.8926]],[[144.68052,-37.89397],[144.68046,-37.89384]],[[144.68046,-37.89384],[144.68079,-37.89369]],[[144.68027,-37.89408],[144.68005,-37.89418]],[[144.68176,-37.89339],[144.68151,-37.89351]],[[144.68017,-37.89332],[144.68013,-37.89273]],[[144.67005,-37.89877],[144.66988,-37.89866]],[[144.68151,-37.89351],[144.6809,-37.89381]],[[144.66988,-37.89866],[144.66997,-37.89862]],[[144.67547,-37.89636],[144.67533,-37.89642]],[[144.67625,-37.89597],[144.67565,-37.89627]],[[144.68695,-37.90986],[144.69238,-37.90801]],[[144.67591,-37.89614],[144.67589,-37.89646]],[[144.67996,-37.89407],[144.68024,-37.89368]],[[144.68147,-37.89337],[144.68168,-37.89327]],[[144.68608,-37.89139],[144.68323,-37.89271]],[[144.68231,-37.89313],[144.68176,-37.89339]],[[144.67521,-37.89648],[144.67506,-37.89654]],[[144.67506,-37.89654],[144.6732,-37.89733]],[[144.67174,-37.89804],[144.67118,-37.89828]],[[144.6732,-37.89733],[144.67174,-37.89804]],[[144.67118,-37.89828],[144.67005,-37.89877]],[[144.66941,-37.89908],[144.66792,-37.89981]],[[144.67005,-37.89877],[144.66941,-37.89908]],[[144.68044,-37.894],[144.68027,-37.89408]],[[144.67565,-37.89627],[144.67547,-37.89636]],[[144.68315,-37.8926],[144.69707,-37.88612]],[[144.68323,-37.89271],[144.68231,-37.89313]]]}}