{"n":{"rail":[[[145.54892,-38.08022],[145.593,-38.08284]],[[145.593,-38.08289],[145.57112,-38.08157]]],"freeway":[[[145.59866,-38.06776],[145.60084,-38.06766]],[[145.60801,-38.06783],[145.60109,-38.06801]],[[145.60109,-38.06801],[145.60089,-38.06803]],[[145.60084,-38.06766],[145.60105,-38.06765]],[[145.60089,-38.06803],[145.59291,-38.06831]],[[145.60105,-38.06765],[145.6086,-38.06751],[145.61515,-38.06799]],[[145.58898,-38.06843],[145.59264,-38.06802]],[[145.60801,-38.06783],[145.60679,-38.06748]],[[145.60702,-38.06748],[145.60702,-38.06777]],[[145.61509,-38.06846],[145.60801,-38.06783]],[[145.59291,-38.06831],[145.58912,-38.06888]],[[145.59264,-38.06802],[145.59866,-38.06776]]]}}