{"b":[{"h":6,"g":[[144.951966,-37.404627],[144.952007,-37.404634],[144.951982,-37.404729],[144.952079,-37.404745],[144.952107,-37.404639],[144.952152,-37.404646],[144.952163,-37.404603],[144.952214,-37.404611],[144.952235,-37.404532],[144.952054,-37.404503],[144.952043,-37.404545],[144.951989,-37.404536],[144.951966,-37.404627]]},{"h":6,"g":[[144.952617,-37.403949],[144.952663,-37.403964],[144.952622,-37.404043],[144.952702,-37.404069],[144.952746,-37.403985],[144.952812,-37.404006],[144.952826,-37.403979],[144.952847,-37.403986],[144.952884,-37.403916],[144.95285,-37.403905],[144.952859,-37.403887],[144.952825,-37.403876],[144.952873,-37.403782],[144.95275,-37.403742],[144.952699,-37.403841],[144.95272,-37.403848],[144.952684,-37.403917],[144.952641,-37.403903],[144.952617,-37.403949]]},{"h":6,"g":[[144.953362,-37.402784],[144.953381,-37.402851],[144.953444,-37.40284],[144.953472,-37.402939],[144.953593,-37.402918],[144.953539,-37.402724],[144.953431,-37.402744],[144.953438,-37.402771],[144.953362,-37.402784]]}]}