{"b":[{"h":6,"g":[[144.952553,-37.302923],[144.952585,-37.302927],[144.952578,-37.302965],[144.952697,-37.302979],[144.952701,-37.302958],[144.952718,-37.30296],[144.952723,-37.302931],[144.952748,-37.302934],[144.952763,-37.302851],[144.952588,-37.302831],[144.952581,-37.302872],[144.952563,-37.30287],[144.952553,-37.302923]]},{"h":6,"g":[[144.952806,-37.303002],[144.952867,-37.303009],[144.952869,-37.302999],[144.952885,-37.303],[144.952889,-37.302976],[144.952932,-37.302981],[144.952942,-37.302922],[144.95293,-37.302921],[144.952937,-37.302881],[144.952877,-37.302874],[144.952875,-37.302886],[144.952827,-37.302881],[144.952806,-37.303002]]}]}