{"b":[{"h":6,"g":[[144.94115,-37.474955],[144.94146,-37.474961],[144.941464,-37.474835],[144.941154,-37.474828],[144.94115,-37.474955]]},{"h":6,"g":[[144.945087,-37.480107],[144.945088,-37.480129],[144.945099,-37.480151],[144.945117,-37.480168],[144.945142,-37.48018],[144.94517,-37.480185],[144.945198,-37.480183],[144.945226,-37.480173],[144.945248,-37.480157],[144.945262,-37.480135],[144.945266,-37.480111],[144.945259,-37.480087],[144.945243,-37.480067],[144.945219,-37.480052],[144.94519,-37.480044],[144.94516,-37.480044],[144.945133,-37.480052],[144.94511,-37.480066],[144.945094,-37.480085],[144.945087,-37.480107]]},{"h":6,"g":[[144.944741,-37.47998],[144.944975,-37.480005],[144.945059,-37.479519],[144.944958,-37.479508],[144.944825,-37.479494],[144.944741,-37.47998]]}]}