{"b":[{"h":6,"g":[[144.944331,-37.5094],[144.944701,-37.509438],[144.94472,-37.509321],[144.94435,-37.509283],[144.944331,-37.5094]]},{"h":6,"g":[[144.94393,-37.509349],[144.944043,-37.509355],[144.94406,-37.509166],[144.943948,-37.509159],[144.94393,-37.509349]]},{"h":6,"g":[[144.943124,-37.509691],[144.943277,-37.509691],[144.943277,-37.509534],[144.943124,-37.509534],[144.943124,-37.509691]]}]}