{"b":[{"h":6,"g":[[144.953234,-38.359589],[144.953282,-38.359656],[144.953317,-38.35964],[144.953338,-38.35967],[144.953516,-38.359592],[144.953446,-38.359495],[144.953234,-38.359589]]},{"h":6,"g":[[144.952731,-38.358964],[144.952752,-38.358993],[144.952768,-38.358986],[144.952809,-38.359042],[144.952793,-38.359051],[144.952823,-38.359093],[144.952844,-38.359084],[144.952886,-38.359143],[144.952996,-38.359092],[144.95295,-38.359031],[144.952975,-38.35902],[144.952946,-38.358978],[144.95292,-38.358991],[144.952875,-38.358927],[144.952829,-38.358948],[144.952816,-38.358927],[144.952731,-38.358964]]}]}