{"b":[{"h":6,"g":[[144.934418,-38.377803],[144.934424,-38.377841],[144.934461,-38.377889],[144.934501,-38.37791],[144.934549,-38.377919],[144.934601,-38.377915],[144.934644,-38.377897],[144.934677,-38.377869],[144.934693,-38.377839],[144.934698,-38.377801],[144.934685,-38.377764],[144.934657,-38.377733],[144.934634,-38.377717],[144.934589,-38.377703],[144.93454,-38.377701],[144.934494,-38.377713],[144.934457,-38.377734],[144.93443,-38.377766],[144.934418,-38.377803]]}]}