{"b":[{"h":6,"g":[[145.604443,-37.613881],[145.604512,-37.613882],[145.604514,-37.613838],[145.604445,-37.613836],[145.604443,-37.613881]]}]}