{"b":[{"h":6,"g":[[145.603461,-37.847973],[145.603553,-37.847978],[145.603555,-37.847957],[145.603606,-37.84796],[145.603611,-37.847907],[145.603555,-37.847903],[145.603558,-37.847866],[145.603472,-37.847861],[145.603461,-37.847973]]}]}