{"b":[{"h":6,"g":[[145.591446,-37.764583],[145.591529,-37.764591],[145.59154,-37.764513],[145.591457,-37.764505],[145.591446,-37.764583]]}]}