{"b":[{"h":6,"g":[[145.61132,-38.051291],[145.61183,-38.051374],[145.611842,-38.051311],[145.611689,-38.051285],[145.611692,-38.051267],[145.611343,-38.051215],[145.61132,-38.051291]]}]}