{"b":[{"h":6,"g":[[145.607688,-37.986557],[145.607727,-37.986558],[145.607732,-37.986475],[145.607693,-37.986474],[145.607688,-37.986557]]}]}