{"b":[{"h":6,"g":[[145.59859,-38.255725],[145.598669,-38.255985],[145.598839,-38.255953],[145.598753,-38.25567],[145.598692,-38.255681],[145.598699,-38.255705],[145.59859,-38.255725]]},{"h":6,"g":[[145.598564,-38.255454],[145.598583,-38.25554],[145.598649,-38.25553],[145.598656,-38.255559],[145.598761,-38.255544],[145.598753,-38.255505],[145.598849,-38.255492],[145.598835,-38.255431],[145.598746,-38.255444],[145.598743,-38.255429],[145.598564,-38.255454]]}]}