{"b":[{"h":6,"g":[[145.604834,-38.337276],[145.605045,-38.337313],[145.605122,-38.33705],[145.60492,-38.337012],[145.604834,-38.337276]]},{"h":6,"g":[[145.610361,-38.337284],[145.610399,-38.337299],[145.610372,-38.337339],[145.610463,-38.337377],[145.610494,-38.337332],[145.610554,-38.337357],[145.610545,-38.337369],[145.610606,-38.337395],[145.610593,-38.337415],[145.610657,-38.337442],[145.610695,-38.337385],[145.610753,-38.337409],[145.610874,-38.337228],[145.610666,-38.337142],[145.610629,-38.337197],[145.610464,-38.337129],[145.610361,-38.337284]]},{"h":6,"g":[[145.605509,-38.3249],[145.605696,-38.324926],[145.605721,-38.324816],[145.605534,-38.32479],[145.605509,-38.3249]]}]}