{"b":[{"h":6,"g":[[144.848232,-37.541677],[144.848357,-37.54168],[144.848355,-37.541728],[144.848416,-37.54173],[144.848419,-37.541676],[144.848497,-37.541678],[144.848501,-37.541592],[144.848236,-37.541585],[144.848232,-37.541677]]},{"h":6,"g":[[144.845213,-37.531964],[144.845406,-37.531997],[144.845391,-37.532049],[144.845466,-37.532062],[144.845481,-37.532011],[144.845501,-37.532015],[144.845513,-37.531969],[144.845491,-37.531965],[144.845499,-37.531937],[144.845432,-37.531926],[144.845435,-37.531916],[144.845383,-37.531907],[144.845381,-37.531917],[144.845335,-37.531909],[144.845343,-37.531879],[144.845292,-37.531871],[144.845284,-37.5319],[144.845233,-37.531891],[144.845213,-37.531964]]}]}