{"b":[{"h":6,"g":[[144.849678,-37.631407],[144.849707,-37.63141],[144.849755,-37.631414],[144.849812,-37.631418],[144.849814,-37.631393],[144.849821,-37.631329],[144.849695,-37.631319],[144.849691,-37.63134],[144.849678,-37.631407]]},{"h":6,"g":[[144.852692,-37.630837],[144.852882,-37.630862],[144.852887,-37.630841],[144.85322,-37.630885],[144.853224,-37.630861],[144.853239,-37.630862],[144.85325,-37.630803],[144.853279,-37.630806],[144.853293,-37.630728],[144.853029,-37.630698],[144.853015,-37.630769],[144.852712,-37.630731],[144.852692,-37.630837]]},{"h":6,"g":[[144.847227,-37.629078],[144.84758,-37.629108],[144.847591,-37.629001],[144.847246,-37.628971],[144.847227,-37.629078]]}]}