{"b":[{"h":6,"g":[[144.859468,-38.447264],[144.859488,-38.447336],[144.859662,-38.447306],[144.859642,-38.447235],[144.859468,-38.447264]]},{"h":6,"g":[[144.859911,-38.447465],[144.860161,-38.447683],[144.860269,-38.447609],[144.860017,-38.447389],[144.859911,-38.447465]]},{"h":6,"g":[[144.856375,-38.44506],[144.856416,-38.445147],[144.85643,-38.445143],[144.856444,-38.445167],[144.856518,-38.445143],[144.856477,-38.445066],[144.856455,-38.445023],[144.856382,-38.445044],[144.856387,-38.445057],[144.856375,-38.44506]]}]}