{"n":{"rail":[[[145.52436,-38.08352],[145.52507,-38.08337]],[[145.52307,-38.08389],[145.52872,-38.08265]],[[145.52507,-38.08337],[145.52523,-38.08333]],[[145.52872,-38.08265],[145.51873,-38.08457]],[[145.52538,-38.0833],[145.52831,-38.08274]],[[145.52523,-38.08333],[145.52538,-38.0833]],[[145.5265,-38.08299],[145.52753,-38.08263]],[[145.52711,-38.0833],[145.52284,-38.08397]],[[145.52283,-38.08393],[145.5271,-38.08327]],[[145.52586,-38.0835],[145.52482,-38.08362]],[[145.5271,-38.08327],[145.53591,-38.08189]],[[145.53592,-38.08193],[145.52711,-38.0833]]],"freeway":[[[145.51324,-38.08518],[145.52616,-38.07872]],[[145.52609,-38.07897],[145.51371,-38.08517]]]}}