{"n":{"rail":[[[145.10163,-37.91036],[145.11718,-37.92193]],[[145.12894,-37.93096],[145.12164,-37.92543]],[[145.12172,-37.92532],[145.12897,-37.93094]],[[145.11673,-37.92166],[145.10152,-37.91044]],[[145.11718,-37.92193],[145.12172,-37.92532]],[[145.12164,-37.92543],[145.11673,-37.92166]]],"freeway":[[[145.12499,-37.91403],[145.12585,-37.91397],[145.12585,-37.9137]],[[145.12652,-37.91391],[145.12804,-37.91457]],[[145.12947,-37.915],[145.12905,-37.91547]],[[145.12811,-37.91513],[145.12695,-37.91456]],[[145.12583,-37.91368],[145.12552,-37.91347]],[[145.1289,-37.91473],[145.13002,-37.91486]],[[145.10813,-37.91229],[145.10714,-37.91216]],[[145.12905,-37.91547],[145.12891,-37.91559]],[[145.12913,-37.91493],[145.12809,-37.91475]],[[145.12741,-37.91445],[145.12804,-37.91457]],[[145.12811,-37.91513],[145.12731,-37.91463]],[[145.12652,-37.91391],[145.12741,-37.91445]],[[145.12731,-37.91463],[145.12688,-37.91435]],[[145.12804,-37.91457],[145.1289,-37.91473]],[[145.12741,-37.91445],[145.12781,-37.91471]],[[145.1219,-37.91365],[145.12386,-37.91387]],[[145.10956,-37.91222],[145.11671,-37.91305]],[[145.12233,-37.91124],[145.12281,-37.91155]],[[145.12543,-37.91434],[145.12431,-37.91427]],[[145.12688,-37.91435],[145.12611,-37.91387]],[[145.12688,-37.91435],[145.12741,-37.91445]],[[145.12781,-37.91471],[145.12731,-37.91463]],[[145.12781,-37.91471],[145.1282,-37.91495]],[[145.12229,-37.91142],[145.12211,-37.9113]],[[145.12208,-37.91109],[145.12233,-37.91124]],[[145.12186,-37.91397],[145.12017,-37.91376]],[[145.12074,-37.91352],[145.1214,-37.9136]],[[145.1071,-37.91199],[145.10956,-37.91222]],[[145.12611,-37.91387],[145.12583,-37.91368]],[[145.12499,-37.91403],[145.12688,-37.91435]],[[145.12905,-37.91547],[145.12915,-37.91553]],[[145.12947,-37.915],[145.12913,-37.91493]],[[145.12695,-37.91456],[145.12543,-37.91434]],[[145.12731,-37.91463],[145.12695,-37.91456]],[[145.12891,-37.91559],[145.12849,-37.91535]],[[145.12449,-37.9126],[145.12512,-37.91301]],[[145.11945,-37.90961],[145.11897,-37.90931]],[[145.11909,-37.90918],[145.11993,-37.90972]],[[145.12168,-37.91083],[145.12208,-37.91109]],[[145.12096,-37.91037],[145.12138,-37.91064]],[[145.12552,-37.91347],[145.12501,-37.91312]],[[145.12296,-37.91183],[145.12229,-37.91142]],[[145.12501,-37.91312],[145.12331,-37.91205]],[[145.11666,-37.91332],[145.10813,-37.91229]],[[145.12457,-37.91396],[145.12499,-37.91403]],[[145.12431,-37.91427],[145.12186,-37.91397]],[[145.11961,-37.91339],[145.12074,-37.91352]],[[145.11671,-37.91305],[145.11849,-37.91326]],[[145.11849,-37.91326],[145.11961,-37.91339]],[[145.1214,-37.9136],[145.1219,-37.91365]],[[145.12017,-37.91376],[145.11666,-37.91332]],[[145.12436,-37.91394],[145.12457,-37.91396]],[[145.12281,-37.91155],[145.12449,-37.9126]],[[145.11993,-37.90972],[145.12096,-37.91037]],[[145.12386,-37.91387],[145.12436,-37.91394]],[[145.12211,-37.9113],[145.11945,-37.90961]],[[145.12915,-37.91553],[145.12962,-37.91584]],[[145.12849,-37.91535],[145.12833,-37.91527]],[[145.12833,-37.91527],[145.12811,-37.91513]],[[145.12988,-37.91619],[145.12891,-37.91559]],[[145.1282,-37.91495],[145.12905,-37.91547]],[[145.12629,-37.91377],[145.12652,-37.91391]],[[145.12604,-37.91362],[145.12629,-37.91377]],[[145.12512,-37.91301],[145.12604,-37.91362]],[[145.12331,-37.91205],[145.12296,-37.91183]],[[145.12208,-37.91109],[145.12237,-37.91101]],[[145.12138,-37.91064],[145.12168,-37.91083]],[[145.12809,-37.91475],[145.12781,-37.91471]]]}}