{"n":{"rail":[[[145.11564,-37.8747],[145.12262,-37.8753]],[[145.1228,-37.8753],[145.13971,-37.87522]],[[145.1396,-37.87526],[145.12279,-37.87533]],[[145.12263,-37.87534],[145.11614,-37.87483]],[[145.12279,-37.87533],[145.12263,-37.87534]],[[145.12262,-37.8753],[145.1228,-37.8753]]],"freeway":[[[145.1244,-37.89204],[145.12766,-37.89219]],[[145.1126,-37.88806],[145.11001,-37.88732]],[[145.10841,-37.88605],[145.10894,-37.88616]],[[145.10868,-37.88705],[145.10812,-37.88749]],[[145.10823,-37.88698],[145.10813,-37.8869]],[[145.10828,-37.88606],[145.10841,-37.88605]],[[145.10848,-37.88559],[145.10894,-37.88616]],[[145.12056,-37.89174],[145.11576,-37.88979]],[[145.1126,-37.88806],[145.10886,-37.88687]],[[145.11615,-37.88973],[145.12044,-37.89145],[145.1244,-37.89204]],[[145.10774,-37.88666],[145.09819,-37.88521]],[[145.11001,-37.88732],[145.10868,-37.88705]],[[145.10894,-37.88616],[145.1102,-37.88662]],[[145.11085,-37.88691],[145.11375,-37.8883]],[[145.10886,-37.88687],[145.10774,-37.88666]],[[145.10786,-37.88645],[145.10909,-37.88665]],[[145.10909,-37.88665],[145.11375,-37.8883]],[[145.11375,-37.8883],[145.11615,-37.88973]],[[145.11576,-37.88979],[145.1126,-37.88806]],[[145.1244,-37.89204],[145.13015,-37.89265]],[[145.12766,-37.89219],[145.12972,-37.89229]],[[145.10868,-37.88705],[145.10823,-37.88698]],[[145.1102,-37.88662],[145.11085,-37.88691]],[[145.12342,-37.89217],[145.12056,-37.89174]],[[145.09921,-37.88517],[145.10786,-37.88645]],[[145.12446,-37.89229],[145.12342,-37.89217]]]}}