{"n":{"tram":[[[145.09975,-37.85069],[145.11009,-37.84949],[145.13433,-37.85217]],[[145.13433,-37.85221],[145.11009,-37.84953],[145.09983,-37.85071]]],"freeway":[[[145.10903,-37.84962],[145.10902,-37.84942]],[[145.11298,-37.84966],[145.11293,-37.84987]],[[145.12184,-37.85092],[145.12177,-37.8507]],[[145.11814,-37.85027],[145.11818,-37.85048]],[[145.10903,-37.84962],[145.10783,-37.8497]],[[145.11176,-37.84972],[145.11018,-37.84963]],[[145.10525,-37.84992],[145.10815,-37.84948]],[[145.11073,-37.84943],[145.11298,-37.84966]],[[145.10783,-37.8497],[145.10528,-37.85011]],[[145.1097,-37.8494],[145.11073,-37.84943]],[[145.11293,-37.84987],[145.11176,-37.84972]],[[145.11298,-37.84966],[145.11814,-37.85027]],[[145.11833,-37.8505],[145.11293,-37.84987]],[[145.12177,-37.8507],[145.13066,-37.85174]],[[145.10902,-37.84942],[145.10923,-37.84941]],[[145.10815,-37.84948],[145.10902,-37.84942]],[[145.10923,-37.84941],[145.1097,-37.8494]],[[145.10934,-37.84962],[145.10903,-37.84962]],[[145.11018,-37.84963],[145.10934,-37.84962]],[[145.13062,-37.85192],[145.11993,-37.8507]],[[145.11845,-37.85031],[145.11997,-37.85049]],[[145.11814,-37.85027],[145.11845,-37.85031]],[[145.11997,-37.85049],[145.12177,-37.8507]],[[145.11993,-37.8507],[145.11833,-37.8505]]]}}