{"n":{"rail":[[[145.12718,-37.8201],[145.1237,-37.8196]],[[145.12371,-37.81954],[145.12607,-37.81991]],[[145.1237,-37.8196],[145.1207,-37.81919]],[[145.12076,-37.81904],[145.12372,-37.81949]],[[145.12075,-37.8191],[145.12371,-37.81954]],[[145.1207,-37.81919],[145.11489,-37.81832]],[[145.1149,-37.81824],[145.12076,-37.81904]],[[145.13745,-37.8216],[145.12718,-37.8201]],[[145.11462,-37.8183],[145.11234,-37.81827]],[[145.11489,-37.81832],[145.11462,-37.8183]],[[145.10615,-37.8191],[145.1081,-37.81839]],[[145.11233,-37.8182],[145.11462,-37.81823]],[[145.11462,-37.81823],[145.1149,-37.81824]],[[145.11462,-37.81827],[145.1149,-37.81828]],[[145.1149,-37.81828],[145.11979,-37.81897]],[[145.11233,-37.81823],[145.11462,-37.81827]],[[145.11222,-37.81823],[145.11233,-37.81823]],[[145.11683,-37.81847],[145.11791,-37.81869]],[[145.12718,-37.8201],[145.12607,-37.81991]],[[145.12372,-37.81949],[145.12718,-37.82006]],[[145.10606,-37.81921],[145.1081,-37.81843]],[[145.12075,-37.8191],[145.11976,-37.81903]],[[145.11979,-37.81897],[145.12076,-37.81904]],[[145.1081,-37.81848],[145.10603,-37.81927]],[[145.11221,-37.8182],[145.11233,-37.8182]],[[145.11234,-37.81827],[145.11222,-37.81827]],[[145.11979,-37.81897],[145.12075,-37.8191]],[[145.12718,-37.82006],[145.13766,-37.82154]],[[145.12607,-37.81991],[145.12718,-37.82006]],[[145.11682,-37.81851],[145.1179,-37.81873]],[[145.1081,-37.81839],[145.11221,-37.8182]],[[145.1081,-37.81843],[145.11222,-37.81823]],[[145.11222,-37.81827],[145.1081,-37.81848]]],"tram":[[[145.11997,-37.81753],[145.06069,-37.81038]],[[145.10703,-37.81591],[145.11997,-37.8175]],[[145.12123,-37.81773],[145.12214,-37.81784]],[[145.12213,-37.81791],[145.12117,-37.8178]],[[145.1216,-37.81785],[145.12123,-37.81773]],[[145.12117,-37.8178],[145.12159,-37.81777]],[[145.11997,-37.8175],[145.12123,-37.81773]],[[145.12117,-37.8178],[145.11997,-37.81753]]]}}