{"n":{"rail":[[[145.1219,-38.07305],[145.1217,-38.0723]],[[145.1244,-38.08237],[145.12368,-38.08052]],[[145.12194,-38.07304],[145.1221,-38.07364]],[[145.12174,-38.07229],[145.12194,-38.07304]],[[145.12206,-38.07365],[145.1219,-38.07305]],[[145.12449,-38.08247],[145.12659,-38.08671]],[[145.1221,-38.07364],[145.12332,-38.07831]],[[145.12206,-38.07365],[145.12317,-38.07833]],[[145.12139,-38.07107],[145.12115,-38.07039]],[[145.1217,-38.0723],[145.12041,-38.06759]],[[145.12045,-38.06758],[145.12174,-38.07229]],[[145.12041,-38.06759],[145.1193,-38.06048]],[[145.11935,-38.06047],[145.12045,-38.06758]],[[145.12446,-38.08249],[145.1244,-38.08237]],[[145.12655,-38.08674],[145.12446,-38.08249]],[[145.12444,-38.08235],[145.12449,-38.08247]],[[145.12376,-38.08053],[145.12444,-38.08235]],[[145.12317,-38.07833],[145.12368,-38.08052]],[[145.12332,-38.07831],[145.12376,-38.08053]]],"freeway":[[[145.11918,-38.06079],[145.12016,-38.06745],[145.121,-38.07051]],[[145.12153,-38.07233],[145.12173,-38.07308]],[[145.12388,-38.08238],[145.12372,-38.08149]],[[145.12372,-38.08149],[145.12389,-38.08186]],[[145.12212,-38.07474],[145.12196,-38.07407]],[[145.12196,-38.07407],[145.12173,-38.07308]],[[145.12326,-38.07959],[145.12323,-38.0795]],[[145.12372,-38.08149],[145.12352,-38.08071]],[[145.12275,-38.07729],[145.12266,-38.07691]],[[145.12393,-38.08201],[145.12402,-38.08236]],[[145.12236,-38.07567],[145.12225,-38.07529]],[[145.12254,-38.07647],[145.12251,-38.07632]],[[145.1226,-38.07669],[145.1226,-38.07666]],[[145.1224,-38.07585],[145.12236,-38.07567]],[[145.12215,-38.07489],[145.12213,-38.0748]],[[145.12396,-38.08275],[145.12388,-38.08238]],[[145.12402,-38.08236],[145.12388,-38.08238]],[[145.12389,-38.08186],[145.12393,-38.08201]],[[145.12402,-38.08236],[145.12417,-38.08305]],[[145.12352,-38.08071],[145.12328,-38.07968]],[[145.12266,-38.07691],[145.1226,-38.07669]],[[145.12293,-38.07821],[145.12281,-38.07756]],[[145.12281,-38.07756],[145.12275,-38.07729]],[[145.12246,-38.07611],[145.1224,-38.07585]],[[145.12225,-38.07529],[145.12219,-38.07502]],[[145.12317,-38.07922],[145.12295,-38.07829]],[[145.12295,-38.07829],[145.12293,-38.07821]],[[145.121,-38.07051],[145.12153,-38.07233]],[[145.1226,-38.07666],[145.12258,-38.07658]],[[145.12213,-38.0748],[145.12212,-38.07474]],[[145.12219,-38.07502],[145.12215,-38.07489]],[[145.12251,-38.07632],[145.12246,-38.07611]],[[145.12258,-38.07658],[145.12254,-38.07647]],[[145.12323,-38.0795],[145.12317,-38.07922]],[[145.12328,-38.07968],[145.12326,-38.07959]]]}}