{"n":{"rail":[[[145.12667,-38.08699],[145.12655,-38.08674]],[[145.12671,-38.08696],[145.12817,-38.0911],[145.12828,-38.10627]],[[145.12659,-38.08671],[145.12671,-38.08696]],[[145.12823,-38.10627],[145.12813,-38.0911],[145.12667,-38.08699]],[[145.12449,-38.08247],[145.12659,-38.08671]],[[145.12655,-38.08674],[145.12446,-38.08249]]],"freeway":[[[145.12555,-38.09316],[145.12508,-38.08903]],[[145.12404,-38.08307],[145.12396,-38.08275]],[[145.12432,-38.08368],[145.12452,-38.08455]],[[145.12453,-38.0854],[145.12422,-38.08384]],[[145.12466,-38.08601],[145.12458,-38.08577]],[[145.12471,-38.08595],[145.12466,-38.08601]],[[145.12581,-38.09985],[145.12584,-38.10057]],[[145.12579,-38.09935],[145.12581,-38.09985]],[[145.12579,-38.09935],[145.12562,-38.09472]],[[145.12508,-38.08903],[145.12504,-38.08879]],[[145.12504,-38.08879],[145.12471,-38.08647]],[[145.12455,-38.08555],[145.12453,-38.0854]],[[145.12458,-38.08577],[145.12455,-38.08555]],[[145.12471,-38.08647],[145.12467,-38.08612]],[[145.12467,-38.08612],[145.12466,-38.08601]],[[145.1246,-38.08496],[145.12466,-38.08539]],[[145.12452,-38.08455],[145.1246,-38.08496]],[[145.12466,-38.08539],[145.12471,-38.08595]],[[145.12396,-38.08275],[145.12388,-38.08238]],[[145.12412,-38.08343],[145.12404,-38.08307]],[[145.12402,-38.08236],[145.12417,-38.08305]],[[145.12562,-38.09472],[145.12561,-38.09442]],[[145.1256,-38.09416],[145.12559,-38.09404]],[[145.12561,-38.09442],[145.1256,-38.09416]],[[145.12559,-38.09404],[145.12555,-38.09316]],[[145.12417,-38.08305],[145.12432,-38.08368]],[[145.12422,-38.08384],[145.12412,-38.08343]]]}}