{"n":{"rail":[[[145.11724,-38.05461],[145.11231,-38.0446]],[[145.11236,-38.04459],[145.11746,-38.055]],[[145.11,-38.04058],[145.11236,-38.04459]],[[145.11231,-38.0446],[145.10996,-38.0406]],[[145.10996,-38.0406],[145.10615,-38.03412]],[[145.10619,-38.03411],[145.11,-38.04058]]],"freeway":[[[145.10959,-38.04039],[145.11516,-38.05062]],[[145.1086,-38.03867],[145.10873,-38.03862]],[[145.11075,-38.03798],[145.11487,-38.03659]],[[145.11487,-38.03659],[145.11798,-38.03555]],[[145.12046,-38.0347],[145.12365,-38.03341]],[[145.12365,-38.03341],[145.12708,-38.03093]],[[145.11025,-38.03814],[145.11048,-38.03807]],[[145.11048,-38.03807],[145.11075,-38.03798]],[[145.10902,-38.03856],[145.10968,-38.03833]],[[145.1086,-38.03867],[145.10888,-38.03914]],[[145.10838,-38.0383],[145.1086,-38.03867]],[[145.10785,-38.03741],[145.10823,-38.03805]],[[145.10763,-38.03702],[145.10785,-38.03741]],[[145.10823,-38.03805],[145.10838,-38.0383]],[[145.10927,-38.03983],[145.10959,-38.04039]],[[145.10888,-38.03914],[145.10927,-38.03983]],[[145.106,-38.03429],[145.10763,-38.03702]],[[145.10902,-38.03856],[145.10865,-38.03875]],[[145.10873,-38.03862],[145.10885,-38.03858]],[[145.12708,-38.03093],[145.12757,-38.03058]],[[145.12008,-38.03483],[145.12046,-38.0347]],[[145.11883,-38.03526],[145.11949,-38.03503]],[[145.11835,-38.03542],[145.11883,-38.03526]],[[145.11815,-38.03549],[145.11835,-38.03542]],[[145.11798,-38.03555],[145.11815,-38.03549]],[[145.10968,-38.03833],[145.11025,-38.03814]],[[145.11949,-38.03503],[145.12008,-38.03483]],[[145.10885,-38.03858],[145.10902,-38.03856]]]}}