{"n":{"rail":[[[145.11859,-38.05826],[145.11724,-38.05461],[145.11231,-38.0446]],[[145.11236,-38.04459],[145.11746,-38.055],[145.11863,-38.05826]],[[145.12041,-38.06759],[145.1193,-38.06048]],[[145.11935,-38.06047],[145.12045,-38.06758]],[[145.11863,-38.05826],[145.11935,-38.06047]],[[145.1193,-38.06048],[145.11859,-38.05826]]],"freeway":[[[145.11918,-38.06079],[145.12016,-38.06745]],[[145.10959,-38.04039],[145.11516,-38.05062]],[[145.11755,-38.05589],[145.11918,-38.06079]],[[145.11516,-38.05062],[145.11755,-38.05589]]]}}