{"n":{"rail":[[[145.14417,-38.1534],[145.12798,-38.14894]]],"freeway":[[[145.10864,-38.15442],[145.1091,-38.15432]],[[145.10803,-38.15453],[145.10719,-38.15473]],[[145.10946,-38.15431],[145.10904,-38.15447]],[[145.10864,-38.15453],[145.10803,-38.15453]],[[145.10695,-38.15481],[145.10864,-38.15442]],[[145.10945,-38.15417],[145.10961,-38.15408]],[[145.1091,-38.15432],[145.10945,-38.15417]],[[145.11016,-38.15375],[145.10988,-38.15403]],[[145.10988,-38.15403],[145.1097,-38.15417]],[[145.11125,-38.15277],[145.11143,-38.15271]],[[145.1099,-38.15385],[145.11087,-38.15294]],[[145.11242,-38.15246],[145.11223,-38.15255]],[[145.1118,-38.15261],[145.11216,-38.15247]],[[145.11223,-38.15255],[145.11171,-38.15274]],[[145.11269,-38.15229],[145.11242,-38.15246]],[[145.11123,-38.15287],[145.11016,-38.15375]],[[145.11087,-38.15294],[145.11125,-38.15277]],[[145.11464,-38.15024],[145.11269,-38.15229]],[[145.11216,-38.15247],[145.11418,-38.15057]],[[145.10904,-38.15447],[145.10864,-38.15453]],[[145.10961,-38.15408],[145.1099,-38.15385]],[[145.11143,-38.15271],[145.1118,-38.15261]],[[145.1097,-38.15417],[145.10946,-38.15431]],[[145.11148,-38.1528],[145.11123,-38.15287]],[[145.11171,-38.15274],[145.11148,-38.1528]]]}}