{"n":{"rail":[[[145.12817,-38.0911],[145.12828,-38.10627],[145.12957,-38.10946]],[[145.12952,-38.10948],[145.12823,-38.10627],[145.12813,-38.0911]]],"freeway":[[[145.12579,-38.10654],[145.12573,-38.10866]],[[145.12584,-38.10057],[145.12588,-38.10172]],[[145.12586,-38.10345],[145.12585,-38.1038]],[[145.12572,-38.10952],[145.12571,-38.10983]],[[145.12587,-38.10313],[145.12586,-38.10345]],[[145.12573,-38.10897],[145.12572,-38.10932]],[[145.12569,-38.11079],[145.1257,-38.1104]],[[145.1257,-38.11023],[145.12571,-38.10983]],[[145.12581,-38.09985],[145.12584,-38.10057]],[[145.12588,-38.10172],[145.12588,-38.10291]],[[145.12497,-38.12015],[145.12556,-38.11568]],[[145.12556,-38.11568],[145.12569,-38.11079]],[[145.1257,-38.1104],[145.1257,-38.11023]],[[145.12572,-38.10932],[145.12572,-38.10952]],[[145.12584,-38.10401],[145.12584,-38.10435]],[[145.12585,-38.1038],[145.12584,-38.10401]],[[145.12584,-38.10435],[145.12579,-38.10654]],[[145.12587,-38.10301],[145.12587,-38.10313]],[[145.12588,-38.10291],[145.12587,-38.10301]],[[145.12573,-38.10866],[145.12573,-38.10897]]]}}