{"n":{"rail":[[[145.1274,-38.13999],[145.13092,-38.13173]],[[145.13107,-38.13177],[145.12735,-38.14021]]],"freeway":[[[145.12443,-38.13441],[145.12384,-38.13723]],[[145.12493,-38.13032],[145.12465,-38.12987]],[[145.12458,-38.1298],[145.12437,-38.12959]],[[145.12496,-38.13004],[145.12512,-38.13035]],[[145.1244,-38.12945],[145.12462,-38.12966]],[[145.12417,-38.12937],[145.124,-38.12809]],[[145.124,-38.12809],[145.12408,-38.12884]],[[145.12415,-38.12905],[145.12429,-38.12931]],[[145.12487,-38.12102],[145.12497,-38.12015]],[[145.12433,-38.12954],[145.12393,-38.12949]],[[145.12512,-38.13035],[145.12512,-38.13112]],[[145.12484,-38.12123],[145.12487,-38.12102]],[[145.12478,-38.12157],[145.12483,-38.12132]],[[145.12483,-38.12132],[145.12484,-38.12123]],[[145.12497,-38.12015],[145.12556,-38.11568]],[[145.124,-38.12809],[145.12478,-38.12157]],[[145.12496,-38.13039],[145.12493,-38.13032]],[[145.12437,-38.12959],[145.12433,-38.12954]],[[145.12439,-38.12943],[145.1244,-38.12945]],[[145.12433,-38.12954],[145.12417,-38.12937]],[[145.12429,-38.12931],[145.12439,-38.12943]],[[145.12408,-38.12884],[145.12415,-38.12905]],[[145.1248,-38.12985],[145.12496,-38.13004]],[[145.12462,-38.12966],[145.1248,-38.12985]],[[145.12417,-38.13477],[145.12423,-38.13439]],[[145.12423,-38.13439],[145.12449,-38.13297]],[[145.12448,-38.13413],[145.12443,-38.13441]],[[145.12449,-38.13403],[145.12448,-38.13413]],[[145.12465,-38.1331],[145.12449,-38.13403]],[[145.12455,-38.1327],[145.12465,-38.13227]],[[145.12449,-38.13297],[145.12455,-38.1327]],[[145.12465,-38.13227],[145.12488,-38.13131]],[[145.12494,-38.13189],[145.12491,-38.13204]],[[145.12491,-38.13204],[145.12485,-38.1323]],[[145.12485,-38.1323],[145.12465,-38.1331]],[[145.125,-38.1307],[145.12496,-38.13039]],[[145.12488,-38.13131],[145.125,-38.1307]],[[145.12465,-38.12987],[145.12458,-38.1298]],[[145.12512,-38.13112],[145.12494,-38.13189]]]}}