{"n":{"rail":[[[145.12603,-38.14313],[145.12701,-38.14088]],[[145.1274,-38.13999],[145.13092,-38.13173]],[[145.12735,-38.14021],[145.12701,-38.14088]],[[145.1274,-38.13999],[145.12735,-38.14021]],[[145.12573,-38.14391],[145.12587,-38.14369]],[[145.1268,-38.14157],[145.12602,-38.14356]],[[145.12722,-38.14062],[145.12757,-38.13982]],[[145.12713,-38.1406],[145.12845,-38.13744]],[[145.12558,-38.14454],[145.12603,-38.14343]],[[145.14417,-38.1534],[145.12798,-38.14894],[145.12639,-38.14806],[145.1254,-38.14667]],[[145.12735,-38.14021],[145.12587,-38.14369]],[[145.12701,-38.14088],[145.1274,-38.13999]],[[145.12717,-38.14061],[145.12559,-38.14423]],[[145.12526,-38.14607],[145.12559,-38.14423]],[[145.12559,-38.14423],[145.12585,-38.14356]],[[145.13107,-38.13177],[145.12735,-38.14021]],[[145.12587,-38.14369],[145.12673,-38.14183]],[[145.12587,-38.14369],[145.12529,-38.14592]],[[145.12701,-38.14088],[145.12568,-38.14333]],[[145.1254,-38.14667],[145.12532,-38.14637]],[[145.12532,-38.14637],[145.1253,-38.14628]],[[145.1253,-38.14628],[145.12529,-38.14625]],[[145.12529,-38.14625],[145.12528,-38.14619]],[[145.12528,-38.14619],[145.12528,-38.14617]],[[145.12528,-38.14617],[145.12526,-38.14607]],[[145.12585,-38.14356],[145.12603,-38.14313]]],"freeway":[[[145.12443,-38.13441],[145.12384,-38.13723]],[[145.11994,-38.14518],[145.12019,-38.14485]],[[145.11965,-38.14587],[145.11858,-38.14684]],[[145.12337,-38.13875],[145.12307,-38.13933]],[[145.1232,-38.13861],[145.12333,-38.1382]],[[145.12354,-38.13756],[145.12413,-38.13501]],[[145.12363,-38.13797],[145.12354,-38.13827]],[[145.12103,-38.1429],[145.12188,-38.14096]],[[145.12074,-38.14432],[145.12039,-38.14488]],[[145.12058,-38.14425],[145.12064,-38.1441]],[[145.12079,-38.14419],[145.12074,-38.14432]],[[145.11759,-38.14735],[145.11644,-38.14797],[145.11504,-38.14979]],[[145.11958,-38.14557],[145.11988,-38.14527]],[[145.11731,-38.14733],[145.11734,-38.14709]],[[145.11731,-38.14733],[145.11763,-38.14719]],[[145.11778,-38.14727],[145.11773,-38.14729]],[[145.11813,-38.14711],[145.11778,-38.14727]],[[145.11768,-38.14716],[145.1179,-38.14704]],[[145.11763,-38.14719],[145.11768,-38.14716]],[[145.12318,-38.1387],[145.1232,-38.13861]],[[145.1212,-38.14294],[145.12092,-38.14378]],[[145.11453,-38.15018],[145.11688,-38.14753]],[[145.12304,-38.13896],[145.12318,-38.1387]],[[145.12354,-38.13827],[145.12341,-38.13866]],[[145.12341,-38.13866],[145.12337,-38.13875]],[[145.12369,-38.13776],[145.12363,-38.13797]],[[145.12339,-38.13803],[145.12349,-38.1377]],[[145.12375,-38.13756],[145.12369,-38.13776]],[[145.12349,-38.1377],[145.12354,-38.13756]],[[145.12349,-38.1377],[145.12369,-38.13776]],[[145.12333,-38.1382],[145.12339,-38.13803]],[[145.1238,-38.13735],[145.12375,-38.13756]],[[145.12384,-38.13723],[145.1238,-38.13735]],[[145.12375,-38.13756],[145.12354,-38.13756]],[[145.12417,-38.13477],[145.12423,-38.13439]],[[145.12413,-38.13501],[145.12417,-38.13477]],[[145.12294,-38.13913],[145.12304,-38.13896]],[[145.1228,-38.13935],[145.12294,-38.13913]],[[145.12137,-38.14256],[145.12133,-38.14267]],[[145.12145,-38.1424],[145.12137,-38.14256]],[[145.1208,-38.1436],[145.1209,-38.14328]],[[145.12133,-38.14267],[145.1212,-38.14294]],[[145.12037,-38.1446],[145.12058,-38.14425]],[[145.12251,-38.14022],[145.12145,-38.1424]],[[145.12204,-38.14065],[145.1221,-38.14054]],[[145.12188,-38.14096],[145.12204,-38.14065]],[[145.12218,-38.14041],[145.1222,-38.14037]],[[145.12213,-38.1405],[145.12218,-38.14041]],[[145.1221,-38.14054],[145.12213,-38.1405]],[[145.1222,-38.14037],[145.12232,-38.14018]],[[145.1227,-38.13991],[145.12267,-38.13997]],[[145.12273,-38.13987],[145.1227,-38.13991]],[[145.12267,-38.13997],[145.12251,-38.14022]],[[145.12232,-38.14018],[145.1228,-38.13935]],[[145.12307,-38.13933],[145.12273,-38.13987]],[[145.11997,-38.14547],[145.11985,-38.14564]],[[145.11985,-38.14564],[145.11965,-38.14587]],[[145.12007,-38.14535],[145.11997,-38.14547]],[[145.11865,-38.14643],[145.11881,-38.14627]],[[145.11881,-38.14627],[145.1189,-38.14619]],[[145.11851,-38.14657],[145.11865,-38.14643]],[[145.11988,-38.14527],[145.11994,-38.14518]],[[145.11949,-38.14567],[145.11958,-38.14557]],[[145.11901,-38.1461],[145.11924,-38.1459]],[[145.11942,-38.14573],[145.11949,-38.14567]],[[145.11924,-38.1459],[145.11942,-38.14573]],[[145.1189,-38.14619],[145.11901,-38.1461]],[[145.12013,-38.14526],[145.12007,-38.14535]],[[145.12034,-38.14496],[145.12029,-38.14504]],[[145.12039,-38.14488],[145.12034,-38.14496]],[[145.12028,-38.14472],[145.12037,-38.1446]],[[145.12019,-38.14485],[145.12028,-38.14472]],[[145.12029,-38.14504],[145.12013,-38.14526]],[[145.12092,-38.14378],[145.12088,-38.14393]],[[145.12088,-38.14393],[145.12079,-38.14419]],[[145.1209,-38.14328],[145.12094,-38.14316]],[[145.12094,-38.14316],[145.12103,-38.1429]],[[145.12064,-38.1441],[145.1208,-38.1436]],[[145.11834,-38.14673],[145.11851,-38.14657]],[[145.11714,-38.14741],[145.11731,-38.14733]],[[145.11688,-38.14753],[145.11714,-38.14741]],[[145.11773,-38.14729],[145.11759,-38.14735]],[[145.11751,-38.14707],[145.11783,-38.14709]],[[145.11847,-38.14691],[145.11822,-38.14706]],[[145.11858,-38.14684],[145.11847,-38.14691]],[[145.11442,-38.15031],[145.11453,-38.15018]],[[145.11418,-38.15057],[145.11442,-38.15031]],[[145.11476,-38.15011],[145.11464,-38.15024]],[[145.11504,-38.14979],[145.11476,-38.15011]],[[145.11464,-38.15024],[145.11269,-38.15229]],[[145.11216,-38.15247],[145.11418,-38.15057]],[[145.11822,-38.14706],[145.11813,-38.14711]],[[145.1179,-38.14704],[145.11818,-38.14686]],[[145.11818,-38.14686],[145.11834,-38.14673]]]}}