{"n":{"rail":[[[145.10786,-38.21409],[145.10879,-38.21394]],[[145.10595,-38.2143],[145.10776,-38.214]],[[145.10785,-38.21404],[145.10877,-38.21389]],[[145.10473,-38.21463],[145.10773,-38.21419]],[[145.07392,-38.22023],[145.10887,-38.21374]],[[145.10776,-38.214],[145.10846,-38.21382]],[[145.10776,-38.214],[145.10881,-38.21381]],[[145.10815,-38.21369],[145.10839,-38.21365]],[[145.10698,-38.21423],[145.10786,-38.21409]],[[145.10697,-38.21419],[145.10785,-38.21404]]],"freeway":[[[145.1308,-38.21065],[145.12669,-38.22727]],[[145.12371,-38.23832],[145.13062,-38.21055]]]}}