{"t":[{"r":"TRENTHAM FALLS ROAD","v":1524,"h":7,"c":[[144.20568,-37.38438],[144.20827,-37.38832]]},{"r":"TRENTHAM FALLS ROAD","v":1510,"h":7,"c":[[144.20827,-37.38832],[144.20568,-37.38438]]}]}