{"t":[{"r":"TRENTHAM FALLS ROAD","v":1524,"h":7,"c":[[144.18991,-37.36909],[144.19198,-37.37131],[144.19313,-37.37208],[144.19395,-37.37238],[144.19611,-37.37238],[144.19686,-37.37274],[144.20025,-37.37647],[144.20152,-37.37836],[144.20223,-37.3808],[144.20568,-37.38438],[144.20827,-37.38832]]},{"r":"TRENTHAM FALLS ROAD","v":1510,"h":7,"c":[[144.20827,-37.38832],[144.20568,-37.38438],[144.20205,-37.38053],[144.20156,-37.37844],[144.20025,-37.37647],[144.19686,-37.37274],[144.19611,-37.37238],[144.19395,-37.37238],[144.19313,-37.37208],[144.19198,-37.37131],[144.18991,-37.36909]]}]}