{"t":[{"r":"TRENTHAM FALLS ROAD","v":1524,"h":7,"c":[[144.1845,-37.35505],[144.18643,-37.35667],[144.18789,-37.3592],[144.18888,-37.36293],[144.18991,-37.36909],[144.19198,-37.37131]]},{"r":"TRENTHAM FALLS ROAD","v":1510,"h":7,"c":[[144.19198,-37.37131],[144.18991,-37.36909],[144.18888,-37.36293],[144.18789,-37.3592],[144.18644,-37.35669],[144.18453,-37.35508]]}]}