{"t":[{"r":"HEALESVILLE-KINGLAKE ROAD","v":808,"h":9,"c":[[145.34116,-37.53276],[145.35693,-37.53463],[145.35773,-37.53528],[145.35782,-37.53699],[145.35842,-37.53812],[145.36127,-37.54038],[145.36275,-37.54098],[145.36794,-37.54128],[145.37038,-37.53994],[145.37302,-37.53745]]},{"r":"HEALESVILLE-KINGLAKE ROAD","v":802,"h":9,"c":[[145.37302,-37.53745],[145.37038,-37.53994],[145.36794,-37.54128],[145.36275,-37.54098],[145.36127,-37.54038],[145.35842,-37.53812],[145.35782,-37.53699],[145.35773,-37.53528],[145.35693,-37.53463],[145.34116,-37.53276]]}]}