{"t":[{"r":"STEELS CREEK ROAD","v":360,"h":6,"c":[[145.3723,-37.6079],[145.3709,-37.6114],[145.37077,-37.61573]]},{"r":"STEELS CREEK ROAD","v":347,"h":6,"c":[[145.3723,-37.6079],[145.3709,-37.6114],[145.37077,-37.61573]]}]}