{"t":[{"r":"MACINTYRE LANE","v":2889,"h":6,"c":[[145.34596,-37.69521],[145.35949,-37.69667],[145.36357,-37.69889],[145.36974,-37.6996],[145.37099,-37.69927],[145.37187,-37.69857]]},{"r":"MACINTYRE LANE","v":2910,"h":6,"c":[[145.34596,-37.69521],[145.35949,-37.69667],[145.36357,-37.69889],[145.36974,-37.6996],[145.37099,-37.69927],[145.37187,-37.69857]]}]}