{"t":[{"r":"STEELS CREEK ROAD","v":360,"h":6,"c":[[145.3709,-37.6114],[145.37077,-37.61573],[145.37091,-37.61689],[145.37209,-37.6198]]},{"r":"STEELS CREEK ROAD","v":347,"h":6,"c":[[145.3709,-37.6114],[145.37077,-37.61573],[145.37091,-37.61689],[145.37209,-37.6198]]}]}