{"t":[{"r":"COLDSTREAM WEST ROAD","v":3717,"h":6,"c":[[145.3427,-37.71673],[145.35497,-37.71809],[145.35694,-37.7192],[145.3585,-37.71847],[145.36816,-37.71959]]},{"r":"COLDSTREAM WEST ROAD","v":3717,"h":6,"c":[[145.3427,-37.71673],[145.35497,-37.71809],[145.35694,-37.7192],[145.3585,-37.71847],[145.36816,-37.71959]]}]}