{"t":[{"r":"COLDSTREAM WEST ROAD","v":3717,"h":6,"c":[[145.35497,-37.71809],[145.35694,-37.7192],[145.3585,-37.71847],[145.36816,-37.71959],[145.37044,-37.72465]]},{"r":"STATION STREET","v":3717,"h":6,"c":[[145.37848,-37.7252],[145.37045,-37.72465]]},{"r":"COLDSTREAM WEST ROAD","v":3717,"h":6,"c":[[145.35497,-37.71809],[145.35694,-37.7192],[145.3585,-37.71847],[145.36816,-37.71959],[145.37044,-37.72465]]},{"r":"STATION STREET","v":3717,"h":6,"c":[[145.37848,-37.7252],[145.37045,-37.72465]]}]}