{"t":[{"r":"PRINCES FREEWAY","v":31901,"h":11,"c":[[145.37588,-38.066],[145.37021,-38.06211]]}]}