{"t":[{"r":"TWYFORD ROAD","v":1735,"h":9,"c":[[145.33432,-38.13472],[145.4855,-38.15366]]},{"r":"TWYFORD ROAD","v":1654,"h":12,"c":[[145.4855,-38.15366],[145.33432,-38.13472]]}]}