{"t":[{"r":"SOUTH GIPPSLAND HIGHWAY","v":8778,"h":14,"c":[[145.35913,-38.20105],[145.36858,-38.20619],[145.37009,-38.20663],[145.37391,-38.20702]]},{"r":"BAXTER-TOORADIN ROAD","v":7056,"h":12,"c":[[145.3738,-38.20713],[145.36985,-38.2067],[145.3677,-38.20608],[145.36023,-38.2021]]}]}