{"t":[{"r":"PHILLIP ISLAND ROAD","v":6298,"h":12,"c":[[145.348,-38.51473],[145.35347,-38.51466]]},{"r":"PHILLIP ISLAND ROAD","v":6804,"h":7,"c":[[145.35347,-38.51466],[145.35799,-38.5149],[145.36835,-38.52068],[145.37214,-38.52042]]},{"r":"PHILLIP ISLAND ROAD","v":6397,"h":14,"c":[[145.35347,-38.51466],[145.348,-38.51473]]},{"r":"PHILLIP ISLAND ROAD","v":6924,"h":7,"c":[[145.37214,-38.52042],[145.36835,-38.52068],[145.35799,-38.5149],[145.35347,-38.51466]]}]}