{"t":[{"r":"TRENTHAM FALLS ROAD","v":1524,"h":7,"c":[[144.28509,-37.36635],[144.29549,-37.36843],[144.29886,-37.3703]]},{"r":"TRENTHAM FALLS ROAD","v":1510,"h":7,"c":[[144.29886,-37.3703],[144.29549,-37.36843],[144.28509,-37.36635]]}]}