{"t":[{"r":"TRENTHAM FALLS ROAD","v":1524,"h":7,"c":[[144.29549,-37.36843],[144.29886,-37.3703],[144.30574,-37.37209],[144.30736,-37.37196],[144.31048,-37.37041],[144.31302,-37.37064],[144.31767,-37.37368]]},{"r":"TRENTHAM FALLS ROAD","v":1510,"h":7,"c":[[144.31767,-37.37368],[144.31302,-37.37064],[144.31048,-37.37041],[144.30736,-37.37196],[144.30574,-37.37209],[144.29886,-37.3703],[144.29549,-37.36843]]}]}