{"t":[{"r":"GREENDALE-TRENTHAM ROAD","v":963,"h":7,"c":[[144.30127,-37.54413],[144.3028,-37.54612],[144.30238,-37.54697],[144.30089,-37.54793],[144.3002,-37.54899],[144.30024,-37.55299],[144.30052,-37.55391],[144.30212,-37.55589],[144.30252,-37.55698],[144.30195,-37.55848],[144.29882,-37.56073],[144.30285,-37.563]]},{"r":"GREENDALE-MYRNIONG ROAD","v":947,"h":7,"c":[[144.30285,-37.563],[144.29882,-37.56073],[144.30195,-37.55848],[144.30252,-37.55698],[144.30212,-37.55589],[144.30052,-37.55391],[144.30024,-37.55299],[144.3002,-37.54899],[144.30089,-37.54793],[144.30238,-37.54697],[144.3028,-37.54612],[144.30127,-37.54413]]}]}