{"t":[{"r":"GREENDALE-TRENTHAM ROAD","v":963,"h":7,"c":[[144.30378,-37.48863],[144.31168,-37.49847],[144.31215,-37.4996],[144.31197,-37.50198],[144.31067,-37.50572],[144.31109,-37.50849],[144.31222,-37.51067]]},{"r":"GREENDALE-MYRNIONG ROAD","v":947,"h":7,"c":[[144.31222,-37.51067],[144.31109,-37.50849],[144.31067,-37.50572],[144.3119,-37.50212],[144.31215,-37.4996],[144.31168,-37.49847],[144.30378,-37.48863]]}]}