{"t":[{"r":"GREENDALE-TRENTHAM ROAD","v":963,"h":7,"c":[[144.30815,-37.5248],[144.30523,-37.52824],[144.30333,-37.52954],[144.30227,-37.53075],[144.30161,-37.53338],[144.29998,-37.53598],[144.3003,-37.53859],[144.30022,-37.54169],[144.30127,-37.54413],[144.3028,-37.54612]]},{"r":"GREENDALE-MYRNIONG ROAD","v":947,"h":7,"c":[[144.3028,-37.54612],[144.30127,-37.54413],[144.30022,-37.54169],[144.3003,-37.53859],[144.29998,-37.53598],[144.30161,-37.53338],[144.30227,-37.53075],[144.30333,-37.52954],[144.30523,-37.52824],[144.30815,-37.5248]]}]}