{"t":[{"r":"GREENDALE-TRENTHAM ROAD","v":963,"h":7,"c":[[144.31109,-37.50849],[144.31222,-37.51067],[144.31249,-37.51183],[144.31178,-37.51497],[144.30917,-37.52119],[144.30815,-37.5248],[144.30523,-37.52824]]},{"r":"GREENDALE-MYRNIONG ROAD","v":947,"h":7,"c":[[144.30523,-37.52824],[144.30815,-37.5248],[144.30917,-37.52119],[144.31178,-37.51497],[144.31249,-37.51183],[144.31222,-37.51067],[144.31109,-37.50849]]}]}