{"t":[{"r":"GREENDALE-TRENTHAM ROAD","v":346,"h":13,"c":[[144.31872,-37.40058],[144.31586,-37.40544],[144.31487,-37.40916],[144.31368,-37.41059],[144.3121,-37.41104],[144.31083,-37.411],[144.29221,-37.40843]]},{"r":"BLACKWOOD ROAD","v":338,"h":11,"c":[[144.29221,-37.40843],[144.31083,-37.411],[144.3121,-37.41104],[144.31368,-37.41059],[144.31487,-37.40916],[144.31586,-37.40544],[144.31872,-37.40058]]}]}