{"t":[{"r":"GREENDALE-TRENTHAM ROAD","v":963,"h":7,"c":[[144.29882,-37.56073],[144.30285,-37.563],[144.30528,-37.56333],[144.30682,-37.56399],[144.3114,-37.56848],[144.31575,-37.57405],[144.31564,-37.57554],[144.31447,-37.57806],[144.31257,-37.59194]]},{"r":"GREENDALE-MYRNIONG ROAD","v":947,"h":7,"c":[[144.31257,-37.59194],[144.31447,-37.57806],[144.31564,-37.57554],[144.31575,-37.57405],[144.3114,-37.56848],[144.30682,-37.56399],[144.30528,-37.56333],[144.30285,-37.563],[144.29882,-37.56073]]}]}