{"t":[{"r":"GREENDALE-TRENTHAM ROAD","v":273,"h":18,"c":[[144.30648,-37.47214],[144.30534,-37.47577],[144.30516,-37.47902],[144.30389,-37.48068],[144.30422,-37.48198]]},{"r":"GREENDALE-TRENTHAM ROAD","v":963,"h":7,"c":[[144.30422,-37.48198],[144.30345,-37.48698],[144.30378,-37.48863],[144.31168,-37.49847]]},{"r":"GREENDALE-TRENTHAM ROAD","v":280,"h":14,"c":[[144.30422,-37.48198],[144.30389,-37.48068],[144.30516,-37.47902],[144.30534,-37.47577],[144.30648,-37.47214]]},{"r":"GREENDALE-MYRNIONG ROAD","v":947,"h":7,"c":[[144.31168,-37.49847],[144.30378,-37.48863],[144.30345,-37.48698],[144.30422,-37.48198]]}]}