{"t":[{"r":"GREENDALE-TRENTHAM ROAD","v":346,"h":13,"c":[[144.29423,-37.45749],[144.29495,-37.45815],[144.29706,-37.45877],[144.29868,-37.46172],[144.30135,-37.46246],[144.30225,-37.46401],[144.30246,-37.46562],[144.30426,-37.46698]]},{"r":"GREENDALE-TRENTHAM ROAD","v":273,"h":18,"c":[[144.30426,-37.46698],[144.30648,-37.47214],[144.30534,-37.47577]]},{"r":"GREENDALE-TRENTHAM ROAD","v":280,"h":14,"c":[[144.30534,-37.47577],[144.30648,-37.47214],[144.30426,-37.46698]]},{"r":"BLACKWOOD ROAD","v":338,"h":11,"c":[[144.30426,-37.46698],[144.30246,-37.46562],[144.30225,-37.46401],[144.30135,-37.46246],[144.29843,-37.46153],[144.29706,-37.45877],[144.29495,-37.45815],[144.29423,-37.45749]]}]}