{"t":[{"r":"GREENDALE-TRENTHAM ROAD","v":346,"h":13,"c":[[144.29059,-37.44767],[144.29558,-37.45407],[144.29559,-37.45511],[144.29431,-37.45671]]},{"r":"BLACKWOOD ROAD","v":338,"h":11,"c":[[144.29431,-37.45671],[144.29559,-37.45511],[144.29558,-37.45407],[144.29059,-37.44767]]}]}