{"t":[{"r":"GREENDALE-TRENTHAM ROAD","v":963,"h":7,"c":[[144.31447,-37.57806],[144.31257,-37.59194],[144.31316,-37.59301],[144.31873,-37.59809]]},{"r":"GREENDALE-MYRNIONG ROAD","v":947,"h":7,"c":[[144.31873,-37.59809],[144.31316,-37.59301],[144.31257,-37.59194],[144.31447,-37.57806]]}]}