{"t":[{"r":"ANAKIE ROAD","v":659,"h":11,"c":[[144.30899,-38.04304],[144.33024,-38.07073]]}]}