{"t":[{"r":"GEELONG-BALLAN ROAD","v":1129,"h":9,"c":[[144.29214,-38.06652],[144.30704,-38.08388]]},{"r":"ANAKIE ROAD","v":659,"h":11,"c":[[144.30899,-38.04304],[144.33024,-38.07073]]},{"r":"GEELONG-BALLAN ROAD","v":972,"h":9,"c":[[144.30704,-38.08388],[144.29214,-38.06652]]}]}