{"t":[{"r":"ANAKIE ROAD","v":659,"h":11,"c":[[144.28933,-38.02597],[144.30899,-38.04304]]}]}