{"t":[{"r":"GEELONG RING ROAD","v":23344,"h":10,"c":[[144.31649,-38.127],[144.31518,-38.12893],[144.31286,-38.13117],[144.31003,-38.13291],[144.30715,-38.13406],[144.30146,-38.1355]]},{"r":"GEELONG RING ROAD","v":23147,"h":9,"c":[[144.30091,-38.13551],[144.30745,-38.13381],[144.30998,-38.13271],[144.31287,-38.13082],[144.31496,-38.12875],[144.31629,-38.12676],[144.31713,-38.12472]]}]}