{"t":[{"r":"APHRASIA STREET","v":3936,"h":7,"c":[[144.31398,-38.15057],[144.31296,-38.15274],[144.31139,-38.15379],[144.31099,-38.15453],[144.31191,-38.15734],[144.30976,-38.16919]]},{"r":"SCENIC ROAD","v":3720,"h":9,"c":[[144.30976,-38.16919],[144.31191,-38.15734],[144.31099,-38.15453],[144.31139,-38.15379],[144.31285,-38.15286],[144.31388,-38.1507]]},{"r":"BARRABOOL ROAD","v":8293,"h":6,"c":[[144.30975,-38.16918],[144.3056,-38.16831],[144.29929,-38.17153]]},{"r":"BARRABOOL ROAD","v":8266,"h":6,"c":[[144.30074,-38.17096],[144.3056,-38.16831],[144.30975,-38.16918]]}]}