{"t":[{"r":"BALLARAT ROAD","v":6381,"h":14,"c":[[144.31914,-38.1046],[144.30501,-38.09738]]},{"r":"BALLARAT ROAD","v":6179,"h":14,"c":[[144.30501,-38.09738],[144.31926,-38.10448]]}]}