{"t":[{"r":"GEELONG ROAD","v":10056,"h":5,"c":[[144.31929,-38.31794],[144.31617,-38.3345]]},{"r":"SURF COAST HIGHWAY","v":9283,"h":5,"c":[[144.31595,-38.33439],[144.31902,-38.31847]]}]}