{"t":[{"r":"KYNETON-TRENTHAM ROAD","v":1781,"h":6,"c":[[144.39967,-37.329],[144.38731,-37.33725],[144.38354,-37.34111],[144.38124,-37.34202]]},{"r":"TRENTHAM ROAD","v":1771,"h":7,"c":[[144.38124,-37.34202],[144.38354,-37.34111],[144.38731,-37.33725],[144.39967,-37.329]]}]}