{"t":[{"r":"KYNETON-TRENTHAM ROAD","v":1781,"h":6,"c":[[144.40556,-37.32632],[144.39967,-37.329],[144.38731,-37.33725]]},{"r":"TRENTHAM ROAD","v":1771,"h":7,"c":[[144.38731,-37.33725],[144.39967,-37.329],[144.40556,-37.32632]]}]}