{"t":[{"r":"BACCHUS MARSH-BALLIANG ROAD","v":624,"h":9,"c":[[144.41249,-37.69021],[144.40004,-37.71509],[144.39893,-37.71612]]},{"r":"BACCHUS MARSH-BALLIANG ROAD","v":641,"h":11,"c":[[144.41249,-37.69021],[144.40004,-37.71509],[144.39893,-37.71612]]}]}