{"t":[{"r":"BACCHUS MARSH-BALLIANG ROAD","v":624,"h":9,"c":[[144.41249,-37.69021],[144.40004,-37.71509]]},{"r":"MCCORMACKS ROAD","v":4955,"h":9,"c":[[144.41274,-37.68899],[144.40291,-37.69154],[144.39954,-37.69448],[144.39584,-37.6957]]},{"r":"MCCORMACKS ROAD","v":4755,"h":5,"c":[[144.41274,-37.68899],[144.40291,-37.69154],[144.39954,-37.69448],[144.39584,-37.6957]]},{"r":"BACCHUS MARSH-BALLIANG ROAD","v":641,"h":11,"c":[[144.41249,-37.69021],[144.40004,-37.71509]]}]}