{"t":[{"r":"WESTERN FREEWAY","v":12970,"h":16,"c":[[144.38177,-37.66434],[144.3846,-37.66448],[144.3902,-37.66397]]},{"r":"WESTERN FREEWAY","v":13760,"h":12,"c":[[144.3902,-37.66397],[144.39593,-37.66436],[144.40308,-37.66597],[144.4054,-37.66589]]},{"r":"WESTERN FREEWAY","v":12744,"h":19,"c":[[144.39288,-37.66429],[144.38209,-37.66469]]},{"r":"WESTERN FREEWAY","v":13365,"h":15,"c":[[144.40588,-37.66612],[144.40349,-37.66627],[144.39288,-37.66429]]}]}