{"t":[{"r":"GEELONG-BACCHUS MARSH ROAD","v":6304,"h":9,"c":[[144.40654,-37.80095],[144.40344,-37.80492],[144.39275,-37.83069]]},{"r":"GEELONG-BACCHUS MARSH ROAD","v":6414,"h":6,"c":[[144.39275,-37.83069],[144.40344,-37.80492],[144.40654,-37.80095]]}]}