{"t":[{"r":"GEELONG-BACCHUS MARSH ROAD","v":6304,"h":9,"c":[[144.38727,-37.84693],[144.38756,-37.85822],[144.37819,-37.88373]]},{"r":"GEELONG-BACCHUS MARSH ROAD","v":6414,"h":6,"c":[[144.37819,-37.88373],[144.38756,-37.85822],[144.38727,-37.84693]]}]}