{"t":[{"r":"SHELL PARADE","v":1800,"h":20,"c":[[144.39239,-38.0578],[144.38868,-38.07611],[144.38627,-38.0781],[144.3827,-38.08375]]},{"r":"MACGREGOR COURT","v":1767,"h":22,"c":[[144.3827,-38.08375],[144.38627,-38.0781],[144.38868,-38.07611],[144.3924,-38.0578]]}]}