{"t":[{"r":"PRINCES FREEWAY","v":35498,"h":10,"c":[[144.40139,-38.0485],[144.41057,-38.04091]]},{"r":"FOREST ROAD S","v":6134,"h":4,"c":[[144.3964,-38.02286],[144.39109,-38.05202]]},{"r":"GEELONG RING ROAD","v":33293,"h":9,"c":[[144.41127,-38.04087],[144.39943,-38.05048]]},{"r":"FOREST ROAD S","v":5836,"h":5,"c":[[144.39109,-38.05202],[144.3964,-38.02286]]}]}