{"t":[{"r":"SHELL PARADE","v":1800,"h":20,"c":[[144.38627,-38.0781],[144.3827,-38.08375],[144.37626,-38.08335]]},{"r":"MACGREGOR COURT","v":1767,"h":22,"c":[[144.37612,-38.08337],[144.3827,-38.08375],[144.38627,-38.0781]]}]}