{"b":[{"h":6,"g":[[144.360312,-37.219225],[144.360365,-37.219241],[144.360419,-37.219126],[144.360366,-37.219111],[144.360312,-37.219225]]}]}