{"b":[{"h":6,"g":[[144.362035,-37.31965],[144.362175,-37.319704],[144.362292,-37.319514],[144.362151,-37.319459],[144.362035,-37.31965]]}]}