{"b":[{"h":6,"g":[[144.376086,-37.239131],[144.376112,-37.239303],[144.37623,-37.239292],[144.376205,-37.23912],[144.376086,-37.239131]]}]}