{"b":[{"h":6,"g":[[144.360544,-37.496457],[144.360546,-37.49652],[144.360678,-37.496517],[144.360677,-37.496454],[144.360544,-37.496457]]}]}