{"b":[{"h":6,"g":[[144.361418,-37.627019],[144.361465,-37.627273],[144.36157,-37.62726],[144.361523,-37.627007],[144.361418,-37.627019]]},{"h":6,"g":[[144.361538,-37.62792],[144.361623,-37.627924],[144.361624,-37.627895],[144.361615,-37.627895],[144.361626,-37.627735],[144.361551,-37.627732],[144.361538,-37.62792]]},{"h":6,"g":[[144.361817,-37.627528],[144.361951,-37.62753],[144.361953,-37.627412],[144.361819,-37.62741],[144.361817,-37.627528]]},{"h":6,"g":[[144.361013,-37.627668],[144.361251,-37.62767],[144.361253,-37.62755],[144.361015,-37.627548],[144.361013,-37.627668]]}]}