{"b":[{"h":6,"g":[[144.373623,-37.739643],[144.373777,-37.73966],[144.373825,-37.739397],[144.373671,-37.739379],[144.373623,-37.739643]]}]}