{"b":[{"h":6,"g":[[144.376688,-37.688866],[144.376748,-37.688968],[144.376701,-37.688985],[144.376739,-37.689049],[144.376895,-37.68899],[144.376797,-37.688825],[144.376688,-37.688866]]},{"h":6,"g":[[144.376592,-37.688909],[144.376637,-37.688985],[144.37672,-37.688955],[144.376675,-37.688878],[144.376592,-37.688909]]},{"h":6,"g":[[144.368226,-37.684535],[144.36828,-37.684564],[144.368338,-37.684499],[144.368285,-37.684469],[144.368226,-37.684535]]},{"h":6,"g":[[144.367702,-37.68456],[144.36865,-37.684885],[144.368368,-37.686651],[144.376882,-37.689424],[144.37701,-37.689467],[144.377091,-37.68887],[144.374239,-37.687705],[144.368197,-37.683677],[144.367702,-37.68456]]}]}