{"b":[{"h":6,"g":[[144.372831,-37.667426],[144.373059,-37.66743],[144.373065,-37.667214],[144.372837,-37.66721],[144.372831,-37.667426]]},{"h":6,"g":[[144.373133,-37.666938],[144.373306,-37.666959],[144.373328,-37.666843],[144.373155,-37.666822],[144.373133,-37.666938]]},{"h":6,"g":[[144.364102,-37.672496],[144.364111,-37.672535],[144.364163,-37.672528],[144.364154,-37.672489],[144.364102,-37.672496]]}]}