{"b":[{"h":6,"g":[[144.377886,-37.710613],[144.377895,-37.710769],[144.377941,-37.710768],[144.377973,-37.710766],[144.378032,-37.710764],[144.378023,-37.710608],[144.377886,-37.710613]]},{"h":6,"g":[[144.37824,-37.710652],[144.378277,-37.710742],[144.378409,-37.710707],[144.378372,-37.710617],[144.37824,-37.710652]]},{"h":6,"g":[[144.377698,-37.71028],[144.377759,-37.71036],[144.377704,-37.710386],[144.377773,-37.710476],[144.377832,-37.710448],[144.377858,-37.710482],[144.377883,-37.71047],[144.377928,-37.710528],[144.378023,-37.710483],[144.377976,-37.710421],[144.378027,-37.710397],[144.37799,-37.710349],[144.377942,-37.710372],[144.377825,-37.71022],[144.377698,-37.71028]]}]}