{"b":[{"h":2.651,"g":[[144.381388,-37.882613],[144.381493,-37.882624],[144.381506,-37.882542],[144.381401,-37.882531],[144.381388,-37.882613]]},{"h":3.542,"g":[[144.365886,-37.88727],[144.366076,-37.887458],[144.366189,-37.887386],[144.366104,-37.887302],[144.366137,-37.887281],[144.366065,-37.88721],[144.366031,-37.887231],[144.365998,-37.887199],[144.365886,-37.88727]]},{"h":3.508,"g":[[144.380975,-37.882512],[144.381166,-37.882535],[144.381201,-37.882352],[144.38101,-37.882329],[144.380998,-37.882389],[144.381042,-37.882395],[144.381033,-37.882442],[144.380989,-37.882437],[144.380975,-37.882512]]}]}