{"b":[{"h":4.106,"g":[[144.371211,-37.893629],[144.371218,-37.893722],[144.371236,-37.893721],[144.371238,-37.893757],[144.371504,-37.893746],[144.371501,-37.893704],[144.371507,-37.893703],[144.371497,-37.893548],[144.371414,-37.893551],[144.371419,-37.89362],[144.371211,-37.893629]]},{"h":3.408,"g":[[144.371717,-37.893355],[144.371733,-37.893479],[144.371843,-37.89347],[144.371827,-37.893346],[144.371717,-37.893355]]},{"h":3.741,"g":[[144.368522,-37.893162],[144.368612,-37.893328],[144.368791,-37.893267],[144.368701,-37.893101],[144.368522,-37.893162]]},{"h":3.529,"g":[[144.372084,-37.893756],[144.372094,-37.893876],[144.372245,-37.893868],[144.372236,-37.893748],[144.372084,-37.893756]]}]}