{"b":[{"h":9.017,"g":[[144.369353,-37.947308],[144.369611,-37.947316],[144.369617,-37.947203],[144.369359,-37.947194],[144.369353,-37.947308]]}]}