{"b":[{"h":6,"g":[[144.360701,-38.311344],[144.360756,-38.311439],[144.360835,-38.31141],[144.36078,-38.311315],[144.360701,-38.311344]]},{"h":6,"g":[[144.360366,-38.311656],[144.360464,-38.31183],[144.360969,-38.311656],[144.360871,-38.311482],[144.360366,-38.311656]]},{"h":6,"g":[[144.360765,-38.311152],[144.360768,-38.31116],[144.360774,-38.311166],[144.360782,-38.311171],[144.360792,-38.311172],[144.360802,-38.311172],[144.360811,-38.311168],[144.360818,-38.311163],[144.360822,-38.311156],[144.360823,-38.311148],[144.36082,-38.31114],[144.360815,-38.311135],[144.360809,-38.311131],[144.360801,-38.311128],[144.360793,-38.311127],[144.360784,-38.311129],[144.360777,-38.311132],[144.36077,-38.311137],[144.360766,-38.311145],[144.360765,-38.311152]]}]}