{"b":[{"h":6,"g":[[144.72863,-37.393224],[144.728708,-37.393349],[144.728937,-37.393262],[144.728853,-37.393138],[144.72863,-37.393224]]},{"h":6,"g":[[144.728433,-37.392967],[144.72868,-37.392981],[144.728688,-37.392888],[144.728602,-37.392883],[144.728606,-37.392844],[144.728542,-37.39284],[144.728539,-37.392873],[144.728441,-37.392868],[144.728433,-37.392967]]},{"h":6,"g":[[144.728099,-37.392684],[144.728415,-37.392721],[144.728429,-37.392648],[144.728335,-37.392637],[144.728326,-37.392597],[144.72812,-37.392572],[144.728099,-37.392684]]},{"h":6,"g":[[144.729421,-37.392961],[144.729444,-37.393017],[144.729532,-37.392998],[144.729506,-37.392944],[144.729421,-37.392961]]}]}