{"b":[{"h":6,"g":[[144.718558,-37.333136],[144.718684,-37.333158],[144.718738,-37.332962],[144.718684,-37.332953],[144.718688,-37.332937],[144.718641,-37.332929],[144.718637,-37.332945],[144.718584,-37.332936],[144.718572,-37.332981],[144.7186,-37.332986],[144.718558,-37.333136]]},{"h":6,"g":[[144.718384,-37.333408],[144.718387,-37.333629],[144.718533,-37.333627],[144.71853,-37.333407],[144.718384,-37.333408]]}]}