{"b":[{"h":6,"g":[[144.723559,-37.256149],[144.723784,-37.256157],[144.723793,-37.256006],[144.723567,-37.255998],[144.723559,-37.256149]]},{"h":6,"g":[[144.717085,-37.255035],[144.71712,-37.255122],[144.717227,-37.255096],[144.717192,-37.255008],[144.717085,-37.255035]]}]}