{"b":[{"h":6,"g":[[144.721466,-37.507666],[144.72149,-37.507841],[144.721601,-37.507827],[144.72157,-37.507657],[144.721466,-37.507666]]},{"h":6,"g":[[144.721724,-37.507966],[144.721758,-37.508052],[144.721966,-37.508003],[144.721919,-37.507871],[144.721908,-37.50786],[144.721851,-37.507853],[144.721851,-37.507881],[144.721754,-37.507899],[144.721728,-37.507929],[144.721724,-37.507966]]},{"h":6,"g":[[144.721935,-37.507657],[144.721951,-37.507743],[144.722047,-37.507734],[144.722032,-37.507647],[144.721935,-37.507657]]}]}