{"b":[{"h":6,"g":[[144.720649,-37.510621],[144.720726,-37.510644],[144.720711,-37.510694],[144.720834,-37.510722],[144.72084,-37.510691],[144.721042,-37.510732],[144.72107,-37.510639],[144.7209,-37.510606],[144.720906,-37.510577],[144.720823,-37.510562],[144.720814,-37.510589],[144.72076,-37.510577],[144.720768,-37.510551],[144.720681,-37.510538],[144.720649,-37.510621]]},{"h":6,"g":[[144.721452,-37.510687],[144.72156,-37.510704],[144.7216,-37.51057],[144.721497,-37.510551],[144.721452,-37.510687]]},{"h":6,"g":[[144.721806,-37.513169],[144.721911,-37.513187],[144.721976,-37.513009],[144.721871,-37.512991],[144.721806,-37.513169]]}]}