{"b":[{"h":6,"g":[[144.722012,-38.33187],[144.722146,-38.331912],[144.722165,-38.331875],[144.722267,-38.331908],[144.72229,-38.331863],[144.722257,-38.331853],[144.722285,-38.331797],[144.722158,-38.331757],[144.722136,-38.331799],[144.722061,-38.331775],[144.722012,-38.33187]]},{"h":6,"g":[[144.712733,-38.325617],[144.712786,-38.325732],[144.713044,-38.325676],[144.712999,-38.325575],[144.712733,-38.325617]]},{"h":3.2,"g":[[144.727515,-38.337263],[144.72757,-38.337275],[144.727582,-38.337242],[144.727693,-38.337266],[144.727716,-38.337199],[144.727603,-38.337175],[144.727612,-38.337147],[144.727561,-38.337135],[144.727515,-38.337263]]}]}