{"t":[{"r":"HEALESVILLE-KINGLAKE ROAD","v":808,"h":9,"c":[[145.38976,-37.54],[145.39333,-37.54092],[145.39491,-37.54039],[145.39724,-37.53839],[145.40088,-37.53753],[145.40209,-37.53663],[145.40241,-37.53555],[145.40269,-37.52887],[145.40318,-37.52762],[145.40405,-37.52691]]},{"r":"HEALESVILLE-KINGLAKE ROAD","v":802,"h":9,"c":[[145.40405,-37.52691],[145.40318,-37.52762],[145.40271,-37.52881],[145.40241,-37.53555],[145.40209,-37.53663],[145.40088,-37.53753],[145.39694,-37.53854],[145.39491,-37.54039],[145.39333,-37.54092],[145.38976,-37.54]]},{"r":"MELBA HIGHWAY","v":2536,"h":15,"c":[[145.4151,-37.53824],[145.41446,-37.53614],[145.41466,-37.53332],[145.41438,-37.53176],[145.41492,-37.52975],[145.41595,-37.52813]]},{"r":"MELBA HIGHWAY","v":2481,"h":13,"c":[[145.41595,-37.52813],[145.41492,-37.52975],[145.41438,-37.53176],[145.41466,-37.53332],[145.41446,-37.53614],[145.4151,-37.53824]]}]}