{"t":[{"r":"MELBA HIGHWAY","v":2536,"h":15,"c":[[145.4129,-37.57982],[145.41309,-37.57873],[145.41272,-37.57648],[145.41462,-37.57223],[145.41514,-37.56823]]},{"r":"MELBA HIGHWAY","v":2481,"h":13,"c":[[145.41514,-37.56823],[145.41462,-37.57223],[145.41272,-37.57648],[145.41309,-37.57873],[145.4129,-37.57982]]}]}