{"t":[{"r":"HEALESVILLE-KINGLAKE ROAD","v":808,"h":9,"c":[[145.40318,-37.52762],[145.40405,-37.52691],[145.40562,-37.52651],[145.41724,-37.52623]]},{"r":"HEALESVILLE-KINGLAKE ROAD","v":802,"h":9,"c":[[145.41724,-37.52623],[145.40562,-37.52651],[145.40405,-37.52691],[145.40318,-37.52762]]}]}