{"t":[{"r":"MELBA HIGHWAY","v":2536,"h":15,"c":[[145.40568,-37.63188],[145.4093,-37.62539],[145.40969,-37.62371],[145.40988,-37.61635],[145.41352,-37.61215]]},{"r":"MELBA HIGHWAY","v":2481,"h":13,"c":[[145.41352,-37.61215],[145.40995,-37.61619],[145.40969,-37.62371],[145.4093,-37.62539],[145.40568,-37.63188]]}]}