{"t":[{"r":"MAROONDAH HIGHWAY","v":4702,"h":9,"c":[[145.40827,-37.70695],[145.41996,-37.69847]]},{"r":"MAROONDAH HIGHWAY","v":4767,"h":5,"c":[[145.41996,-37.69847],[145.40827,-37.70695]]}]}