{"t":[{"r":"KILLARA ROAD","v":821,"h":6,"c":[[145.37859,-37.7247],[145.42064,-37.72243]]},{"r":"KILLARA ROAD","v":714,"h":6,"c":[[145.37859,-37.7247],[145.42064,-37.72243]]}]}