{"t":[{"r":"MELBA HIGHWAY","v":2536,"h":15,"c":[[145.41691,-37.5954],[145.41471,-37.59301],[145.41336,-37.59092],[145.41074,-37.58312],[145.4111,-37.58205],[145.4129,-37.57982],[145.41309,-37.57873]]},{"r":"MELBA HIGHWAY","v":2481,"h":13,"c":[[145.41309,-37.57873],[145.4129,-37.57982],[145.4111,-37.58205],[145.41074,-37.58312],[145.41336,-37.59092],[145.41471,-37.59301],[145.41691,-37.5954]]}]}