{"t":[{"r":"MELBA HIGHWAY","v":2536,"h":15,"c":[[145.40988,-37.61635],[145.41352,-37.61215],[145.41761,-37.60435]]},{"r":"MELBA HIGHWAY","v":2481,"h":13,"c":[[145.41761,-37.60435],[145.41352,-37.61215],[145.40995,-37.61619]]}]}