{"t":[{"r":"MONBULK ROAD","v":3665,"h":12,"c":[[145.38984,-37.79647],[145.39396,-37.79843],[145.39707,-37.80074],[145.40098,-37.80577]]},{"r":"CLEGG ROAD","v":5521,"h":5,"c":[[145.39134,-37.78896],[145.39501,-37.78953],[145.39612,-37.78931],[145.40409,-37.78537]]},{"r":"MONBULK ROAD","v":3744,"h":12,"c":[[145.40098,-37.80577],[145.39707,-37.80074],[145.39396,-37.79843],[145.38984,-37.79647]]},{"r":"CLEGG ROAD","v":5773,"h":5,"c":[[145.40409,-37.78537],[145.39612,-37.78931],[145.39501,-37.78953],[145.39134,-37.78896]]}]}