{"t":[{"r":"WARBURTON HIGHWAY","v":7172,"h":6,"c":[[145.41434,-37.77002],[145.41424,-37.77202],[145.41523,-37.77371]]},{"r":"WARBURTON HIGHWAY","v":7229,"h":9,"c":[[145.41538,-37.77383],[145.41424,-37.77202],[145.41434,-37.77002]]},{"r":"CLEGG ROAD","v":5521,"h":5,"c":[[145.39612,-37.78931],[145.40409,-37.78537],[145.40693,-37.78331],[145.40911,-37.78262],[145.41212,-37.78292],[145.41408,-37.78233],[145.41853,-37.78234]]},{"r":"CLEGG ROAD","v":5773,"h":5,"c":[[145.41853,-37.78234],[145.41408,-37.78233],[145.41212,-37.78292],[145.40911,-37.78262],[145.40693,-37.78331],[145.40409,-37.78537],[145.39612,-37.78931]]}]}