{"t":[{"r":"MONBULK ROAD","v":3665,"h":12,"c":[[145.39707,-37.80074],[145.40098,-37.80577],[145.40452,-37.80691],[145.40621,-37.81081],[145.40605,-37.81233],[145.40691,-37.81456],[145.4062,-37.81645],[145.40667,-37.81769],[145.40811,-37.81885],[145.41175,-37.82038],[145.4138,-37.82233],[145.41681,-37.82361]]},{"r":"MONBULK ROAD","v":3744,"h":12,"c":[[145.41681,-37.82361],[145.4138,-37.82233],[145.41175,-37.82038],[145.40811,-37.81885],[145.40667,-37.81769],[145.4062,-37.81645],[145.40691,-37.81456],[145.40605,-37.81233],[145.40625,-37.811],[145.40452,-37.80691],[145.40098,-37.80577],[145.39707,-37.80074]]}]}