{"t":[{"r":"MONBULK ROAD","v":3665,"h":12,"c":[[145.4138,-37.82233],[145.41681,-37.82361]]},{"r":"MONBULK ROAD","v":3744,"h":12,"c":[[145.41681,-37.82361],[145.4138,-37.82233]]}]}