{"t":[{"r":"MANESTAR ROAD","v":792,"h":6,"c":[[145.3925,-37.97958],[145.3952,-37.9805],[145.39604,-37.98053],[145.39742,-37.97996],[145.39862,-37.98024]]},{"r":"ALBER ROAD","v":792,"h":6,"c":[[145.39862,-37.98024],[145.39838,-37.98148],[145.39988,-37.98317],[145.40031,-37.98455],[145.39983,-37.98635],[145.39998,-37.98688],[145.40091,-37.98706],[145.40225,-37.98638],[145.40399,-37.98686],[145.40564,-37.98881],[145.40744,-37.98882],[145.4096,-37.99103],[145.41328,-37.9911]]},{"r":"MANESTAR ROAD","v":836,"h":6,"c":[[145.3925,-37.97958],[145.3952,-37.9805],[145.39604,-37.98053],[145.39742,-37.97996],[145.39862,-37.98024]]},{"r":"ALBER ROAD","v":836,"h":6,"c":[[145.39862,-37.98024],[145.39838,-37.98148],[145.39988,-37.98317],[145.40031,-37.98455],[145.39983,-37.98635],[145.39998,-37.98688],[145.40091,-37.98706],[145.40225,-37.98638],[145.40399,-37.98686],[145.40564,-37.98881],[145.40744,-37.98882],[145.4096,-37.99103],[145.41328,-37.9911]]}]}