{"t":[{"r":"PRINCES HIGHWAY","v":14903,"h":9,"c":[[145.38437,-38.05532],[145.40999,-38.06014]]},{"r":"PRINCES HIGHWAY","v":11160,"h":9,"c":[[145.40996,-38.06027],[145.38432,-38.05548]]},{"r":"PRINCES HIGHWAY","v":10680,"h":7,"c":[[145.40999,-38.06014],[145.41754,-38.06166]]},{"r":"PRINCES HIGHWAY","v":8886,"h":7,"c":[[145.41631,-38.06153],[145.40996,-38.06027]]}]}