{"t":[{"r":"PRINCES FREEWAY","v":30949,"h":11,"c":[[145.38797,-38.07129],[145.39689,-38.07356],[145.42743,-38.07799]]},{"r":"PRINCES FREEWAY","v":31901,"h":11,"c":[[145.4274,-38.07817],[145.39687,-38.07375],[145.38777,-38.07143]]}]}