{"t":[{"r":"WELLINGTON ROAD","v":4918,"h":7,"c":[[145.39046,-37.9376],[145.39383,-37.93962],[145.39678,-37.94027],[145.39926,-37.94012],[145.40222,-37.93895],[145.40649,-37.93516],[145.41037,-37.93356],[145.4122,-37.93347],[145.41611,-37.93416]]},{"r":"AURA VALE ROAD","v":3717,"h":6,"c":[[145.401,-37.92633],[145.40071,-37.92758],[145.39979,-37.92832],[145.39819,-37.92871],[145.39634,-37.92826],[145.39376,-37.92863],[145.39115,-37.92989]]},{"r":"WELLINGTON ROAD","v":5076,"h":8,"c":[[145.41611,-37.93416],[145.4122,-37.93347],[145.41037,-37.93356],[145.40649,-37.93516],[145.40222,-37.93895],[145.39926,-37.94012],[145.39678,-37.94027],[145.39383,-37.93962],[145.39046,-37.9376]]},{"r":"AURA VALE ROAD","v":3717,"h":6,"c":[[145.401,-37.92633],[145.40071,-37.92758],[145.39979,-37.92832],[145.39819,-37.92871],[145.39634,-37.92826],[145.39376,-37.92863],[145.39115,-37.92989]]}]}