{"t":[{"r":"BEACONSFIELD-EMERALD ROAD","v":3867,"h":8,"c":[[145.39335,-38.01165],[145.39012,-38.01463]]},{"r":"BEACONSFIELD-EMERALD ROAD","v":3962,"h":8,"c":[[145.39012,-38.01463],[145.39335,-38.01165]]}]}