{"t":[{"r":"SOUTH GIPPSLAND HIGHWAY","v":7111,"h":15,"c":[[145.41458,-38.21373],[145.4214,-38.21349]]},{"r":"SOUTH GIPPSLAND HIGHWAY","v":7812,"h":15,"c":[[145.38581,-38.21512],[145.39345,-38.21732],[145.39611,-38.21769],[145.39937,-38.21741],[145.41153,-38.21425],[145.41458,-38.21373]]},{"r":"SOUTH GIPPSLAND HIGHWAY","v":7386,"h":10,"c":[[145.42122,-38.21399],[145.4146,-38.21406]]},{"r":"SOUTH GIPPSLAND HIGHWAY","v":7812,"h":15,"c":[[145.4146,-38.21406],[145.40977,-38.21497],[145.39951,-38.21764],[145.39536,-38.21804],[145.39336,-38.2177],[145.38292,-38.21433]]}]}