{"t":[{"r":"PHILLIP ISLAND ROAD","v":5438,"h":8,"c":[[145.39304,-38.52082],[145.41939,-38.52433]]},{"r":"PHILLIP ISLAND ROAD","v":5500,"h":8,"c":[[145.41939,-38.52433],[145.39304,-38.52082]]}]}