{"t":[{"r":"MAIN ROAD","v":2527,"h":7,"c":[[144.65251,-37.46812],[144.63888,-37.4757]]},{"r":"MAIN ROAD","v":2527,"h":7,"c":[[144.63723,-37.47616],[144.60385,-37.47185]]},{"r":"STATION ROAD","v":2584,"h":8,"c":[[144.60385,-37.47185],[144.63749,-37.47615]]},{"r":"STATION ROAD","v":2584,"h":8,"c":[[144.63888,-37.4757],[144.65251,-37.46812]]}]}