{"t":[{"r":"CALDER FREEWAY","v":15608,"h":12,"c":[[144.62013,-37.51613],[144.62533,-37.52065],[144.62956,-37.52693],[144.63998,-37.53661]]},{"r":"CALDER FREEWAY","v":15606,"h":9,"c":[[144.6396,-37.53682],[144.62888,-37.52694],[144.62481,-37.52075],[144.61822,-37.51441]]}]}