{"t":[{"r":"HOLDEN ROAD","v":135,"h":6,"c":[[144.64527,-37.62933],[144.6559,-37.63945]]},{"r":"HOLDEN ROAD","v":250,"h":6,"c":[[144.64527,-37.62933],[144.6559,-37.63945]]}]}