{"t":[{"r":"DIGGERS REST-COIMADAI ROAD","v":1709,"h":16,"c":[[144.61328,-37.61368],[144.64204,-37.62777]]},{"r":"DIGGERS REST-COIMADAI ROAD","v":1603,"h":14,"c":[[144.64204,-37.62777],[144.61328,-37.61368]]}]}