{"t":[{"r":"MELTON HIGHWAY","v":9698,"h":12,"c":[[144.61145,-37.68263],[144.62448,-37.68227],[144.63451,-37.68309],[144.63593,-37.68252],[144.63834,-37.68054],[144.6403,-37.68001],[144.66124,-37.68313]]},{"r":"MELTON HIGHWAY","v":9662,"h":11,"c":[[144.66124,-37.68313],[144.6403,-37.68001],[144.63834,-37.68054],[144.63593,-37.68252],[144.63451,-37.68309],[144.62448,-37.68227],[144.61145,-37.68263]]}]}