{"t":[{"r":"LEAKES ROAD","v":11701,"h":0,"c":[[144.61783,-37.82592],[144.66368,-37.83094]]},{"r":"LEAKES ROAD","v":11174,"h":0,"c":[[144.61783,-37.82592],[144.66368,-37.83094]]}]}