{"t":[{"r":"FAULKNERS ROAD","v":43,"h":0,"c":[[144.62301,-37.79681],[144.62755,-37.76784]]},{"r":"DOWNING STREET","v":31,"h":0,"c":[[144.64918,-37.74481],[144.64102,-37.79886]]},{"r":"FAULKNERS ROAD","v":37,"h":0,"c":[[144.62301,-37.79681],[144.62755,-37.76784]]},{"r":"DOWNING STREET","v":36,"h":0,"c":[[144.64918,-37.74481],[144.64102,-37.79886]]}]}