{"t":[{"r":"QUEENSCLIFF ROAD","v":1276,"h":8,"c":[[144.64358,-38.18194],[144.63172,-38.24303]]},{"r":"QUEENSCLIFF ROAD","v":1320,"h":5,"c":[[144.63172,-38.24303],[144.64358,-38.18194]]}]}