{"t":[{"r":"QUEENSCLIFF ROAD","v":1276,"h":8,"c":[[144.64358,-38.18194],[144.63172,-38.24303],[144.62965,-38.24527],[144.62416,-38.24772],[144.61658,-38.25197]]},{"r":"QUEENSCLIFF ROAD","v":1320,"h":5,"c":[[144.61658,-38.25197],[144.62416,-38.24772],[144.62965,-38.24527],[144.63172,-38.24303],[144.64358,-38.18194]]}]}