{"t":[{"r":"NEWCOMBE STREET","v":3545,"h":4,"c":[[144.64012,-38.11773],[144.64807,-38.11459]]},{"r":"PORTARLINGTON ROAD","v":3607,"h":4,"c":[[144.64807,-38.11459],[144.64029,-38.11764]]}]}