{"t":[{"r":"QUEENSCLIFF ROAD","v":836,"h":10,"c":[[144.65465,-38.12506],[144.64358,-38.18194]]},{"r":"QUEENSCLIFF ROAD","v":846,"h":9,"c":[[144.64358,-38.18194],[144.65465,-38.12506]]}]}