{"t":[{"r":"QUEENSCLIFF ROAD","v":836,"h":10,"c":[[144.65465,-38.12506],[144.64358,-38.18194]]},{"r":"GEELONG ROAD","v":4947,"h":3,"c":[[144.60001,-38.14327],[144.62657,-38.12759]]},{"r":"QUEENSCLIFF ROAD","v":846,"h":9,"c":[[144.64358,-38.18194],[144.65465,-38.12506]]},{"r":"PORTARLINGTON ROAD","v":4528,"h":7,"c":[[144.62657,-38.12759],[144.60001,-38.14327]]}]}