{"b":[{"h":6,"g":[[144.536396,-37.614434],[144.536483,-37.614521],[144.53669,-37.614409],[144.536611,-37.614327],[144.536568,-37.614312],[144.536471,-37.614368],[144.536491,-37.614398],[144.536396,-37.614434]]}]}