{"b":[{"h":6,"g":[[144.537094,-37.72543],[144.537243,-37.725446],[144.537274,-37.725257],[144.537132,-37.725243],[144.537094,-37.72543]]},{"h":6,"g":[[144.53834,-37.726331],[144.53866,-37.726381],[144.538691,-37.726265],[144.538367,-37.726216],[144.53834,-37.726331]]},{"h":6,"g":[[144.540139,-37.726876],[144.540186,-37.726893],[144.540166,-37.726961],[144.540259,-37.726983],[144.540283,-37.726912],[144.54047,-37.726955],[144.540496,-37.726879],[144.540169,-37.72681],[144.540139,-37.726876]]}]}