{"b":[{"h":6,"g":[[144.538976,-37.944409],[144.539069,-37.944416],[144.539087,-37.944264],[144.538994,-37.944257],[144.538976,-37.944409]]},{"h":6,"g":[[144.539556,-37.944756],[144.539654,-37.94477],[144.539707,-37.944536],[144.53961,-37.944522],[144.539556,-37.944756]]}]}