{"b":[{"h":6,"g":[[144.539868,-37.942258],[144.540072,-37.942293],[144.540101,-37.942191],[144.539897,-37.942155],[144.539868,-37.942258]]}]}