{"b":[{"h":9.014,"g":[[144.550477,-37.995849],[144.550558,-37.995934],[144.550638,-37.995887],[144.550557,-37.995801],[144.550477,-37.995849]]}]}