{"b":[{"h":8.193,"g":[[144.547609,-38.024381],[144.547718,-38.024393],[144.547717,-38.024397],[144.547852,-38.024412],[144.547875,-38.024283],[144.547927,-38.024289],[144.547936,-38.02424],[144.547884,-38.024234],[144.5479,-38.024145],[144.547766,-38.02413],[144.547739,-38.024283],[144.547629,-38.02427],[144.547609,-38.024381]]}]}