{"b":[{"h":6,"g":[[145.125347,-37.557656],[145.125348,-37.557779],[145.125378,-37.557778],[145.125379,-37.557896],[145.125443,-37.557895],[145.125442,-37.557767],[145.125407,-37.557768],[145.125406,-37.557656],[145.125347,-37.557656]]}]}