{"b":[{"h":6,"g":[[145.107346,-37.640672],[145.107576,-37.640827],[145.107632,-37.640767],[145.107406,-37.640614],[145.107346,-37.640672]]},{"h":6,"g":[[145.107693,-37.641],[145.107802,-37.641133],[145.107863,-37.641104],[145.107754,-37.640964],[145.107693,-37.641]]},{"h":6,"g":[[145.107655,-37.641095],[145.107716,-37.641169],[145.107762,-37.641139],[145.107707,-37.641068],[145.107655,-37.641095]]}]}