{"b":[{"h":6,"g":[[145.128282,-38.390352],[145.128393,-38.390605],[145.128507,-38.390575],[145.128396,-38.390321],[145.128282,-38.390352]]},{"h":6,"g":[[145.12767,-38.39049],[145.127704,-38.390581],[145.127942,-38.390527],[145.127908,-38.390435],[145.12767,-38.39049]]},{"h":6,"g":[[145.128006,-38.390419],[145.128044,-38.390512],[145.128287,-38.390451],[145.128249,-38.390358],[145.128006,-38.390419]]},{"h":6,"g":[[145.117142,-38.378274],[145.117207,-38.378325],[145.117257,-38.378286],[145.117377,-38.378381],[145.117571,-38.378233],[145.117381,-38.37809],[145.117142,-38.378274]]}]}