{"b":[{"h":6,"g":[[145.117764,-38.517478],[145.117773,-38.517515],[145.1178,-38.517563],[145.117841,-38.517606],[145.117872,-38.517632],[145.117921,-38.517666],[145.118061,-38.517603],[145.118131,-38.517688],[145.118118,-38.517708],[145.118252,-38.517785],[145.118311,-38.517719],[145.118595,-38.517863],[145.118648,-38.517805],[145.118318,-38.517608],[145.118283,-38.517584],[145.118339,-38.517515],[145.118231,-38.517324],[145.118207,-38.517279],[145.118189,-38.517271],[145.118151,-38.517212],[145.118049,-38.517213],[145.117996,-38.517199],[145.117943,-38.51721],[145.117889,-38.517221],[145.117836,-38.517232],[145.117804,-38.517248],[145.117802,-38.517315],[145.117867,-38.517402],[145.117783,-38.517437],[145.117764,-38.517478]]}]}