{"t":[{"r":"RIDDELL ROAD","v":3627,"h":7,"c":[[144.70771,-37.55837],[144.71441,-37.56188],[144.72171,-37.57001]]},{"r":"RIDDELL ROAD","v":3357,"h":11,"c":[[144.72171,-37.57001],[144.71441,-37.56188],[144.70771,-37.55837]]}]}