{"t":[{"r":"KILMORE ROAD","v":2020,"h":7,"c":[[144.69678,-37.44688],[144.71681,-37.43097],[144.71762,-37.43006],[144.71861,-37.42759],[144.71946,-37.42685],[144.72132,-37.42629],[144.73184,-37.42498],[144.73888,-37.42093]]},{"r":"KILMORE ROAD","v":1858,"h":9,"c":[[144.73888,-37.42093],[144.73184,-37.42498],[144.72132,-37.42629],[144.71946,-37.42685],[144.71861,-37.42759],[144.71762,-37.43006],[144.71681,-37.43097],[144.69678,-37.44688]]}]}