{"t":[{"r":"KILMORE ROAD","v":2020,"h":7,"c":[[144.73184,-37.42498],[144.73888,-37.42093]]},{"r":"KILMORE ROAD","v":1858,"h":9,"c":[[144.73888,-37.42093],[144.73184,-37.42498]]}]}