{"t":[{"r":"MELTON HIGHWAY","v":16094,"h":7,"c":[[144.69717,-37.68716],[144.71547,-37.68932],[144.73411,-37.69062]]},{"r":"MELTON HIGHWAY","v":14942,"h":4,"c":[[144.7442,-37.69207],[144.73039,-37.6904],[144.71547,-37.68932],[144.69717,-37.68716]]}]}