{"t":[{"r":"CALDER FREEWAY","v":17770,"h":8,"c":[[144.74189,-37.65933],[144.73182,-37.63881]]}]}