{"t":[{"r":"HORNE STREET","v":11097,"h":6,"c":[[144.71522,-37.58844],[144.71199,-37.60764],[144.71142,-37.60993]]},{"r":"CALDER FREEWAY","v":17681,"h":8,"c":[[144.70886,-37.61321],[144.71201,-37.61675]]},{"r":"CALDER FREEWAY","v":16334,"h":8,"c":[[144.71331,-37.61874],[144.70869,-37.6134]]},{"r":"HORNE STREET","v":11135,"h":8,"c":[[144.71165,-37.60842],[144.71495,-37.58842]]}]}