{"t":[{"r":"SNEYDES ROAD","v":8903,"h":6,"c":[[144.70882,-37.90057],[144.71406,-37.89654],[144.71617,-37.89605],[144.75356,-37.90023]]},{"r":"SNEYDES ROAD","v":8512,"h":6,"c":[[144.70882,-37.90057],[144.71406,-37.89654],[144.71617,-37.89605],[144.75356,-37.90023]]}]}