{"t":[{"r":"DOHERTYS ROAD","v":7086,"h":6,"c":[[144.70559,-37.82133],[144.74886,-37.82494]]},{"r":"DOHERTYS ROAD","v":7326,"h":6,"c":[[144.70559,-37.82133],[144.74886,-37.82494]]}]}