{"t":[{"r":"DOHERTYS ROAD","v":7086,"h":6,"c":[[144.70559,-37.82133],[144.74886,-37.82494]]},{"r":"LEAKES ROAD","v":11701,"h":0,"c":[[144.70042,-37.83559],[144.74708,-37.83944]]},{"r":"LEAKES ROAD","v":11174,"h":0,"c":[[144.70042,-37.83559],[144.74708,-37.83944]]},{"r":"DOHERTYS ROAD","v":7326,"h":6,"c":[[144.70559,-37.82133],[144.74886,-37.82494]]}]}