{"t":[{"r":"WESTERN FREEWAY","v":28277,"h":10,"c":[[144.72672,-37.75155],[144.73143,-37.75335],[144.73461,-37.75548]]},{"r":"WESTERN FREEWAY","v":30132,"h":10,"c":[[144.73429,-37.7555],[144.731,-37.75339],[144.72562,-37.75159]]},{"r":"WESTERN FREEWAY","v":8433,"h":9,"c":[[144.73475,-37.75592],[144.73318,-37.75555],[144.72953,-37.75302]]},{"r":"WESTERN IN-WESTERN RAMP OF","v":8433,"h":8,"c":[[144.72672,-37.75155],[144.73969,-37.75594]]}]}