{"t":[{"r":"HOOD ROAD","v":1216,"h":8,"c":[[144.71822,-38.14657],[144.71574,-38.15208],[144.71568,-38.16121],[144.71619,-38.16508]]},{"r":"THE ESPLANADE","v":1216,"h":8,"c":[[144.71619,-38.16508],[144.7178,-38.16851],[144.71841,-38.17084]]},{"r":"THE ESPLANADE","v":1248,"h":8,"c":[[144.71619,-38.16508],[144.71568,-38.16121],[144.71574,-38.15208],[144.71822,-38.14657]]},{"r":"THE ESPLANADE","v":1248,"h":8,"c":[[144.71841,-38.17084],[144.7178,-38.16851],[144.71619,-38.16508]]}]}