{"t":[{"r":"HOOD ROAD","v":1216,"h":8,"c":[[144.70987,-38.13612],[144.71294,-38.14216],[144.71822,-38.14657],[144.71574,-38.15208]]},{"r":"THE ESPLANADE","v":1248,"h":8,"c":[[144.71574,-38.15208],[144.71822,-38.14657],[144.71294,-38.14216],[144.70987,-38.13612]]}]}