{"t":[{"r":"THE ESPLANADE","v":1216,"h":8,"c":[[144.7178,-38.16851],[144.71841,-38.17084]]},{"r":"MURRADOC ROAD","v":1553,"h":6,"c":[[144.7004,-38.17804],[144.71841,-38.17084]]},{"r":"THE ESPLANADE","v":1248,"h":8,"c":[[144.71841,-38.17084],[144.7178,-38.16851]]},{"r":"MURRADOC ROAD","v":1411,"h":8,"c":[[144.71841,-38.17084],[144.7004,-38.17804]]}]}