{"t":[{"r":"OCEAN BEACH ROAD","v":3717,"h":6,"c":[[144.72793,-38.34532],[144.72824,-38.34575],[144.72856,-38.34568],[144.72899,-38.34507],[144.73174,-38.34417],[144.73641,-38.34004]]},{"r":"OCEAN BEACH ROAD","v":3717,"h":6,"c":[[144.72793,-38.34532],[144.72824,-38.34575],[144.72856,-38.34568],[144.72899,-38.34507],[144.73174,-38.34417],[144.73641,-38.34004]]}]}