{"n":{"rail":[[[144.95716,-37.69239],[144.95681,-37.69151]],[[144.95681,-37.69151],[144.95502,-37.68344]],[[144.95865,-37.69887],[144.96337,-37.73869]],[[144.95865,-37.69887],[144.95816,-37.69512],[144.95716,-37.69239]],[[144.96259,-37.73211],[144.95865,-37.69887]]],"freeway":[[[144.97641,-37.69041],[144.97282,-37.69079]],[[144.94707,-37.69231],[144.9548,-37.69183]],[[144.95862,-37.69194],[144.95874,-37.69181]],[[144.9585,-37.69125],[144.9587,-37.69152]],[[144.9602,-37.69216],[144.95889,-37.69228]],[[144.95844,-37.69249],[144.95822,-37.69227]],[[144.95704,-37.69175],[144.95807,-37.69164]],[[144.95803,-37.68991],[144.95766,-37.68959]],[[144.95749,-37.68943],[144.95794,-37.68924]],[[144.95851,-37.68788],[144.95807,-37.68801]],[[144.95824,-37.68907],[144.95857,-37.68954]],[[144.95873,-37.68972],[144.95836,-37.68991]],[[144.97282,-37.69079],[144.97196,-37.69088]],[[144.97227,-37.69067],[144.97316,-37.69058]],[[144.97316,-37.69058],[144.97665,-37.69024]],[[144.95664,-37.69207],[144.95024,-37.69225]],[[144.95872,-37.69252],[144.95896,-37.69394]],[[144.9602,-37.69216],[144.95886,-37.69211]],[[144.95838,-37.6921],[144.95835,-37.69195]],[[144.95857,-37.69166],[144.95846,-37.69181]],[[144.95666,-37.67864],[144.95781,-37.68616]],[[144.96037,-37.70452],[144.95981,-37.70105]],[[144.95018,-37.69216],[144.95664,-37.69195]],[[144.95903,-37.69434],[144.95875,-37.69446]],[[144.95879,-37.69208],[144.95862,-37.69194]],[[144.959,-37.69169],[144.96458,-37.69144]],[[144.9671,-37.6914],[144.9608,-37.69211]],[[144.95812,-37.69057],[144.95803,-37.68991]],[[144.9591,-37.69473],[144.96012,-37.70107]],[[144.95868,-37.69401],[144.95847,-37.69265]],[[144.95726,-37.68402],[144.9564,-37.67865]],[[144.95981,-37.70105],[144.95892,-37.69551]],[[144.95824,-37.68907],[144.95831,-37.68951]],[[144.96012,-37.70107],[144.96061,-37.70404]],[[144.95794,-37.68924],[144.95786,-37.68835]],[[144.95836,-37.68991],[144.95842,-37.6904]],[[144.95797,-37.68947],[144.95794,-37.68924]],[[144.95831,-37.68951],[144.95833,-37.68968]],[[144.95799,-37.68963],[144.95797,-37.68947]],[[144.95825,-37.6921],[144.95805,-37.6922]],[[144.95855,-37.6921],[144.95866,-37.69216]],[[144.95846,-37.69181],[144.95827,-37.69165]],[[144.95877,-37.6916],[144.959,-37.69169]],[[144.95807,-37.69164],[144.95824,-37.69151]],[[144.95932,-37.69199],[144.95664,-37.69207]],[[144.96404,-37.69177],[144.95932,-37.69199]],[[144.95664,-37.69195],[144.96118,-37.69182]],[[144.96118,-37.69182],[144.96721,-37.69124]],[[144.97196,-37.69088],[144.9671,-37.6914]],[[144.96721,-37.69124],[144.97227,-37.69067]],[[144.95805,-37.68788],[144.95807,-37.68801]],[[144.95791,-37.68687],[144.95804,-37.68782]],[[144.95778,-37.68785],[144.95765,-37.68693]],[[144.95838,-37.69216],[144.95844,-37.6921]],[[144.95849,-37.69205],[144.95855,-37.6921]],[[144.95846,-37.69181],[144.95845,-37.69182]],[[144.95835,-37.69195],[144.95831,-37.69182]],[[144.95817,-37.69182],[144.95835,-37.69195]],[[144.95831,-37.69182],[144.95824,-37.69151]],[[144.95704,-37.69175],[144.9581,-37.6918]],[[144.95865,-37.69209],[144.95868,-37.69223]],[[144.95868,-37.69223],[144.9587,-37.69241]],[[144.95847,-37.69265],[144.95839,-37.69224]],[[144.9585,-37.69125],[144.95854,-37.69154]],[[144.95835,-37.69195],[144.95849,-37.69205]],[[144.95803,-37.68991],[144.95799,-37.68963]],[[144.95807,-37.68801],[144.95824,-37.68907]],[[144.95849,-37.69205],[144.95862,-37.69194]],[[144.95835,-37.69195],[144.95825,-37.6921]],[[144.95862,-37.69194],[144.95865,-37.69209]],[[144.95859,-37.69181],[144.95862,-37.69194]],[[144.95862,-37.69194],[144.95846,-37.69182]],[[144.95833,-37.68968],[144.95836,-37.68991]],[[144.95824,-37.69151],[144.95812,-37.69057]],[[144.95874,-37.69181],[144.959,-37.69169]],[[144.95842,-37.6904],[144.95843,-37.69066]],[[144.95843,-37.69066],[144.9585,-37.69125]],[[144.9548,-37.69183],[144.95704,-37.69175]],[[144.95879,-37.69473],[144.95868,-37.69401]],[[144.9587,-37.69241],[144.95872,-37.69252]],[[144.95786,-37.68835],[144.95778,-37.68785]],[[144.95886,-37.69211],[144.95879,-37.69208]],[[144.95889,-37.69228],[144.9587,-37.69241]],[[144.95839,-37.69224],[144.95838,-37.6921]],[[144.95822,-37.69227],[144.95805,-37.6922]],[[144.95804,-37.68782],[144.95805,-37.68788]],[[144.95815,-37.69182],[144.95817,-37.69182]],[[144.9581,-37.6918],[144.95815,-37.69182]],[[144.95781,-37.68616],[144.95791,-37.68687]],[[144.95765,-37.68693],[144.95764,-37.68685]],[[144.95844,-37.6921],[144.95849,-37.69205]],[[144.95764,-37.68685],[144.95756,-37.68621]],[[144.95857,-37.69166],[144.95859,-37.69181]],[[144.9587,-37.69152],[144.95877,-37.6916]],[[144.95756,-37.68621],[144.95726,-37.68402]],[[144.95846,-37.69182],[144.95846,-37.69181]],[[144.95845,-37.69182],[144.95835,-37.69195]],[[144.95854,-37.69154],[144.95857,-37.69166]],[[144.95805,-37.6922],[144.95643,-37.69222]],[[144.95643,-37.69222],[144.95357,-37.69228]],[[144.9671,-37.6914],[144.96404,-37.69177]],[[144.96059,-37.69213],[144.96036,-37.69214]],[[144.96036,-37.69214],[144.9602,-37.69216]],[[144.96498,-37.69138],[144.96721,-37.69124]],[[144.96458,-37.69144],[144.96498,-37.69138]],[[144.95892,-37.69551],[144.95879,-37.69473]],[[144.95903,-37.69434],[144.9591,-37.69473]],[[144.95896,-37.69394],[144.95903,-37.69434]],[[144.9608,-37.69211],[144.96059,-37.69213]]]}}