{"n":{"rail":[[[144.95865,-37.69887],[144.96337,-37.73869]],[[144.96326,-37.73817],[144.96259,-37.73211]],[[144.96193,-37.75317],[144.96349,-37.74071]],[[144.96349,-37.74071],[144.96332,-37.73869]],[[144.96332,-37.73869],[144.96326,-37.73817]],[[144.96337,-37.73869],[144.96357,-37.74071]],[[144.96337,-37.73869],[144.96326,-37.73817]],[[144.96357,-37.74071],[144.96201,-37.75318]],[[144.962,-37.75322],[144.96177,-37.75492]],[[144.96169,-37.75493],[144.96192,-37.75321]],[[144.96201,-37.75318],[144.962,-37.75322]],[[144.96192,-37.75321],[144.96193,-37.75317]]],"tram":[[[144.9764,-37.7526],[144.97494,-37.75653]],[[144.96672,-37.74074],[144.96671,-37.74058]],[[144.96414,-37.75528],[144.96711,-37.73824],[144.9638,-37.73041]],[[144.96384,-37.73041],[144.96715,-37.7383],[144.96418,-37.75528]],[[144.9749,-37.75652],[144.97636,-37.75259]]],"freeway":[[[144.9771,-37.74252],[144.97177,-37.74193]],[[144.96702,-37.73853],[144.96701,-37.73802]],[[144.9669,-37.73762],[144.96656,-37.73682]],[[144.967,-37.73951],[144.96689,-37.74017]],[[144.96673,-37.74015],[144.96677,-37.73993]],[[144.96714,-37.74139],[144.96666,-37.74134]],[[144.96871,-37.74147],[144.97164,-37.74179]],[[144.96686,-37.74037],[144.96668,-37.74128]],[[144.96648,-37.74199],[144.96598,-37.74482]],[[144.96695,-37.73774],[144.967,-37.73951]],[[144.95664,-37.74033],[144.95007,-37.73967]],[[144.95675,-37.74034],[144.95664,-37.74033]],[[144.95712,-37.74038],[144.95675,-37.74034]],[[144.96478,-37.75176],[144.96474,-37.75199]],[[144.96474,-37.75199],[144.9647,-37.75222]],[[144.96802,-37.7414],[144.96801,-37.7415]],[[144.96533,-37.74859],[144.96519,-37.7494]],[[144.96545,-37.74789],[144.96533,-37.74859]],[[144.97162,-37.74192],[144.97015,-37.74175]],[[144.97178,-37.74181],[144.97618,-37.74231]],[[144.96411,-37.74105],[144.96588,-37.74126]],[[144.96317,-37.74099],[144.96411,-37.74105]],[[144.97177,-37.74193],[144.97167,-37.74193]],[[144.97164,-37.74179],[144.97178,-37.74181]],[[144.96662,-37.74133],[144.96655,-37.74133]],[[144.96879,-37.7416],[144.96714,-37.74139]],[[144.97015,-37.74175],[144.96879,-37.7416]],[[144.96689,-37.74017],[144.96686,-37.74037]],[[144.96656,-37.73682],[144.96572,-37.73486]],[[144.96468,-37.75234],[144.96445,-37.75363]],[[144.96519,-37.7494],[144.96478,-37.75176]],[[144.9659,-37.74531],[144.96545,-37.74789]],[[144.96177,-37.74084],[144.95712,-37.74038]],[[144.96655,-37.74133],[144.96655,-37.74129]],[[144.96629,-37.7413],[144.96588,-37.74126]],[[144.96656,-37.74155],[144.96655,-37.74133]],[[144.96629,-37.7413],[144.96655,-37.74129]],[[144.96666,-37.74134],[144.96656,-37.74155]],[[144.96656,-37.74155],[144.96648,-37.74199]],[[144.96588,-37.74126],[144.96317,-37.74099]],[[144.96655,-37.74129],[144.9666,-37.74088]],[[144.96668,-37.74128],[144.96666,-37.74134]],[[144.96655,-37.74133],[144.96629,-37.7413]],[[144.96666,-37.74134],[144.96662,-37.74133]],[[144.96737,-37.74133],[144.96871,-37.74147]],[[144.96655,-37.74129],[144.96668,-37.74128]],[[144.96177,-37.74084],[144.96254,-37.74092]],[[144.96254,-37.74092],[144.96317,-37.74099]],[[144.97167,-37.74193],[144.97162,-37.74192]],[[144.96671,-37.74025],[144.96672,-37.74021]],[[144.96668,-37.74128],[144.96737,-37.74133]],[[144.9666,-37.74088],[144.96662,-37.74074]],[[144.96685,-37.73949],[144.96702,-37.73853]],[[144.96677,-37.73993],[144.96685,-37.73949]],[[144.96598,-37.74482],[144.96596,-37.74499]],[[144.96596,-37.74499],[144.9659,-37.74531]],[[144.96469,-37.75227],[144.96468,-37.75234]],[[144.9647,-37.75222],[144.96469,-37.75227]],[[144.96701,-37.73802],[144.96695,-37.73774]],[[144.96672,-37.74021],[144.96673,-37.74015]],[[144.96662,-37.74074],[144.96671,-37.74025]],[[144.96695,-37.73774],[144.9669,-37.73762]]]}}