{"n":{"rail":[[[144.95865,-37.69887],[144.96337,-37.73869]],[[144.96259,-37.73211],[144.95865,-37.69887]],[[144.96326,-37.73817],[144.96259,-37.73211]]],"tram":[[[144.96369,-37.72759],[144.96371,-37.72822]],[[144.96711,-37.73824],[144.9638,-37.73041],[144.96373,-37.72938]],[[144.96377,-37.72939],[144.96384,-37.73041],[144.96715,-37.7383]],[[144.96373,-37.7293],[144.96371,-37.72822]],[[144.96373,-37.72938],[144.96373,-37.7293]],[[144.96371,-37.72822],[144.96377,-37.72931]],[[144.96377,-37.72931],[144.96377,-37.72939]]],"freeway":[[[144.96308,-37.71983],[144.96284,-37.71872]],[[144.96368,-37.72735],[144.96363,-37.72575]],[[144.96372,-37.72851],[144.9636,-37.72769]],[[144.96368,-37.72735],[144.96372,-37.72851]],[[144.96363,-37.72744],[144.96371,-37.72745]],[[144.96535,-37.73398],[144.96464,-37.73232]],[[144.96183,-37.71868],[144.96254,-37.71851]],[[144.96572,-37.73486],[144.96535,-37.73398]],[[144.96363,-37.72744],[144.96368,-37.72735]],[[144.96358,-37.72441],[144.96308,-37.71983]],[[144.96295,-37.71869],[144.96308,-37.71983]],[[144.96428,-37.73149],[144.96375,-37.72939]],[[144.96373,-37.72895],[144.96372,-37.72851]],[[144.96363,-37.72575],[144.96358,-37.72441]],[[144.96282,-37.71864],[144.96262,-37.71779]],[[144.96284,-37.71872],[144.96282,-37.71864]],[[144.96293,-37.71857],[144.96295,-37.71869]],[[144.9636,-37.72769],[144.96363,-37.72744]],[[144.96656,-37.73682],[144.96572,-37.73486]],[[144.96464,-37.73232],[144.96428,-37.73149]],[[144.96375,-37.72931],[144.96373,-37.72895]],[[144.96375,-37.72939],[144.96375,-37.72931]]]}}