{"n":{"rail":[[[144.95865,-37.69887],[144.96337,-37.73869]],[[144.96259,-37.73211],[144.95865,-37.69887]]],"freeway":[[[144.96037,-37.70452],[144.95981,-37.70105]],[[144.96069,-37.70453],[144.96077,-37.70505]],[[144.96183,-37.71868],[144.96254,-37.71851],[144.96268,-37.71801]],[[144.96203,-37.71484],[144.96072,-37.70659]],[[144.96244,-37.71557],[144.96293,-37.71857]],[[144.96072,-37.70659],[144.96037,-37.70452]],[[144.96181,-37.71141],[144.96209,-37.71331]],[[144.96012,-37.70107],[144.96061,-37.70404]],[[144.96262,-37.71779],[144.96228,-37.71649]],[[144.96282,-37.71864],[144.96262,-37.71779]],[[144.96293,-37.71857],[144.96295,-37.71869]],[[144.96077,-37.70505],[144.96102,-37.70659]],[[144.9621,-37.71338],[144.96233,-37.71486]],[[144.96209,-37.71331],[144.9621,-37.71338]],[[144.96102,-37.70659],[144.9617,-37.71073]],[[144.96061,-37.70404],[144.96069,-37.70453]],[[144.9617,-37.71073],[144.96181,-37.71141]],[[144.96228,-37.71649],[144.96203,-37.71484]],[[144.96233,-37.71486],[144.96244,-37.71557]]]}}