{"n":{"rail":[[[144.95681,-37.69151],[144.95502,-37.68344]],[[144.955,-37.68338],[144.9518,-37.67871]],[[144.95502,-37.68344],[144.955,-37.68338]]],"freeway":[[[144.95516,-37.66776],[144.95648,-37.67756]],[[144.95381,-37.65828],[144.955,-37.66668]],[[144.95479,-37.66727],[144.95478,-37.66718]],[[144.955,-37.66668],[144.95528,-37.66715]],[[144.95666,-37.67864],[144.95781,-37.68616]],[[144.9564,-37.67865],[144.95483,-37.66756]],[[144.95726,-37.68402],[144.9564,-37.67865]],[[144.95483,-37.66756],[144.95479,-37.66727]],[[144.95506,-37.66717],[144.95508,-37.66725]],[[144.95478,-37.66718],[144.95472,-37.66666]],[[144.955,-37.66668],[144.95506,-37.66717]],[[144.95648,-37.67756],[144.95666,-37.67864]],[[144.95508,-37.66725],[144.95516,-37.66776]],[[144.95472,-37.66666],[144.95457,-37.66549]]]}}