{"n":{"rail":[[[144.97143,-37.86346],[144.96997,-37.86416]]],"tram":[[[144.97453,-37.85647],[144.97722,-37.85888]],[[144.97711,-37.85881],[144.9745,-37.85649]],[[144.9673,-37.85557],[144.9713,-37.85769],[144.97417,-37.86074]],[[144.97417,-37.86074],[144.97128,-37.85771],[144.96728,-37.8556]],[[144.97453,-37.86111],[144.97417,-37.86074]],[[144.97453,-37.86111],[144.97493,-37.86119]],[[144.97737,-37.86707],[144.97537,-37.86637],[144.97301,-37.86482],[144.97244,-37.86397],[144.97271,-37.86265]],[[144.97275,-37.86265],[144.97248,-37.86395],[144.97304,-37.8648],[144.97539,-37.86634],[144.97738,-37.86704]],[[144.9776,-37.85965],[144.97275,-37.86265]],[[144.97271,-37.86265],[144.97754,-37.85964]]]}}