{"n":{"rail":[[[144.97523,-37.83537],[144.97593,-37.83629]],[[144.97615,-37.83659],[144.97499,-37.83539]],[[144.9704,-37.82138],[144.97155,-37.82454],[144.97123,-37.8307],[144.97205,-37.83237]],[[144.97195,-37.83242],[144.9711,-37.83068],[144.97145,-37.82639],[144.97119,-37.82424],[144.97037,-37.8218]],[[144.9741,-37.83423],[144.97523,-37.83537]],[[144.97499,-37.83539],[144.97394,-37.83433]],[[144.97247,-37.83268],[144.9741,-37.83423]],[[144.97394,-37.83433],[144.97231,-37.83278]],[[144.97231,-37.83278],[144.97195,-37.83242]],[[144.97205,-37.83237],[144.97247,-37.83268]]],"tram":[[[144.95687,-37.82507],[144.95615,-37.82343]],[[144.95711,-37.82543],[144.96153,-37.83503]],[[144.95699,-37.8253],[144.95579,-37.82642]],[[144.96896,-37.82367],[144.96778,-37.82352]],[[144.96998,-37.8231],[144.96872,-37.8203]],[[144.96912,-37.82363],[144.96934,-37.82353]],[[144.96142,-37.8209],[144.96026,-37.8258]],[[144.95615,-37.82343],[144.95575,-37.82258]],[[144.95579,-37.82257],[144.95618,-37.82342]],[[144.95572,-37.82643],[144.95674,-37.82558]],[[144.97187,-37.83255],[144.97183,-37.83246]],[[144.97139,-37.83241],[144.96785,-37.8334]],[[144.97187,-37.83233],[144.97485,-37.83498]],[[144.96979,-37.82254],[144.97128,-37.82604],[144.97139,-37.831],[144.97187,-37.83233]],[[144.97161,-37.83232],[144.97187,-37.83233]],[[144.97228,-37.83319],[144.97139,-37.83241]],[[144.97228,-37.83319],[144.97187,-37.83255]],[[144.96506,-37.83104],[144.96501,-37.83065]],[[144.96505,-37.83064],[144.96509,-37.83105]],[[144.96535,-37.831],[144.96522,-37.83051]],[[144.96526,-37.83051],[144.9654,-37.831]],[[144.96477,-37.83428],[144.96187,-37.83515]],[[144.9678,-37.82349],[144.96895,-37.82364]],[[144.96382,-37.8294],[144.96786,-37.83336]],[[144.96024,-37.82582],[144.96138,-37.82091]],[[144.95579,-37.82642],[144.9546,-37.82838],[144.95447,-37.83051]],[[144.95447,-37.83051],[144.95454,-37.83091]],[[144.9549,-37.83206],[144.9545,-37.83094]],[[144.95495,-37.83216],[144.9549,-37.83206]],[[144.95454,-37.83091],[144.95494,-37.83205]],[[144.9545,-37.83094],[144.95442,-37.83051]],[[144.95494,-37.83205],[144.95499,-37.83215]],[[144.95442,-37.83051],[144.95482,-37.82766]],[[144.97785,-37.83725],[144.97544,-37.83611]],[[144.95579,-37.82642],[144.95369,-37.82767]],[[144.94944,-37.82968],[144.95443,-37.82728]],[[144.95945,-37.84183],[144.95495,-37.83216]],[[144.95499,-37.83215],[144.95947,-37.84181]],[[144.96167,-37.83541],[144.96182,-37.83513]],[[144.96182,-37.83513],[144.9635,-37.83465]],[[144.96187,-37.83515],[144.96171,-37.83541]],[[144.96187,-37.83515],[144.96138,-37.83529]],[[144.96167,-37.83541],[144.9615,-37.83505]],[[144.96153,-37.83503],[144.96171,-37.83541]],[[144.96135,-37.83527],[144.96182,-37.83513]],[[144.9615,-37.83505],[144.95693,-37.82518]],[[144.95684,-37.83657],[144.95714,-37.83648]],[[144.96138,-37.83529],[144.95716,-37.83651]],[[144.95714,-37.83648],[144.9573,-37.83644]],[[144.95716,-37.83651],[144.95685,-37.8366]],[[144.96304,-37.83947],[144.96163,-37.84039]],[[144.96343,-37.83917],[144.95942,-37.84236]],[[144.9594,-37.84232],[144.96338,-37.83918]],[[144.97493,-37.83518],[144.97398,-37.83404],[144.97228,-37.83319]],[[144.95623,-37.82353],[144.95667,-37.82451]],[[144.95667,-37.82451],[144.95699,-37.8253]],[[144.95546,-37.82664],[144.95674,-37.82558]],[[144.95587,-37.82635],[144.95604,-37.82616]],[[144.96539,-37.83294],[144.96486,-37.83176]],[[144.9649,-37.83177],[144.96542,-37.83294]],[[144.96542,-37.83294],[144.96477,-37.83428]],[[144.96474,-37.83426],[144.96539,-37.83294]],[[144.9543,-37.83743],[144.95565,-37.84065]],[[144.95559,-37.84063],[144.95425,-37.8374]],[[144.95685,-37.8366],[144.9543,-37.83743]],[[144.95425,-37.8374],[144.95684,-37.83657]],[[144.96979,-37.82254],[144.97002,-37.8231]],[[144.96743,-37.82356],[144.9649,-37.83177]],[[144.96486,-37.83176],[144.96731,-37.82358]],[[144.96982,-37.82339],[144.96998,-37.8231]],[[144.97002,-37.8231],[144.96983,-37.82342]],[[144.96785,-37.8334],[144.96024,-37.82582]],[[144.96786,-37.83336],[144.97161,-37.83232]],[[144.96338,-37.83918],[144.96167,-37.83541]],[[144.96171,-37.83541],[144.96343,-37.83917]],[[144.97496,-37.83516],[144.97865,-37.84467]],[[144.97861,-37.84468],[144.97544,-37.83611]],[[144.97485,-37.83498],[144.97567,-37.83624]],[[144.97183,-37.83246],[144.97137,-37.83112],[144.97125,-37.82604],[144.96998,-37.8231]],[[144.95794,-37.83627],[144.96135,-37.83527]],[[144.9573,-37.83644],[144.95794,-37.83627]],[[144.96026,-37.8258],[144.96382,-37.8294]],[[144.95693,-37.82518],[144.95687,-37.82507]],[[144.9635,-37.83465],[144.96474,-37.83426]],[[144.974,-37.83402],[144.97349,-37.8338]],[[144.96895,-37.82364],[144.96982,-37.82339]],[[144.96983,-37.82342],[144.96896,-37.82367]],[[144.96778,-37.82352],[144.96743,-37.82356]],[[144.96731,-37.82358],[144.9678,-37.82349]],[[144.97009,-37.83277],[144.97026,-37.83269]],[[144.96126,-37.82687],[144.96141,-37.82696]],[[144.97145,-37.83142],[144.97138,-37.83118]],[[144.97544,-37.83611],[144.97493,-37.83518]],[[144.97485,-37.83498],[144.97496,-37.83516]],[[144.95667,-37.82451],[144.95711,-37.82543]],[[144.95674,-37.82558],[144.95687,-37.82507]],[[144.95443,-37.82728],[144.95572,-37.82643]],[[144.95482,-37.82766],[144.95572,-37.82643]],[[144.95369,-37.82767],[144.95352,-37.82775]],[[144.95618,-37.82342],[144.95623,-37.82353]]],