{"n":{"rail":[[[144.96114,-37.7586],[144.96144,-37.75691]],[[144.96152,-37.75692],[144.96119,-37.75861]],[[144.9589,-37.774],[144.95969,-37.76675],[144.96114,-37.7586]],[[144.96119,-37.75861],[144.95974,-37.76668],[144.95895,-37.77392]],[[144.96144,-37.75691],[144.96169,-37.75498]],[[144.96177,-37.75499],[144.96152,-37.75692]],[[144.962,-37.75322],[144.96178,-37.75492]],[[144.96169,-37.75494],[144.96192,-37.75321]],[[144.96169,-37.75498],[144.96169,-37.75494]],[[144.96178,-37.75492],[144.96177,-37.75499]]],"tram":[[[144.97355,-37.80559],[144.98028,-37.76722]],[[144.97466,-37.75663],[144.9749,-37.75652]],[[144.97483,-37.75683],[144.97467,-37.75666]],[[144.97466,-37.75663],[144.97487,-37.75683]],[[144.97467,-37.75666],[144.96391,-37.75542]],[[144.97494,-37.75653],[144.97467,-37.75666]],[[144.97494,-37.75653],[144.97487,-37.75683]],[[144.97483,-37.75683],[144.9749,-37.75652]],[[144.9739,-37.76209],[144.97335,-37.76242],[144.96751,-37.7971]],[[144.9764,-37.7526],[144.97494,-37.75653]],[[144.96419,-37.75525],[144.96391,-37.75542]],[[144.96386,-37.75538],[144.96416,-37.75517]],[[144.96408,-37.75564],[144.96386,-37.75541]],[[144.96394,-37.75539],[144.96413,-37.75562]],[[144.96376,-37.75746],[144.96377,-37.75763]],[[144.96408,-37.75564],[144.96416,-37.75517]],[[144.96419,-37.75525],[144.96413,-37.75562]],[[144.96386,-37.75538],[144.97466,-37.75663]],[[144.96191,-37.75664],[144.96194,-37.75722],[144.96327,-37.75739]],[[144.96221,-37.75526],[144.96386,-37.75538]],[[144.96192,-37.7568],[144.96188,-37.75664]],[[144.96327,-37.75744],[144.96191,-37.75725],[144.96188,-37.75664]],[[144.96391,-37.75542],[144.96252,-37.75526]],[[144.96416,-37.75517],[144.96711,-37.73824]],[[144.96715,-37.7383],[144.96419,-37.75525]],[[144.9749,-37.75652],[144.97636,-37.75259]],[[144.96192,-37.7568],[144.96228,-37.75696]],[[144.96186,-37.75673],[144.96225,-37.75711]],[[144.96187,-37.75688],[144.96223,-37.75721]],[[144.96746,-37.79706],[144.97331,-37.76242],[144.97384,-37.76209]],[[144.98028,-37.76722],[144.97363,-37.80561]],[[144.96188,-37.75664],[144.96215,-37.75531]],[[144.96225,-37.75529],[144.96191,-37.75664]],[[144.97487,-37.75683],[144.9739,-37.76209]],[[144.97384,-37.76209],[144.97483,-37.75683]],[[144.96043,-37.7771],[144.96408,-37.75564]],[[144.96413,-37.75562],[144.96046,-37.7771]],[[144.96184,-37.75703],[144.96195,-37.75727]],[[144.96189,-37.757],[144.96184,-37.75683]],[[144.96192,-37.7568],[144.9619,-37.75669]],[[144.962,-37.75689],[144.96227,-37.75701]],[[144.96197,-37.75697],[144.96226,-37.75705]],[[144.96201,-37.757],[144.96225,-37.75708]],[[144.96195,-37.75707],[144.96224,-37.75714]],[[144.962,-37.75711],[144.96224,-37.75718]],[[144.96228,-37.75696],[144.96365,-37.75713]],[[144.96227,-37.75701],[144.96364,-37.75717]],[[144.96226,-37.75705],[144.96364,-37.75721]],[[144.96225,-37.75708],[144.96363,-37.75724]],[[144.96225,-37.75711],[144.96362,-37.75727]],[[144.96224,-37.75714],[144.96362,-37.75731]],[[144.96224,-37.75718],[144.96361,-37.75734]],[[144.96223,-37.75721],[144.96361,-37.75737]],[[144.96198,-37.75607],[144.96198,-37.7563]],[[144.96191,-37.7569],[144.96189,-37.75679]],[[144.97392,-37.75655],[144.97372,-37.75655]],[[144.96215,-37.75531],[144.96221,-37.75526]],[[144.96252,-37.75526],[144.96225,-37.75529]]],"freeway":[[[144.96213,-37.76705],[144.9621,-37.76725]],[[144.96216,-37.76685],[144.96213,-37.76705]],[[144.96421,-37.75503],[144.96414,-37.75545]],[[144.96414,-37.75545],[144.96409,-37.75569]],[[144.9626,-37.7643],[144.9624,-37.7655]],[[144.96316,-37.76106],[144.96276,-37.76339]],[[144.9624,-37.7655],[144.96233,-37.76591]],[[144.96439,-37.75399],[144.96429,-37.75456]],[[144.96407,-37.7558],[144.96324,-37.76059]],[[144.96429,-37.75456],[144.96421,-37.75503]],[[144.96468,-37.75234],[144.96445,-37.75363]],[[144.96187,-37.76859],[144.96182,-37.76885]],[[144.96276,-37.76339],[144.9626,-37.7643]],[[144.96178,-37.76911],[144.96141,-37.77126]],[[144.96204,-37.76759],[144.96187,-37.76859]],[[144.96223,-37.7665],[144.96216,-37.76685]],[[144.9621,-37.76725],[144.96204,-37.76759]],[[144.9632,-37.76083],[144.96316,-37.76106]],[[144.96324,-37.76059],[144.9632,-37.76083]],[[144.96182,-37.76885],[144.96178,-37.76911]],[[144.96228,-37.76621],[144.96223,-37.7665]],[[144.96233,-37.76591],[144.96228,-37.76621]],[[144.96444,-37.75373],[144.96439,-37.75399]],[[144.96445,-37.75363],[144.96444,-37.75373]],[[144.96409,-37.75569],[144.96407,-37.7558]]]}}