{"n":{"rail":[[[144.94959,-37.78149],[144.95513,-37.7809],[144.95679,-37.78009],[144.95773,-37.77894],[144.9589,-37.774],[144.95969,-37.76675]],[[144.95974,-37.76668],[144.95895,-37.77392],[144.95774,-37.77901],[144.95674,-37.78018],[144.95509,-37.78095],[144.9496,-37.78152]]],"tram":[[[144.97355,-37.80559],[144.98028,-37.76722]],[[144.97335,-37.76242],[144.96751,-37.7971]],[[144.95754,-37.79972],[144.96043,-37.7771]],[[144.96046,-37.7771],[144.95758,-37.79972]],[[144.96746,-37.79706],[144.97331,-37.76242]],[[144.98028,-37.76722],[144.97363,-37.80561]],[[144.96043,-37.7771],[144.96408,-37.75564]],[[144.96413,-37.75562],[144.96046,-37.7771]],[[144.96034,-37.77749],[144.96032,-37.77771]],[[144.97079,-37.77782],[144.97078,-37.77761]]],"freeway":[[[144.95274,-37.78789],[144.95548,-37.78826]],[[144.95982,-37.77979],[144.96017,-37.7798]],[[144.95998,-37.78048],[144.96009,-37.78049]],[[144.95972,-37.78066],[144.95984,-37.78067]],[[144.95949,-37.78247],[144.95984,-37.7825]],[[144.96049,-37.77682],[144.96061,-37.77712]],[[144.9596,-37.78164],[144.95993,-37.77895]],[[144.95886,-37.78764],[144.95909,-37.78771]],[[144.96046,-37.77758],[144.96036,-37.778]],[[144.96044,-37.7771],[144.96046,-37.77758]],[[144.95949,-37.7835],[144.96008,-37.77808]],[[144.96009,-37.77796],[144.9601,-37.77769]],[[144.96033,-37.77811],[144.95983,-37.78172]],[[144.95945,-37.78475],[144.95933,-37.78475]],[[144.95909,-37.78771],[144.95885,-37.78775]],[[144.96035,-37.77827],[144.95992,-37.78186]],[[144.95981,-37.78185],[144.95992,-37.78186]],[[144.9591,-37.78758],[144.95921,-37.78759]],[[144.95907,-37.78782],[144.95918,-37.78782]],[[144.96013,-37.77751],[144.96044,-37.7771]],[[144.95933,-37.78467],[144.95946,-37.78471]],[[144.96084,-37.77473],[144.96062,-37.77611]],[[144.96049,-37.77682],[144.96044,-37.7771]],[[144.96008,-37.77808],[144.96009,-37.77796]],[[144.96036,-37.778],[144.96033,-37.77811]],[[144.95946,-37.78471],[144.95945,-37.78475]],[[144.95933,-37.78467],[144.95949,-37.7835]],[[144.95933,-37.78475],[144.95933,-37.78467]],[[144.95961,-37.78351],[144.95946,-37.78471]],[[144.95972,-37.78352],[144.95961,-37.78351]],[[144.95937,-37.78349],[144.95949,-37.7835]],[[144.95972,-37.78352],[144.95956,-37.78473]],[[144.96017,-37.77898],[144.96027,-37.77898]],[[144.95993,-37.77895],[144.96005,-37.77897]],[[144.95946,-37.78471],[144.95956,-37.78473]],[[144.95923,-37.78464],[144.95933,-37.78467]],[[144.95921,-37.78475],[144.95923,-37.78464]],[[144.95956,-37.78473],[144.95956,-37.78475]],[[144.95933,-37.78475],[144.95921,-37.78475]],[[144.95956,-37.78475],[144.95945,-37.78475]],[[144.95992,-37.78186],[144.95972,-37.78352]],[[144.95983,-37.78172],[144.95961,-37.78351]],[[144.95958,-37.78178],[144.9596,-37.78164]],[[144.95923,-37.78464],[144.95949,-37.78247]],[[144.95911,-37.78656],[144.95899,-37.78655]],[[144.95934,-37.78658],[144.95923,-37.78657]],[[144.96062,-37.77611],[144.96049,-37.77682]],[[144.96136,-37.77155],[144.96134,-37.77167]],[[144.95887,-37.78852],[144.95933,-37.78475]],[[144.95945,-37.78475],[144.95895,-37.78881]],[[144.95956,-37.78475],[144.95911,-37.78842]],[[144.95866,-37.78924],[144.95914,-37.78537]],[[144.96141,-37.77126],[144.96136,-37.77155]],[[144.96134,-37.77167],[144.96092,-37.77424]],[[144.96033,-37.77811],[144.96035,-37.77827]],[[144.95993,-37.77895],[144.96008,-37.77808]],[[144.95949,-37.78247],[144.95958,-37.78178]],[[144.96178,-37.76911],[144.96141,-37.77126]],[[144.9601,-37.77769],[144.96013,-37.77751]],[[144.95914,-37.78537],[144.95921,-37.78475]],[[144.96092,-37.77424],[144.96084,-37.77473]],[[144.95935,-37.78555],[144.95947,-37.78556]]]}}