{"n":{"tram":[[[144.95947,-37.84181],[144.95968,-37.84219]],[[144.95965,-37.8422],[144.95945,-37.84183]],[[144.95968,-37.84219],[144.96201,-37.84582],[144.96448,-37.8486],[144.97453,-37.85647],[144.97722,-37.85888]],[[144.97711,-37.85881],[144.9745,-37.85649],[144.96445,-37.84862],[144.96197,-37.84584],[144.95965,-37.8422]],[[144.96662,-37.85058],[144.9669,-37.85075]],[[144.95945,-37.84183],[144.95495,-37.83216]],[[144.95499,-37.83215],[144.95947,-37.84181]],[[144.96304,-37.83947],[144.96163,-37.84039]],[[144.96343,-37.83917],[144.95942,-37.84236]],[[144.95516,-37.85027],[144.95487,-37.85062]],[[144.95516,-37.85027],[144.9559,-37.84933]],[[144.95595,-37.84933],[144.95516,-37.85027]],[[144.9673,-37.85557],[144.9713,-37.85769]],[[144.9594,-37.84232],[144.96338,-37.83918]],[[144.97128,-37.85771],[144.96728,-37.8556]],[[144.95565,-37.84065],[144.95358,-37.84137]],[[144.95355,-37.84134],[144.95559,-37.84063]],[[144.9543,-37.83743],[144.95565,-37.84065]],[[144.95559,-37.84063],[144.95425,-37.8374]],[[144.95595,-37.84933],[144.96375,-37.85367]],[[144.96373,-37.8537],[144.9559,-37.84933]],[[144.96728,-37.8556],[144.96373,-37.8537]],[[144.96375,-37.85367],[144.9673,-37.85557]],[[144.95942,-37.84236],[144.96027,-37.84409]],[[144.96024,-37.84408],[144.9594,-37.84232]],[[144.9559,-37.84933],[144.96024,-37.84408]],[[144.96027,-37.84409],[144.95595,-37.84933]],[[144.97496,-37.83516],[144.97865,-37.84467]],[[144.97861,-37.84468],[144.97544,-37.83611]]],"freeway":[[[144.97593,-37.84388],[144.97519,-37.84185]],[[144.97519,-37.84185],[144.97437,-37.83958]]]}}