{"n":{"rail":[[[144.96054,-37.80009],[144.95434,-37.79962],[144.9389,-37.80165]],[[144.93886,-37.80148],[144.95429,-37.79952],[144.96057,-37.79994]],[[144.96057,-37.79994],[144.96286,-37.80061],[144.96409,-37.80227],[144.964,-37.80359],[144.96264,-37.80558]],[[144.96249,-37.80684],[144.96249,-37.80544],[144.96378,-37.80339],[144.96374,-37.80214],[144.96272,-37.80082],[144.96054,-37.80009]]],"tram":[[[144.94946,-37.79519],[144.95669,-37.80094]],[[144.95669,-37.80094],[144.9574,-37.80165]],[[144.9494,-37.80509],[144.9596,-37.80644]],[[144.9574,-37.80165],[144.9596,-37.80644]],[[144.95958,-37.80648],[144.95736,-37.80167]],[[144.95669,-37.80094],[144.95545,-37.80958]],[[144.95736,-37.80167],[144.95664,-37.80094]],[[144.95659,-37.80257],[144.95659,-37.80234]],[[144.95664,-37.80094],[144.94756,-37.79371]],[[144.96443,-37.79754],[144.96451,-37.79729]],[[144.96456,-37.79701],[144.96451,-37.79729]],[[144.96451,-37.79729],[144.96452,-37.79754]],[[144.96432,-37.79842],[144.96438,-37.79807]],[[144.96422,-37.79869],[144.96432,-37.79842]],[[144.96434,-37.79809],[144.96442,-37.79783]],[[144.96432,-37.79842],[144.96433,-37.7987]],[[144.9634,-37.80365],[144.96341,-37.80382]],[[144.96424,-37.79921],[144.96284,-37.8074]],[[144.96289,-37.80759],[144.96421,-37.79877]],[[144.95542,-37.80959],[144.95664,-37.80094]],[[144.97355,-37.80559],[144.98028,-37.76722]],[[144.95958,-37.80648],[144.94935,-37.8051]],[[144.97335,-37.76242],[144.96751,-37.7971]],[[144.95754,-37.79972],[144.96043,-37.7771]],[[144.96046,-37.7771],[144.95758,-37.79972]],[[144.96442,-37.79783],[144.96448,-37.79752]],[[144.96442,-37.79783],[144.96442,-37.79809]],[[144.96746,-37.79706],[144.97331,-37.76242]],[[144.98028,-37.76722],[144.97363,-37.80561]],[[144.96465,-37.79686],[144.96746,-37.79706]],[[144.96751,-37.7971],[144.96469,-37.79692]],[[144.96421,-37.79877],[144.96465,-37.79686]],[[144.96469,-37.79692],[144.96424,-37.79921]],[[144.95758,-37.79972],[144.9574,-37.80165]],[[144.95736,-37.80167],[144.95754,-37.79972]],[[144.96523,-37.79691],[144.96549,-37.79691]]],"freeway":[[[144.96514,-37.7931],[144.96525,-37.79337]],[[144.9657,-37.79321],[144.96525,-37.79337]],[[144.96514,-37.7931],[144.9657,-37.79321]],[[144.96798,-37.79261],[144.96813,-37.79243]],[[144.96847,-37.79226],[144.97068,-37.79244]],[[144.96827,-37.79248],[144.96798,-37.79261]],[[144.95858,-37.78991],[144.95776,-37.78984]],[[144.95858,-37.78991],[144.95859,-37.78981]],[[144.95274,-37.78789],[144.95548,-37.78826],[144.95691,-37.78914]],[[144.959,-37.78932],[144.95933,-37.79006]],[[144.95911,-37.78842],[144.959,-37.78841]],[[144.95734,-37.78958],[144.95771,-37.78973]],[[144.96813,-37.79243],[144.96831,-37.79231]],[[144.96798,-37.79261],[144.9657,-37.79321]],[[144.97142,-37.79252],[144.97476,-37.79287]],[[144.96979,-37.79246],[144.96844,-37.79241]],[[144.97131,-37.79251],[144.97142,-37.79252]],[[144.95911,-37.78842],[144.95903,-37.78907]],[[144.97486,-37.79301],[144.97217,-37.79272]],[[144.95895,-37.78881],[144.95882,-37.78983]],[[144.95859,-37.78981],[144.95871,-37.78982]],[[144.95869,-37.78992],[144.95871,-37.78982]],[[144.95881,-37.78994],[144.95869,-37.78992]],[[144.95882,-37.78983],[144.95881,-37.78994]],[[144.95894,-37.78985],[144.95892,-37.78996]],[[144.95859,-37.78981],[144.95866,-37.78924]],[[144.95871,-37.78982],[144.95878,-37.78926]],[[144.9714,-37.79263],[144.97128,-37.79262]],[[144.95871,-37.78982],[144.95882,-37.78983]],[[144.95869,-37.78992],[144.95858,-37.78991]],[[144.95882,-37.78983],[144.95894,-37.78985]],[[144.95706,-37.78931],[144.95734,-37.78958]],[[144.95933,-37.79006],[144.95974,-37.79074]],[[144.9616,-37.79185],[144.96409,-37.79272]],[[144.95691,-37.78914],[144.95703,-37.78928]],[[144.95892,-37.78996],[144.95881,-37.78994]],[[144.959,-37.78932],[144.95894,-37.78985]],[[144.95887,-37.78852],[144.95933,-37.78475]],[[144.95945,-37.78475],[144.95895,-37.78881]],[[144.95956,-37.78475],[144.95911,-37.78842]],[[144.95866,-37.78924],[144.95914,-37.78537]],[[144.95894,-37.78985],[144.95933,-37.79006]],[[144.97562,-37.79307],[144.97486,-37.79301]],[[144.95776,-37.78984],[144.95752,-37.78978]],[[144.95771,-37.78973],[144.95859,-37.78981]],[[144.95878,-37.78926],[144.95887,-37.78852]],[[144.97476,-37.79287],[144.97509,-37.7929]],[[144.97509,-37.7929],[144.97565,-37.79291]],[[144.97068,-37.79244],[144.97131,-37.79251]],[[144.97128,-37.79262],[144.96979,-37.79246]],[[144.97217,-37.79272],[144.9714,-37.79263]],[[144.95974,-37.79074],[144.95892,-37.78996]],[[144.95974,-37.79074],[144.96112,-37.79174]],[[144.96409,-37.79272],[144.96468,-37.79296]],[[144.96454,-37.79323],[144.96409,-37.79272]],[[144.96844,-37.79241],[144.96827,-37.79248]],[[144.96831,-37.79231],[144.96847,-37.79226]],[[144.96112,-37.79174],[144.9616,-37.79185]],[[144.95903,-37.78907],[144.959,-37.78932]],[[144.96521,-37.79347],[144.96472,-37.7935]],[[144.96525,-37.79337],[144.96521,-37.79347]],[[144.96454,-37.79323],[144.96468,-37.79296]],[[144.96468,-37.79296],[144.96514,-37.7931]],[[144.96472,-37.7935],[144.96454,-37.79323]],[[144.95736,-37.7897],[144.95703,-37.78928]],[[144.95703,-37.78928],[144.95706,-37.78931]],[[144.95736,-37.7897],[144.95734,-37.78958]],[[144.95752,-37.78978],[144.95771,-37.78973]],[[144.95869,-37.78901],[144.95881,-37.78902]],[[144.95752,-37.78978],[144.95736,-37.7897]]]}}