{"n":{"rail":[[[144.4791,-37.97377],[144.41854,-38.01819]],[[144.47665,-37.97562],[144.41913,-38.01779]]],"freeway":[[[144.48858,-38.00356],[144.4904,-38.00249],[144.49065,-38.00197]],[[144.49093,-38.00316],[144.48726,-38.00445]],[[144.47366,-38.01075],[144.46959,-38.013]],[[144.46803,-38.01258],[144.47046,-38.01195]],[[144.46078,-38.01641],[144.47046,-38.01195]],[[144.49512,-38.00081],[144.47366,-38.01075]],[[144.47366,-38.01075],[144.46253,-38.01588]],[[144.47046,-38.01195],[144.48858,-38.00356]],[[144.48858,-38.00356],[144.51307,-37.99222]]]}}