{"n":{"rail":[[[144.4791,-37.97377],[144.41854,-38.01819]],[[144.47665,-37.97562],[144.41913,-38.01779]]],"freeway":[[[144.46078,-38.01641],[144.47046,-38.01195]],[[144.47366,-38.01075],[144.46253,-38.01588]]]}}