{"b":[{"h":6,"g":[[144.647707,-37.544875],[144.647753,-37.545196],[144.647914,-37.545182],[144.647873,-37.544862],[144.647707,-37.544875]]},{"h":6,"g":[[144.664391,-37.561125],[144.664617,-37.561413],[144.664745,-37.561347],[144.664511,-37.561067],[144.664391,-37.561125]]},{"h":6,"g":[[144.664139,-37.561265],[144.664302,-37.561481],[144.664389,-37.561436],[144.664232,-37.561221],[144.664139,-37.561265]]}]}