{"b":[{"h":6,"g":[[144.661503,-37.564346],[144.661521,-37.564407],[144.661643,-37.564367],[144.661722,-37.564467],[144.66172,-37.564502],[144.661799,-37.564502],[144.66182,-37.564465],[144.661848,-37.564465],[144.661832,-37.564524],[144.661942,-37.564531],[144.661942,-37.564589],[144.662005,-37.564589],[144.662016,-37.564552],[144.662089,-37.564689],[144.662161,-37.564689],[144.662199,-37.564668],[144.662222,-37.564624],[144.662147,-37.564528],[144.66214,-37.564481],[144.662171,-37.564468],[144.662147,-37.564437],[144.662112,-37.56442],[144.662077,-37.564417],[144.662026,-37.564407],[144.662,-37.564402],[144.661986,-37.564413],[144.661939,-37.564398],[144.661874,-37.564374],[144.661876,-37.564343],[144.661855,-37.564326],[144.661837,-37.564324],[144.661809,-37.564331],[144.661776,-37.56435],[144.661755,-37.564387],[144.661727,-37.564326],[144.661762,-37.564304],[144.661722,-37.564252],[144.661657,-37.564272],[144.66162,-37.564217],[144.661533,-37.564241],[144.661582,-37.56432],[144.661503,-37.564346]]}]}