{"b":[{"h":6,"g":[[144.647043,-37.535752],[144.647069,-37.535834],[144.647134,-37.53582],[144.64721,-37.536053],[144.647303,-37.536034],[144.647297,-37.536016],[144.647369,-37.536001],[144.64739,-37.536066],[144.64809,-37.535923],[144.64802,-37.535707],[144.648148,-37.535681],[144.648103,-37.535544],[144.648001,-37.535564],[144.647951,-37.535411],[144.647195,-37.535566],[144.647242,-37.535711],[144.647043,-37.535752]]}]}