{"b":[{"h":6,"g":[[144.661856,-37.466119],[144.662278,-37.466176],[144.662319,-37.465987],[144.661897,-37.465929],[144.661856,-37.466119]]},{"h":6,"g":[[144.661134,-37.466526],[144.661218,-37.466535],[144.661225,-37.466497],[144.661258,-37.4665],[144.661241,-37.466603],[144.66133,-37.466613],[144.661348,-37.46651],[144.66138,-37.466514],[144.661373,-37.466553],[144.661465,-37.466563],[144.661471,-37.466523],[144.661547,-37.466532],[144.66156,-37.466455],[144.661482,-37.466446],[144.66151,-37.466286],[144.661326,-37.466266],[144.661298,-37.466427],[144.661237,-37.46642],[144.661242,-37.466391],[144.661159,-37.466382],[144.661154,-37.466411],[144.661147,-37.46641],[144.661134,-37.466487],[144.66114,-37.466488],[144.661134,-37.466526]]},{"h":6,"g":[[144.659621,-37.466582],[144.660159,-37.466657],[144.660195,-37.466497],[144.659657,-37.466422],[144.659621,-37.466582]]}]}