{"b":[{"h":6,"g":[[144.647559,-37.697482],[144.64773,-37.697508],[144.647722,-37.69755],[144.647787,-37.697633],[144.647714,-37.697662],[144.647755,-37.697723],[144.647722,-37.697746],[144.64782,-37.697868],[144.647901,-37.697839],[144.647889,-37.69781],[144.64797,-37.697768],[144.647994,-37.697794],[144.6481,-37.697743],[144.647925,-37.69754],[144.647986,-37.697199],[144.647767,-37.697173],[144.647742,-37.697244],[144.647702,-37.697241],[144.647669,-37.697334],[144.647608,-37.697321],[144.647559,-37.697482]]}]}