{"b":[{"h":6,"g":[[144.650664,-37.63653],[144.650928,-37.636774],[144.651056,-37.636687],[144.6508,-37.636443],[144.650664,-37.63653]]},{"h":6,"g":[[144.649852,-37.636544],[144.649954,-37.636626],[144.650195,-37.636428],[144.650099,-37.636354],[144.649852,-37.636544]]},{"h":6,"g":[[144.648836,-37.634688],[144.648916,-37.634892],[144.648932,-37.634887],[144.648947,-37.634925],[144.648985,-37.634916],[144.648996,-37.634943],[144.649077,-37.634924],[144.649046,-37.634843],[144.648989,-37.634856],[144.648951,-37.634754],[144.648997,-37.634743],[144.649019,-37.634802],[144.649117,-37.634779],[144.649095,-37.634721],[144.649121,-37.634715],[144.649126,-37.634729],[144.649207,-37.634711],[144.649226,-37.634762],[144.649176,-37.634773],[144.649197,-37.634832],[144.649108,-37.634853],[144.649145,-37.634956],[144.649276,-37.634926],[144.649269,-37.634908],[144.649298,-37.634901],[144.649293,-37.634886],[144.649391,-37.634864],[144.649423,-37.634952],[144.649522,-37.634929],[144.649493,-37.634848],[144.649517,-37.634843],[144.649493,-37.634778],[144.649476,-37.634778],[144.649468,-37.634758],[144.649533,-37.634742],[144.649462,-37.634563],[144.649369,-37.634586],[144.649359,-37.634562],[144.649379,-37.634557],[144.649343,-37.634465],[144.649253,-37.634487],[144.649287,-37.634573],[144.649225,-37.634588],[144.649218,-37.634571],[144.649165,-37.634585],[144.649159,-37.63457],[144.649033,-37.634601],[144.649039,-37.634618],[144.648952,-37.634639],[144.648959,-37.634658],[144.648836,-37.634688]]}]}