{"b":[{"h":6,"g":[[144.65948,-37.585687],[144.659578,-37.58569],[144.65959,-37.585563],[144.659489,-37.585557],[144.65948,-37.585687]]}]}