{"b":[{"h":6,"g":[[144.658751,-37.787513],[144.658756,-37.787629],[144.659149,-37.787626],[144.659149,-37.787508],[144.658751,-37.787513]]}]}