{"b":[{"h":6,"g":[[144.667129,-38.252285],[144.667191,-38.252409],[144.667198,-38.252407],[144.667241,-38.252494],[144.667325,-38.252468],[144.66734,-38.252497],[144.667411,-38.252476],[144.667396,-38.252446],[144.667499,-38.252415],[144.667399,-38.252215],[144.667351,-38.25223],[144.667361,-38.25225],[144.667211,-38.252296],[144.667195,-38.252264],[144.667129,-38.252285]]}]}