{"b":[{"h":6,"g":[[144.652623,-38.301933],[144.652734,-38.301984],[144.652817,-38.301877],[144.652699,-38.301821],[144.652623,-38.301933]]},{"h":3.2,"g":[[144.652409,-38.303395],[144.652468,-38.303453],[144.65254,-38.303392],[144.65248,-38.303343],[144.652409,-38.303395]]}]}