{"b":[{"h":6,"g":[[144.660872,-38.307769],[144.660918,-38.307797],[144.660956,-38.307757],[144.66091,-38.307729],[144.660872,-38.307769]]}]}