{"t":[{"r":"TRENTHAM FALLS ROAD","v":1524,"h":7,"c":[[144.26091,-37.38704],[144.27895,-37.37679],[144.27991,-37.37547],[144.28131,-37.36862]]},{"r":"TRENTHAM FALLS ROAD","v":1510,"h":7,"c":[[144.28131,-37.36862],[144.27991,-37.37547],[144.27895,-37.37679],[144.26091,-37.38704]]}]}