{"t":[{"r":"TRENTHAM FALLS ROAD","v":1524,"h":7,"c":[[144.27991,-37.37547],[144.28131,-37.36862],[144.28357,-37.36689],[144.28509,-37.36635],[144.29549,-37.36843]]},{"r":"TRENTHAM FALLS ROAD","v":1510,"h":7,"c":[[144.29549,-37.36843],[144.28509,-37.36635],[144.28357,-37.36689],[144.28131,-37.36862],[144.27991,-37.37547]]}]}