{"t":[{"r":"GREENDALE-TRENTHAM ROAD","v":346,"h":13,"c":[[144.28742,-37.42074],[144.28558,-37.42445],[144.28304,-37.42716],[144.28315,-37.42975],[144.28263,-37.43237],[144.2803,-37.43475],[144.27962,-37.43605],[144.27981,-37.43761],[144.28081,-37.43879],[144.28496,-37.4405]]},{"r":"BLACKWOOD ROAD","v":338,"h":11,"c":[[144.28496,-37.4405],[144.28081,-37.43879],[144.27981,-37.43761],[144.27962,-37.43605],[144.2803,-37.43475],[144.28263,-37.43237],[144.28315,-37.42975],[144.28304,-37.42716],[144.28558,-37.42445],[144.28742,-37.42074]]}]}