{"t":[{"r":"GREENDALE-TRENTHAM ROAD","v":346,"h":13,"c":[[144.29431,-37.45671],[144.29423,-37.45749],[144.29495,-37.45815]]},{"r":"BLACKWOOD ROAD","v":338,"h":11,"c":[[144.29495,-37.45815],[144.29423,-37.45749],[144.29431,-37.45671]]}]}