{"t":[{"r":"GREENDALE-TRENTHAM ROAD","v":346,"h":13,"c":[[144.28081,-37.43879],[144.28496,-37.4405],[144.28712,-37.44182],[144.28835,-37.44299],[144.29059,-37.44767],[144.29558,-37.45407]]},{"r":"GREENDALE-TRENTHAM ROAD","v":346,"h":13,"c":[[144.29559,-37.45511],[144.29431,-37.45671],[144.29423,-37.45749]]},{"r":"BLACKWOOD ROAD","v":338,"h":11,"c":[[144.29423,-37.45749],[144.29431,-37.45671],[144.29559,-37.45511]]},{"r":"BLACKWOOD ROAD","v":338,"h":11,"c":[[144.29558,-37.45407],[144.29059,-37.44767],[144.28835,-37.44299],[144.28712,-37.44182],[144.28496,-37.4405],[144.28081,-37.43879]]}]}