{"t":[{"r":"GREENDALE-TRENTHAM ROAD","v":346,"h":13,"c":[[144.31083,-37.411],[144.29221,-37.40843],[144.29057,-37.40897],[144.28748,-37.41094],[144.28663,-37.41234],[144.2854,-37.4161],[144.28575,-37.4173],[144.28751,-37.41951],[144.28742,-37.42074],[144.28558,-37.42445]]},{"r":"BLACKWOOD ROAD","v":338,"h":11,"c":[[144.28558,-37.42445],[144.28742,-37.42074],[144.28751,-37.41951],[144.28575,-37.4173],[144.2854,-37.4161],[144.28663,-37.41234],[144.28748,-37.41094],[144.29057,-37.40897],[144.29221,-37.40843],[144.31083,-37.411]]}]}