{"t":[{"r":"WESTERN FREEWAY","v":13672,"h":13,"c":[[144.26517,-37.5989],[144.28478,-37.60399],[144.29062,-37.60689],[144.29551,-37.61082]]},{"r":"WESTERN FREEWAY","v":13045,"h":13,"c":[[144.29587,-37.6113],[144.28343,-37.60381],[144.2794,-37.60306],[144.26216,-37.5984]]}]}