{"t":[{"r":"GEELONG-BALLAN ROAD","v":1129,"h":9,"c":[[144.29214,-38.06652],[144.30704,-38.08388]]},{"r":"MIDLAND HIGHWAY","v":5908,"h":14,"c":[[144.30501,-38.09738],[144.29267,-38.09436],[144.28344,-38.09002],[144.27709,-38.0889],[144.25274,-38.08125]]},{"r":"MIDLAND HIGHWAY","v":5659,"h":10,"c":[[144.25274,-38.08125],[144.27709,-38.0889],[144.28344,-38.09002],[144.29267,-38.09436],[144.30501,-38.09738]]},{"r":"GEELONG-BALLAN ROAD","v":972,"h":9,"c":[[144.30704,-38.08388],[144.29214,-38.06652]]}]}