{"t":[{"r":"WAURN PONDS DRIVE","v":563,"h":8,"c":[[144.2888,-38.20623],[144.30197,-38.2036]]}]}