{"t":[{"r":"MT DUNEED ROAD","v":3283,"h":7,"c":[[144.2781,-38.24221],[144.33232,-38.24865]]},{"r":"MT DUNEED ROAD","v":3220,"h":7,"c":[[144.33232,-38.24865],[144.2781,-38.24221]]}]}