{"t":[{"r":"WAURN PONDS DRIVE","v":590,"h":7,"c":[[144.30204,-38.20392],[144.2893,-38.20612],[144.28392,-38.20753],[144.27851,-38.20789],[144.27455,-38.20741],[144.2731,-38.20761]]},{"r":"WAURN PONDS DRIVE","v":563,"h":8,"c":[[144.2731,-38.20761],[144.27455,-38.20741],[144.27851,-38.20789],[144.28392,-38.20753],[144.2888,-38.20623],[144.30197,-38.2036]]}]}