{"t":[{"r":"GEELONG RING ROAD","v":22192,"h":7,"c":[[144.29378,-38.1756],[144.29696,-38.17901]]},{"r":"BARRABOOL ROAD","v":8293,"h":6,"c":[[144.29667,-38.17195],[144.29278,-38.17198]]},{"r":"GEELONG RING ROAD","v":22844,"h":6,"c":[[144.29585,-38.17831],[144.29368,-38.1758]]},{"r":"BARRABOOL ROAD","v":8266,"h":6,"c":[[144.29279,-38.17187],[144.29883,-38.17157]]}]}