{"t":[{"r":"GREAT OCEAN ROAD","v":3503,"h":4,"c":[[144.29211,-38.33915],[144.29721,-38.33799]]},{"r":"GREAT OCEAN ROAD","v":3770,"h":6,"c":[[144.29721,-38.33799],[144.29211,-38.33915]]}]}