{"b":[{"h":6,"g":[[144.699066,-37.334405],[144.699243,-37.334405],[144.699243,-37.334286],[144.699066,-37.334286],[144.699066,-37.334405]]},{"h":6,"g":[[144.698739,-37.334439],[144.698895,-37.334439],[144.698895,-37.33429],[144.698739,-37.33429],[144.698739,-37.334439]]},{"h":6,"g":[[144.699002,-37.334124],[144.699217,-37.334124],[144.699217,-37.333953],[144.699002,-37.333953],[144.699002,-37.334124]]},{"h":6,"g":[[144.698181,-37.33429],[144.698439,-37.33429],[144.698439,-37.334154],[144.698181,-37.334154],[144.698181,-37.33429]]}]}