{"b":[{"h":6,"g":[[144.70864,-37.508692],[144.708734,-37.508775],[144.709037,-37.508536],[144.70894,-37.508462],[144.70864,-37.508692]]},{"h":6,"g":[[144.709022,-37.508765],[144.709103,-37.508833],[144.709235,-37.508723],[144.709178,-37.508676],[144.70916,-37.508682],[144.709136,-37.508657],[144.709058,-37.50871],[144.709073,-37.508724],[144.709022,-37.508765]]}]}