{"b":[{"h":6,"g":[[144.693595,-37.632379],[144.693704,-37.632394],[144.693737,-37.632225],[144.693625,-37.63221],[144.693595,-37.632379]]}]}