{"b":[{"h":6,"g":[[144.710678,-37.753662],[144.710733,-37.75367],[144.710739,-37.75364],[144.710684,-37.753632],[144.710678,-37.753662]]},{"h":6,"g":[[144.710071,-37.753577],[144.710132,-37.753587],[144.71014,-37.753554],[144.710079,-37.753544],[144.710071,-37.753577]]},{"h":6,"g":[[144.690307,-37.765034],[144.690357,-37.765036],[144.690351,-37.765089],[144.690476,-37.765104],[144.690463,-37.765209],[144.690676,-37.765229],[144.690652,-37.765304],[144.690994,-37.765285],[144.69098,-37.765179],[144.691064,-37.765174],[144.691055,-37.765074],[144.690934,-37.765063],[144.690941,-37.764968],[144.690852,-37.764962],[144.690852,-37.764937],[144.69071,-37.764924],[144.690672,-37.764951],[144.690616,-37.764948],[144.690619,-37.764915],[144.690536,-37.764909],[144.690492,-37.764941],[144.690442,-37.764934],[144.690401,-37.764961],[144.690317,-37.764954],[144.690307,-37.765034]]},{"h":6,"g":[[144.697806,-37.756824],[144.697809,-37.75687],[144.697853,-37.756869],[144.697837,-37.756992],[144.697872,-37.756996],[144.69785,-37.757041],[144.697885,-37.757051],[144.697879,-37.757064],[144.697933,-37.757081],[144.69794,-37.757067],[144.698026,-37.757094],[144.698048,-37.75705],[144.697962,-37.757024],[144.69798,-37.756991],[144.69802,-37.756994],[144.698026,-37.756948],[144.698001,-37.756947],[144.698005,-37.75694],[144.697951,-37.756922],[144.697933,-37.756953],[144.697903,-37.75695],[144.697912,-37.756865],[144.698009,-37.756861],[144.698006,-37.756815],[144.697806,-37.756824]]}]}