{"b":[{"h":6,"g":[[144.645369,-37.545851],[144.645565,-37.545886],[144.645626,-37.545597],[144.645586,-37.545543],[144.645593,-37.545506],[144.645567,-37.545504],[144.645577,-37.545454],[144.645441,-37.54543],[144.645416,-37.545545],[144.645439,-37.545553],[144.645369,-37.545851]]},{"h":6,"g":[[144.645376,-37.546104],[144.645609,-37.546336],[144.645708,-37.546269],[144.645645,-37.54621],[144.645621,-37.546225],[144.645441,-37.546058],[144.645376,-37.546104]]},{"h":6,"g":[[144.638348,-37.555684],[144.638486,-37.555708],[144.638535,-37.55553],[144.638482,-37.555521],[144.638456,-37.555614],[144.638371,-37.5556],[144.638348,-37.555684]]},{"h":6,"g":[[144.638341,-37.555412],[144.638353,-37.555465],[144.638475,-37.555447],[144.638462,-37.555394],[144.638341,-37.555412]]}]}