{"b":[{"h":6,"g":[[144.643824,-37.720109],[144.64413,-37.720306],[144.644227,-37.720211],[144.643921,-37.720014],[144.643824,-37.720109]]}]}