{"b":[{"h":6,"g":[[144.64164,-37.665676],[144.641777,-37.66569],[144.641824,-37.665469],[144.641693,-37.665452],[144.64164,-37.665676]]},{"h":6,"g":[[144.641907,-37.665729],[144.642032,-37.665742],[144.642066,-37.665608],[144.641958,-37.665587],[144.641907,-37.665729]]},{"h":6,"g":[[144.629153,-37.656628],[144.629154,-37.656636],[144.629158,-37.656643],[144.629165,-37.656648],[144.629174,-37.656651],[144.629184,-37.656652],[144.629193,-37.65665],[144.629202,-37.656646],[144.629208,-37.65664],[144.629211,-37.656633],[144.629211,-37.656625],[144.629208,-37.656618],[144.629203,-37.656612],[144.629195,-37.656608],[144.629185,-37.656606],[144.629176,-37.656606],[144.629167,-37.656609],[144.629159,-37.656614],[144.629154,-37.656621],[144.629153,-37.656628]]}]}