{"b":[{"h":6,"g":[[144.624269,-37.612774],[144.624306,-37.612941],[144.624481,-37.61292],[144.624434,-37.612751],[144.624269,-37.612774]]},{"h":6,"g":[[144.623936,-37.613146],[144.624048,-37.613239],[144.624137,-37.613168],[144.624121,-37.613155],[144.624218,-37.613083],[144.624198,-37.613067],[144.624288,-37.612999],[144.62421,-37.612944],[144.624074,-37.613054],[144.624084,-37.613064],[144.624042,-37.613096],[144.624003,-37.61307],[144.623975,-37.613091],[144.624001,-37.613109],[144.623936,-37.613146]]}]}