{"b":[{"h":6,"g":[[144.645425,-37.581376],[144.645426,-37.581491],[144.645528,-37.58149],[144.645527,-37.581375],[144.645425,-37.581376]]}]}