{"b":[{"h":6,"g":[[144.624238,-37.86495],[144.624474,-37.86518],[144.624625,-37.865079],[144.624411,-37.864877],[144.624352,-37.864913],[144.624331,-37.864894],[144.624238,-37.86495]]}]}