{"b":[{"h":6,"g":[[144.642642,-37.792135],[144.642837,-37.792154],[144.642845,-37.792102],[144.642798,-37.792097],[144.642806,-37.792043],[144.642743,-37.792037],[144.642778,-37.791809],[144.642695,-37.791801],[144.642642,-37.792135]]}]}