{"b":[{"h":6,"g":[[144.637901,-37.843327],[144.638106,-37.843349],[144.63812,-37.843262],[144.637916,-37.843241],[144.637901,-37.843327]]},{"h":6,"g":[[144.636437,-37.849493],[144.637032,-37.849571],[144.637081,-37.849341],[144.636945,-37.849323],[144.636941,-37.849345],[144.636639,-37.849305],[144.636675,-37.849136],[144.636614,-37.849128],[144.636627,-37.84907],[144.636529,-37.849057],[144.636437,-37.849493]]}]}