{"b":[{"h":6,"g":[[144.62755,-37.828194],[144.627936,-37.828244],[144.628046,-37.827748],[144.627649,-37.827695],[144.62755,-37.828194]]},{"h":6,"g":[[144.628858,-37.828755],[144.628985,-37.828771],[144.62923,-37.827607],[144.629103,-37.827591],[144.628858,-37.828755]]},{"h":6,"g":[[144.626802,-37.829733],[144.627177,-37.829785],[144.627191,-37.829723],[144.626815,-37.829671],[144.626802,-37.829733]]}]}