{"n":{"rail":[[[144.99995,-37.44774],[144.99393,-37.48176]],[[144.99389,-37.48176],[144.99991,-37.44774]],[[145.00001,-37.44775],[144.99454,-37.47897]]],"freeway":[[[144.97969,-37.44949],[144.9727,-37.45996]],[[144.97245,-37.45971],[144.97751,-37.45202]]]}}