{"n":{"rail":[[[144.99995,-37.44774],[144.99393,-37.48176]],[[144.99389,-37.48176],[144.99991,-37.44774]],[[145.00001,-37.44775],[144.99454,-37.47897]]],"freeway":[[[144.98126,-37.44671],[144.98147,-37.44803],[144.98096,-37.44948],[144.97789,-37.45229],[144.97577,-37.45503]],[[144.98083,-37.4472],[144.97969,-37.44949],[144.9727,-37.45996]],[[144.97245,-37.45971],[144.97751,-37.45202]],[[144.97801,-37.45136],[144.98069,-37.44642]],[[144.97801,-37.45136],[144.97973,-37.44762]],[[144.97751,-37.45202],[144.97801,-37.45136]]]}}