{"n":{"rail":[[[144.99635,-37.76726],[144.99943,-37.75017]],[[144.99951,-37.75018],[144.99639,-37.76731]]],"tram":[[[144.99498,-37.75199],[144.98978,-37.77613]],[[144.99484,-37.75257],[144.99483,-37.75236]],[[144.99871,-37.752],[144.99742,-37.75186]],[[144.99749,-37.75184],[144.99872,-37.75197]],[[144.99394,-37.75526],[144.99494,-37.75202]],[[144.99494,-37.75202],[144.99468,-37.75172]],[[144.99538,-37.75166],[144.99498,-37.75199]],[[144.99742,-37.75186],[144.99569,-37.75169]],[[144.99473,-37.7517],[144.99516,-37.75165]],[[144.99516,-37.75168],[144.99468,-37.75172]],[[144.99494,-37.75202],[144.99516,-37.75165]],[[144.99473,-37.7517],[144.99498,-37.75199]],[[144.99926,-37.7499],[144.99616,-37.74957],[144.99557,-37.75103]],[[144.99557,-37.75103],[144.99598,-37.75083]],[[144.98812,-37.75094],[144.99473,-37.7517]],[[144.99468,-37.75172],[144.98807,-37.75097]],[[144.98807,-37.75097],[144.9915,-37.72972]],[[144.9915,-37.72972],[144.98812,-37.75094]],[[144.97805,-37.74319],[144.9764,-37.7526],[144.97494,-37.75653]],[[144.97805,-37.74319],[144.97807,-37.74305]],[[144.9749,-37.75652],[144.97636,-37.75259],[144.97805,-37.74319]],[[144.99601,-37.75062],[144.9973,-37.75074]],[[144.99687,-37.75176],[144.9966,-37.75177]],[[144.99602,-37.74986],[144.99781,-37.74995]],[[144.99716,-37.74998],[144.99752,-37.75001]],[[144.99593,-37.75],[144.99681,-37.74994]],[[144.9976,-37.74993],[144.99719,-37.74998]],[[144.99676,-37.74971],[144.99655,-37.74969]],[[144.99897,-37.75011],[144.99707,-37.74974]],[[144.99655,-37.74973],[144.99594,-37.74996]],[[144.99704,-37.74978],[144.99655,-37.74973]],[[144.99601,-37.74977],[144.99625,-37.74966]],[[144.97807,-37.74305],[144.97812,-37.74275]],[[144.99516,-37.75165],[144.99687,-37.75176]],[[144.9954,-37.75166],[144.99516,-37.75168]],[[144.99673,-37.75182],[144.99642,-37.75175]],[[144.99687,-37.75176],[144.99695,-37.75177]],[[144.99695,-37.75177],[144.99749,-37.75184]],[[144.99714,-37.75186],[144.99617,-37.75176]],[[144.99569,-37.75169],[144.9954,-37.75166]],[[144.99704,-37.74978],[144.99897,-37.75013]],[[144.99864,-37.75181],[144.99695,-37.75177]],[[144.99662,-37.75112],[144.99549,-37.75126]],[[144.99663,-37.75107],[144.99555,-37.75117]],[[144.99557,-37.75103],[144.99518,-37.75164]],[[144.99674,-37.75029],[144.99581,-37.75034]],[[144.99608,-37.75018],[144.99648,-37.75022]],[[144.9975,-37.75014],[144.99674,-37.75007]],[[144.99617,-37.75001],[144.99599,-37.74982]],[[144.99585,-37.75023],[144.9965,-37.75013]],[[144.9965,-37.75009],[144.99609,-37.75005]],[[144.99751,-37.7501],[144.99675,-37.75003]],[[144.99681,-37.74994],[144.99716,-37.74998]],[[144.99873,-37.75165],[144.99751,-37.75137]],[[144.99849,-37.75139],[144.99753,-37.7513]],[[144.99726,-37.75123],[144.99661,-37.75116]],[[144.99662,-37.75112],[144.99726,-37.75118]],[[144.99755,-37.75116],[144.9982,-37.75123]],[[144.99728,-37.75109],[144.99664,-37.75103]],[[144.99728,-37.75105],[144.99664,-37.75099]],[[144.99641,-37.75088],[144.99598,-37.75083]],[[144.99597,-37.75088],[144.9964,-37.75092]],[[144.99642,-37.75083],[144.99598,-37.75079]],[[144.99643,-37.75075],[144.996,-37.7507]],[[144.99599,-37.75075],[144.99642,-37.75079]],[[144.99733,-37.75079],[144.99601,-37.75066]],[[144.99751,-37.75137],[144.99725,-37.75135]],[[144.99725,-37.75135],[144.99546,-37.75137]],[[144.99544,-37.75141],[144.99569,-37.75169]],[[144.99707,-37.74971],[144.99897,-37.75015]],[[144.99552,-37.75128],[144.9967,-37.75129]],[[144.99661,-37.75121],[144.99554,-37.75125]],[[144.99677,-37.74989],[144.99604,-37.74989]],[[144.99674,-37.75033],[144.99739,-37.7504]],[[144.99612,-37.74992],[144.99653,-37.74996]],[[144.99624,-37.7498],[144.99781,-37.7499]],[[144.99655,-37.74965],[144.99707,-37.74971]],[[144.99707,-37.74974],[144.99676,-37.74971]],[[144.99655,-37.74969],[144.99625,-37.74966]],[[144.99625,-37.74966],[144.99655,-37.74965]],[[144.99649,-37.75018],[144.99608,-37.75014]],[[144.99652,-37.75],[144.99589,-37.75009]],[[144.99651,-37.75005],[144.99588,-37.75014]],[[144.9971,-37.7501],[144.99748,-37.7501]],[[144.99661,-37.75116],[144.99557,-37.75114]],[[144.99664,-37.75103],[144.99553,-37.75115]],[[144.99597,-37.75088],[144.99559,-37.75105]],[[144.99664,-37.75099],[144.99563,-37.75101]],[[144.99598,-37.75079],[144.99567,-37.75089]],[[144.99599,-37.75075],[144.99564,-37.75093]],[[144.99606,-37.75031],[144.99648,-37.75036]],[[144.99732,-37.75061],[144.99603,-37.75048]],[[144.99731,-37.75065],[144.99603,-37.75053]],[[144.99731,-37.7507],[144.99602,-37.75057]],[[144.99572,-37.75075],[144.99601,-37.75066]],[[144.996,-37.7507],[144.99569,-37.75078]],[[144.99725,-37.75127],[144.99661,-37.75121]],[[144.99753,-37.7513],[144.99725,-37.75127]],[[144.99819,-37.75132],[144.99753,-37.75125]],[[144.99753,-37.75125],[144.99726,-37.75123]],[[144.99754,-37.75121],[144.9982,-37.75128]],[[144.99726,-37.75118],[144.99754,-37.75121]],[[144.99663,-37.75107],[144.99727,-37.75114]],[[144.99727,-37.75114],[144.99755,-37.75116]],[[144.99756,-37.75112],[144.99728,-37.75109]],[[144.99756,-37.75108],[144.99728,-37.75105]],[[144.99729,-37.75101],[144.99757,-37.75104]],[[144.99665,-37.75094],[144.99729,-37.75101]],[[144.9964,-37.75092],[144.99665,-37.75094]],[[144.99758,-37.75099],[144.9973,-37.75096]],[[144.9973,-37.75096],[144.99666,-37.7509]],[[144.99666,-37.7509],[144.99641,-37.75088]],[[144.99758,-37.75095],[144.99731,-37.75092]],[[144.99731,-37.75092],[144.99666,-37.75086]],[[144.99666,-37.75086],[144.99642,-37.75083]],[[144.99731,-37.75088],[144.99759,-37.7509]],[[144.99667,-37.75081],[144.99731,-37.75088]],[[144.99642,-37.75079],[144.99667,-37.75081]],[[144.9976,-37.75086],[144.99732,-37.75083]],[[144.99732,-37.75083],[144.99668,-37.75077]],[[144.99668,-37.75077],[144.99643,-37.75075]],[[144.9976,-37.75082],[144.99733,-37.75079]],[[144.99562,-37.75089],[144.99601,-37.75062]],[[144.99602,-37.75057],[144.99574,-37.75066]],[[144.99603,-37.75053],[144.99566,-37.75076]],[[144.99603,-37.75048],[144.99571,-37.75062]],[[144.99578,-37.75043],[144.99606,-37.75031]],[[144.99677,-37.75016],[144.99742,-37.75022]],[[144.99742,-37.75022],[144.99749,-37.75023]],[[144.99673,-37.75015],[144.99677,-37.75016]],[[144.99747,-37.75036],[144.9974,-37.75036]],[[144.9974,-37.75036],[144.99674,-37.75029]],[[144.99605,-37.75022],[144.99674,-37.75033]],[[144.99739,-37.7504],[144.99746,-37.7504]],[[144.99676,-37.7502],[144.99741,-37.75027]],[[144.99741,-37.75027],[144.99748,-37.75027]],[[144.99672,-37.7502],[144.99676,-37.7502]],[[144.99675,-37.75025],[144.9974,-37.75031]],[[144.9974,-37.75031],[144.99748,-37.75032]],[[144.99671,-37.75024],[144.99675,-37.75025]]],