{"n":{"rail":[[[144.99425,-37.77183],[144.99635,-37.76726],[144.99943,-37.75017]],[[144.99951,-37.75018],[144.99639,-37.76731],[144.99427,-37.7719]]],"tram":[[[144.99498,-37.75199],[144.98978,-37.77613]],[[144.98036,-37.76677],[144.98028,-37.76722]],[[144.97355,-37.80559],[144.98028,-37.76722]],[[144.98975,-37.77607],[144.99394,-37.75526],[144.99494,-37.75202]],[[144.99922,-37.7685],[144.99738,-37.77752]],[[144.9764,-37.7526],[144.97494,-37.75653]],[[144.9749,-37.75652],[144.97636,-37.75259]],[[144.98048,-37.76608],[144.98036,-37.76677]],[[144.98043,-37.76608],[144.98036,-37.76677]],[[144.98028,-37.76722],[144.97363,-37.80561]],[[144.99734,-37.77752],[144.99918,-37.76849]]],"freeway":[[[144.99159,-37.76844],[144.99027,-37.77481]],[[144.99296,-37.75969],[144.99315,-37.75876]],[[144.99315,-37.75876],[144.99318,-37.75861]],[[144.99356,-37.75881],[144.99333,-37.75974]],[[144.99213,-37.7658],[144.99175,-37.76582]],[[144.99411,-37.75616],[144.99356,-37.75881]],[[144.99121,-37.76839],[144.9915,-37.76705]],[[144.99196,-37.76669],[144.99159,-37.76844]],[[144.99108,-37.76897],[144.99121,-37.76839]],[[144.98989,-37.775],[144.99108,-37.76897]],[[144.99333,-37.75974],[144.99196,-37.76669]],[[144.99318,-37.75861],[144.99369,-37.75611]],[[144.9915,-37.76705],[144.99296,-37.75969]],[[144.99488,-37.75327],[144.99456,-37.75429]],[[144.99416,-37.75434],[144.99468,-37.75262]],[[144.99386,-37.75526],[144.99416,-37.75434]],[[144.99456,-37.75429],[144.99428,-37.75529]],[[144.99428,-37.75529],[144.99411,-37.75616]],[[144.99369,-37.75611],[144.99386,-37.75526]]]}}