{"n":{"rail":[[[144.99631,-37.78562],[144.99581,-37.78677]],[[144.99504,-37.78505],[144.9952,-37.78521]],[[144.99716,-37.78426],[144.99631,-37.78562]],[[144.99115,-37.78064],[144.99075,-37.78125],[144.9909,-37.78194],[144.99329,-37.7838]],[[144.99229,-37.77974],[144.99115,-37.78064]],[[144.9952,-37.78521],[144.99573,-37.78681]],[[144.99556,-37.78803],[144.99507,-37.79077]],[[144.99565,-37.7873],[144.99556,-37.78803]],[[144.99573,-37.78681],[144.99624,-37.78559]],[[144.99553,-37.78773],[144.99565,-37.7873]],[[144.99502,-37.79087],[144.99553,-37.78773]],[[144.99499,-37.78508],[144.99316,-37.78375]],[[144.99108,-37.78065],[144.99224,-37.77973]],[[144.99708,-37.78423],[144.99931,-37.78053]],[[144.99624,-37.78559],[144.99708,-37.78423]],[[144.99553,-37.78773],[144.99568,-37.78635],[144.99516,-37.78525]],[[144.99516,-37.78525],[144.99499,-37.78508]],[[144.99724,-37.78398],[144.99761,-37.78348]],[[144.99224,-37.77973],[144.99279,-37.7787],[144.99425,-37.77183],[144.99635,-37.76726]],[[144.99565,-37.7873],[144.99573,-37.78681]],[[144.99581,-37.78677],[144.99556,-37.78803]],[[144.99639,-37.76731],[144.99427,-37.7719],[144.99283,-37.77874],[144.99229,-37.77974]],[[144.99925,-37.78066],[144.99716,-37.78426]],[[144.99312,-37.78372],[144.99084,-37.78193],[144.99069,-37.7813],[144.99108,-37.78065]],[[144.99338,-37.78386],[144.99504,-37.78505]],[[144.99316,-37.78375],[144.99312,-37.78372]],[[144.99329,-37.7838],[144.99338,-37.78386]]],"tram":[[[144.99498,-37.75199],[144.98978,-37.77613],[144.98924,-37.77705]],[[144.97679,-37.808],[144.98037,-37.78743]],[[144.97355,-37.80559],[144.98028,-37.76722]],[[144.98921,-37.77704],[144.98975,-37.77607],[144.99394,-37.75526]],[[144.98924,-37.77705],[144.98902,-37.77731]],[[144.98899,-37.7773],[144.98921,-37.77704]],[[144.98041,-37.78744],[144.97654,-37.80829]],[[144.99525,-37.78499],[144.99582,-37.78444]],[[144.99586,-37.78445],[144.99528,-37.78501]],[[144.99582,-37.78444],[144.9971,-37.7788]],[[144.99922,-37.7685],[144.99738,-37.77752]],[[144.98028,-37.76722],[144.97363,-37.80561]],[[144.99187,-37.78819],[144.99525,-37.78499]],[[144.99528,-37.78501],[144.99194,-37.78819]],[[144.98902,-37.77731],[144.98041,-37.78744]],[[144.98037,-37.78743],[144.98899,-37.7773]],[[144.9971,-37.7788],[144.99734,-37.77752]],[[144.99734,-37.77752],[144.99918,-37.76849]],[[144.99738,-37.77752],[144.99713,-37.77881]],[[144.99713,-37.77881],[144.99586,-37.78445]],[[144.9943,-37.7859],[144.99413,-37.78612]],[[144.97797,-37.78087],[144.97797,-37.78108]],[[144.99007,-37.77459],[144.99007,-37.77438]]],"freeway":[[[144.98096,-37.78666],[144.98122,-37.78636]],[[144.989,-37.77731],[144.98922,-37.77705]],[[144.98818,-37.77826],[144.98859,-37.77778]],[[144.98962,-37.77634],[144.98989,-37.775]],[[144.99159,-37.76844],[144.99027,-37.77481]],[[144.99023,-37.77503],[144.98989,-37.775]],[[144.98922,-37.77705],[144.98934,-37.77686]],[[144.98978,-37.77656],[144.98967,-37.77668]],[[144.98967,-37.77668],[144.98922,-37.77705]],[[144.98954,-37.77657],[144.98962,-37.77634]],[[144.98934,-37.77686],[144.98946,-37.77669]],[[144.9899,-37.77639],[144.98962,-37.77634]],[[144.9899,-37.77639],[144.98978,-37.77656]],[[144.98144,-37.7861],[144.98178,-37.7857]],[[144.98183,-37.78563],[144.98384,-37.78331]],[[144.98871,-37.77764],[144.989,-37.77731]],[[144.98384,-37.78331],[144.98638,-37.78034]],[[144.98052,-37.78741],[144.98025,-37.78813]],[[144.98014,-37.7885],[144.9803,-37.78737]],[[144.98978,-37.77656],[144.98962,-37.77634]],[[144.98178,-37.7857],[144.98183,-37.78563]],[[144.98859,-37.77778],[144.98871,-37.77764]],[[144.98989,-37.775],[144.99108,-37.76897]],[[144.99027,-37.77481],[144.99017,-37.77534]],[[144.99017,-37.77534],[144.99006,-37.77594]],[[144.98668,-37.78],[144.98749,-37.77906]],[[144.98638,-37.78034],[144.98668,-37.78]],[[144.98772,-37.7788],[144.98818,-37.77826]],[[144.98749,-37.77906],[144.98772,-37.7788]],[[144.99006,-37.77594],[144.98999,-37.77617]],[[144.98999,-37.77617],[144.9899,-37.77639]],[[144.98949,-37.77664],[144.98978,-37.77656]],[[144.9803,-37.78737],[144.98096,-37.78666]],[[144.98096,-37.78666],[144.98052,-37.78741]],[[144.98949,-37.77664],[144.98954,-37.77657]],[[144.98122,-37.78636],[144.98144,-37.7861]],[[144.98989,-37.775],[144.99023,-37.77501]],[[144.98946,-37.77669],[144.98949,-37.77664]]]}}