{"n":{"rail":[[[144.99734,-37.87996],[144.99358,-37.87262]],[[144.99349,-37.87236],[144.99329,-37.87088]],[[144.99358,-37.87262],[144.99349,-37.87236]],[[144.99332,-37.87058],[144.99361,-37.86892]],[[144.99329,-37.87088],[144.99331,-37.87066]],[[144.99365,-37.8687],[144.99418,-37.86582]],[[144.99362,-37.86888],[144.99365,-37.8687]],[[144.99423,-37.86582],[144.99369,-37.8687]],[[144.99365,-37.86892],[144.99336,-37.87061]],[[144.99369,-37.8687],[144.99366,-37.86888]],[[144.99335,-37.87067],[144.99334,-37.87088]],[[144.99334,-37.87088],[144.99353,-37.87235]],[[144.99353,-37.87235],[144.99363,-37.87263]],[[144.99363,-37.87263],[144.99735,-37.87991]],[[144.99422,-37.86563],[144.99473,-37.86284]],[[144.99418,-37.86582],[144.99422,-37.86563]],[[144.99473,-37.86284],[144.99489,-37.86198]],[[144.99493,-37.86178],[144.99481,-37.8599],[144.99396,-37.85824]],[[144.99489,-37.86198],[144.99493,-37.86178]],[[144.99396,-37.85824],[144.99358,-37.85768]],[[144.99358,-37.85768],[144.99261,-37.85653]],[[144.99262,-37.85649],[144.99363,-37.85768]],[[144.99401,-37.85824],[144.99487,-37.85994],[144.99497,-37.86178]],[[144.99363,-37.85768],[144.99401,-37.85824]],[[144.99426,-37.86563],[144.99423,-37.86582]],[[144.99477,-37.86284],[144.99426,-37.86563]],[[144.99493,-37.86198],[144.99477,-37.86284]],[[144.99497,-37.86178],[144.99493,-37.86198]],[[144.99336,-37.87061],[144.99335,-37.87067]],[[144.99331,-37.87066],[144.99332,-37.87058]],[[144.99361,-37.86892],[144.99362,-37.86888]],[[144.99366,-37.86888],[144.99365,-37.86892]]],"tram":[[[144.99363,-37.85793],[144.99396,-37.85798]],[[144.98278,-37.85611],[144.98692,-37.86774]],[[144.98689,-37.86775],[144.98275,-37.85612]],[[144.98254,-37.85679],[144.97868,-37.85901]],[[144.98705,-37.86795],[144.99688,-37.88357]],[[144.9874,-37.86796],[144.99945,-37.86949]],[[144.98692,-37.86774],[144.9874,-37.86796]],[[144.98741,-37.86799],[144.98689,-37.86775]],[[144.98983,-37.87103],[144.99248,-37.85648]],[[144.99945,-37.86952],[144.98741,-37.86799]],[[144.99251,-37.8565],[144.98981,-37.87136]],[[144.99008,-37.86832],[144.99038,-37.86815]],[[144.99041,-37.86819],[144.99013,-37.86835]],[[144.98981,-37.87136],[144.98981,-37.87115]],[[144.9897,-37.87222],[144.98969,-37.8718]],[[144.98981,-37.87136],[144.98976,-37.87161]],[[144.98972,-37.87184],[144.98974,-37.87222]],[[144.98996,-37.87258],[144.98981,-37.8724]],[[144.99228,-37.85766],[144.99002,-37.85659]],[[144.99217,-37.85841],[144.99217,-37.85821]],[[144.99396,-37.85798],[145.0115,-37.86034]],[[144.99399,-37.85801],[144.99366,-37.85796]],[[144.99327,-37.85791],[144.99354,-37.85791]],[[145.01079,-37.86029],[144.99399,-37.85801]],[[144.97865,-37.85898],[144.98276,-37.85666]],[[144.97453,-37.85647],[144.97722,-37.85888],[144.9776,-37.85965]],[[144.97868,-37.85901],[144.9776,-37.85965]],[[144.97754,-37.85964],[144.97711,-37.85881],[144.9745,-37.85649]],[[144.97754,-37.85964],[144.97865,-37.85898]],[[144.97737,-37.86707],[144.97537,-37.86637]],[[144.97973,-37.86857],[144.97853,-37.86731],[144.97737,-37.86707]],[[144.97738,-37.86704],[144.97854,-37.86727],[144.9799,-37.8687]],[[144.97657,-37.86683],[144.97627,-37.86675]],[[144.97539,-37.86634],[144.97738,-37.86704]],[[144.97738,-37.86704],[144.97948,-37.86691],[144.9874,-37.86796]],[[144.98741,-37.86799],[144.97955,-37.86695],[144.97737,-37.86707]],[[144.99684,-37.88359],[144.98701,-37.86794]],[[144.9776,-37.85965],[144.97275,-37.86265]],[[144.97271,-37.86265],[144.97754,-37.85964]],[[144.98701,-37.86794],[144.98689,-37.86775]],[[144.98692,-37.86774],[144.98705,-37.86795]],[[144.99366,-37.85796],[144.99228,-37.85766]],[[144.99229,-37.85764],[144.99363,-37.85793]],[[144.98969,-37.8718],[144.98981,-37.87115]],[[144.98976,-37.87161],[144.98972,-37.87184]],[[144.97988,-37.86873],[144.97973,-37.86857]],[[144.97988,-37.86873],[144.97976,-37.86855]],[[144.98029,-37.86912],[144.9799,-37.8687]],[[144.9799,-37.8687],[144.97973,-37.86857]],[[144.98026,-37.86914],[144.97988,-37.86873]],[[144.97761,-37.86711],[144.97789,-37.86711]],[[144.9899,-37.85653],[144.99229,-37.85764]],[[144.97883,-37.86696],[144.97913,-37.86691]],[[144.97722,-37.85888],[144.97698,-37.8587]],[[144.98981,-37.87115],[144.98983,-37.87103]]],