{"n":{"rail":[[[144.99734,-37.87996],[144.99358,-37.87262]],[[144.99874,-37.8819],[144.99746,-37.88014]],[[144.99746,-37.88014],[144.99734,-37.87996]],[[144.99363,-37.87263],[144.99735,-37.87991]],[[144.99747,-37.88009],[144.99872,-37.8818]],[[144.99735,-37.87991],[144.99747,-37.88009]]],"tram":[[[144.98705,-37.86795],[144.99688,-37.88357]],[[144.99684,-37.88359],[144.98701,-37.86794]],[[145.00026,-37.88421],[144.9973,-37.88381]],[[144.99726,-37.88378],[145.00023,-37.88417]],[[144.99688,-37.88357],[144.99726,-37.88378]],[[144.9973,-37.88381],[144.99684,-37.88359]],[[144.99623,-37.88256],[144.99608,-37.88238]]],"freeway":[[[144.99723,-37.8838],[144.99742,-37.88406]],[[144.99687,-37.88381],[144.99646,-37.88327]],[[144.99636,-37.88311],[144.99465,-37.8802]],[[144.99218,-37.87632],[144.99238,-37.87628]],[[144.99693,-37.88339],[144.99723,-37.8838]],[[144.99344,-37.87801],[144.9933,-37.87806]],[[144.99237,-37.87663],[144.99221,-37.87637]],[[144.99231,-37.87616],[144.99238,-37.87628]],[[144.99568,-37.88158],[144.99555,-37.88163]],[[144.99755,-37.88454],[144.99736,-37.88432]],[[144.9973,-37.8841],[144.99722,-37.8838]],[[144.99708,-37.88407],[144.99687,-37.88381]],[[144.99269,-37.87682],[144.99403,-37.87893]],[[144.99736,-37.88432],[144.9973,-37.8841]],[[144.99429,-37.87962],[144.99407,-37.87929]],[[144.99403,-37.87893],[144.99444,-37.87961]],[[144.99444,-37.87961],[144.99483,-37.88023]],[[144.99465,-37.8802],[144.99429,-37.87962]],[[144.99483,-37.88023],[144.99665,-37.88303]],[[144.99407,-37.87929],[144.99244,-37.87673]],[[144.99139,-37.87475],[144.99231,-37.87616]],[[144.99218,-37.87632],[144.99192,-37.87586]],[[144.99742,-37.88406],[144.99756,-37.88422]],[[144.99192,-37.87586],[144.99112,-37.87457]],[[144.99244,-37.87673],[144.99237,-37.87663]],[[144.99238,-37.87628],[144.99269,-37.87682]],[[144.99684,-37.88325],[144.99693,-37.88339]],[[144.99665,-37.88303],[144.99678,-37.88317]],[[144.99678,-37.88317],[144.99684,-37.88325]],[[144.99646,-37.88327],[144.99636,-37.88311]],[[144.99717,-37.88415],[144.99708,-37.88407]],[[144.99736,-37.88432],[144.99717,-37.88415]],[[144.99772,-37.88473],[144.99755,-37.88454]],[[144.99442,-37.87957],[144.99429,-37.87962]],[[144.99431,-37.87966],[144.99444,-37.87961]],[[144.99238,-37.87628],[144.99221,-37.87637]],[[144.99221,-37.87637],[144.99218,-37.87632]]]}}