{"n":{"rail":[[[144.99498,-37.7961],[144.99434,-37.79978]],[[144.99523,-37.79465],[144.99498,-37.7961]],[[144.99381,-37.80429],[144.99368,-37.80503]],[[144.99383,-37.80415],[144.99381,-37.80429]],[[144.99368,-37.80503],[144.99365,-37.80523]],[[144.99365,-37.80523],[144.99331,-37.80721]],[[144.99429,-37.80006],[144.9942,-37.80061]],[[144.99434,-37.79978],[144.99429,-37.80006]],[[144.9942,-37.80061],[144.9942,-37.80072]],[[144.9942,-37.80072],[144.99421,-37.80127]],[[144.99422,-37.80139],[144.9942,-37.80194]],[[144.99421,-37.80127],[144.99422,-37.80139]],[[144.9942,-37.80194],[144.99418,-37.80204]],[[144.99418,-37.80204],[144.99411,-37.80253]],[[144.99411,-37.80253],[144.99408,-37.80273]],[[144.99408,-37.80273],[144.99383,-37.80415]],[[144.99556,-37.78803],[144.99507,-37.79077],[144.99523,-37.79237]],[[144.99528,-37.79261],[144.99535,-37.79375]],[[144.99523,-37.79237],[144.99528,-37.79261]],[[144.99533,-37.79395],[144.99523,-37.79465]],[[144.99535,-37.79375],[144.99533,-37.79395]],[[144.9953,-37.79375],[144.99524,-37.79261]],[[144.99524,-37.79261],[144.99519,-37.79236]],[[144.99505,-37.79163],[144.99506,-37.7911]],[[144.99506,-37.79093],[144.99506,-37.79046]],[[144.99519,-37.79236],[144.99502,-37.79087],[144.99553,-37.78773]],[[144.99414,-37.80204],[144.99415,-37.80194]],[[144.99416,-37.8006],[144.99426,-37.80006]],[[144.99426,-37.80006],[144.99431,-37.79978]],[[144.99379,-37.80415],[144.99403,-37.80272]],[[144.99327,-37.80721],[144.9936,-37.80522]],[[144.9936,-37.80522],[144.99364,-37.80502]],[[144.99377,-37.80429],[144.99379,-37.80415]],[[144.99403,-37.80272],[144.99407,-37.80252]],[[144.99416,-37.80126],[144.99415,-37.80071]],[[144.99415,-37.80194],[144.99417,-37.80142]],[[144.99528,-37.79395],[144.9953,-37.79375]],[[144.99517,-37.79464],[144.99528,-37.79395]],[[144.99493,-37.7961],[144.99517,-37.79464]],[[144.99431,-37.79978],[144.99493,-37.7961]],[[144.99468,-37.79756],[144.99466,-37.79792]],[[144.99528,-37.79465],[144.99536,-37.79419]],[[144.99499,-37.79636],[144.99503,-37.7961]],[[144.99503,-37.7961],[144.99528,-37.79465]],[[144.99417,-37.80142],[144.99416,-37.80126]],[[144.99415,-37.80071],[144.99416,-37.8006]],[[144.99407,-37.80252],[144.99414,-37.80204]],[[144.99499,-37.79636],[144.9946,-37.7983]],[[144.99364,-37.80502],[144.99377,-37.80429]],[[144.99475,-37.79769],[144.99508,-37.79645]]],"tram":[[[144.97679,-37.808],[144.98037,-37.78743]],[[144.97355,-37.80559],[144.98028,-37.76722]],[[144.98041,-37.78744],[144.97654,-37.80829]],[[144.98587,-37.79079],[144.98296,-37.80631]],[[144.98294,-37.80628],[144.98579,-37.79081]],[[144.98028,-37.76722],[144.97363,-37.80561]],[[144.98579,-37.79081],[144.99187,-37.78819],[144.99525,-37.78499]],[[144.99528,-37.78501],[144.99194,-37.78819],[144.98587,-37.79079]]],"freeway":[[[144.99346,-37.79648],[144.99348,-37.79608]],[[144.9828,-37.79346],[144.98399,-37.79358]],[[145.00001,-37.79568],[144.99708,-37.79595]],[[144.99458,-37.79587],[144.99389,-37.79577]],[[144.98912,-37.79414],[144.98984,-37.79423]],[[144.99348,-37.79608],[144.99356,-37.79568]],[[144.99403,-37.79449],[144.9941,-37.79463]],[[144.99325,-37.79792],[144.99345,-37.79794]],[[144.9937,-37.79491],[144.99364,-37.79471]],[[144.98252,-37.79378],[144.98163,-37.7937]],[[144.98512,-37.79406],[144.9848,-37.79402]],[[144.98518,-37.79371],[144.98731,-37.79392]],[[144.98985,-37.79456],[144.98865,-37.79443]],[[144.97984,-37.79351],[144.97942,-37.79346]],[[144.98814,-37.79437],[144.9874,-37.7943]],[[144.98865,-37.79443],[144.98821,-37.79438]],[[144.98392,-37.79393],[144.98252,-37.79378]],[[144.97935,-37.79313],[144.97947,-37.79314]],[[144.99313,-37.79861],[144.99325,-37.79792]],[[144.9929,-37.79983],[144.99299,-37.79939]],[[144.99569,-37.79526],[145.00081,-37.79517]],[[144.99197,-37.79519],[144.99061,-37.79468]],[[144.99663,-37.79505],[145.0008,-37.79512]],[[144.99345,-37.79794],[144.99342,-37.79812]],[[144.9928,-37.80168],[144.99236,-37.80423]],[[144.99356,-37.79568],[144.9937,-37.79491]],[[144.98672,-37.79423],[144.98604,-37.79416]],[[144.98553,-37.7941],[144.98512,-37.79406]],[[145.00001,-37.79568],[144.99563,-37.79563]],[[144.99272,-37.80095],[144.99282,-37.80034]],[[144.9793,-37.79345],[144.97823,-37.79334]],[[144.97921,-37.79311],[144.97935,-37.79313]],[[144.97977,-37.79071],[144.97941,-37.79282]],[[144.98052,-37.78741],[144.98025,-37.78813]],[[144.98014,-37.7885],[144.9803,-37.78737]],[[144.97935,-37.79313],[144.97934,-37.79322]],[[144.97624,-37.79312],[144.97591,-37.79309]],[[144.97565,-37.79291],[144.97584,-37.79291]],[[144.99206,-37.79493],[144.99256,-37.79504]],[[144.99098,-37.79461],[144.99193,-37.79501]],[[144.99429,-37.79477],[144.99663,-37.79505]],[[144.99392,-37.79588],[144.99371,-37.79607]],[[144.99587,-37.79593],[144.99489,-37.79587]],[[144.99256,-37.79504],[144.99376,-37.79512]],[[144.99376,-37.79512],[144.99569,-37.79526]],[[144.99563,-37.79563],[144.99374,-37.79544]],[[144.99374,-37.79544],[144.99316,-37.79538]],[[144.99341,-37.79696],[144.99346,-37.79648]],[[144.97978,-37.79317],[144.98262,-37.79345]],[[144.99458,-37.79587],[144.99392,-37.79588]],[[144.98826,-37.79403],[144.98912,-37.79414]],[[144.99204,-37.80498],[144.99245,-37.80247]],[[144.97562,-37.79307],[144.97486,-37.79301]],[[144.97646,-37.79289],[144.97729,-37.79291]],[[144.97584,-37.79291],[144.97646,-37.79289]],[[144.97724,-37.79324],[144.97624,-37.79312]],[[144.99299,-37.79939],[144.99313,-37.79861]],[[144.99305,-37.80017],[144.99295,-37.80078]],[[144.99371,-37.79607],[144.99359,-37.79698]],[[144.98163,-37.7937],[144.98084,-37.79362]],[[144.98433,-37.79362],[144.98518,-37.79371]],[[144.99267,-37.80127],[144.99272,-37.80095]],[[144.97729,-37.79291],[144.9786,-37.79305]],[[144.97941,-37.79282],[144.97937,-37.79305]],[[144.98052,-37.79358],[144.97984,-37.79351]],[[144.98262,-37.79345],[144.9828,-37.79346]],[[144.99224,-37.80499],[144.99204,-37.80611]],[[144.99192,-37.80564],[144.99199,-37.80526]],[[144.99199,-37.80526],[144.99204,-37.80498]],[[144.99236,-37.80423],[144.99229,-37.80465]],[[144.99229,-37.80465],[144.99224,-37.80499]],[[144.99253,-37.80199],[144.99259,-37.80166]],[[144.99283,-37.80147],[144.99263,-37.80146]],[[144.99311,-37.79985],[144.99305,-37.80017]],[[144.99282,-37.80034],[144.9929,-37.79983]],[[144.99325,-37.79792],[144.99333,-37.79747]],[[144.99342,-37.79812],[144.99319,-37.79938]],[[144.99319,-37.79938],[144.99311,-37.79985]],[[144.99333,-37.79747],[144.99336,-37.79723]],[[144.99336,-37.79723],[144.99339,-37.79704]],[[144.99356,-37.79715],[144.99348,-37.79769]],[[144.99339,-37.79704],[144.99341,-37.79696]],[[144.99364,-37.79471],[144.99345,-37.79464]],[[144.99345,-37.79464],[144.99202,-37.7945]],[[144.99202,-37.7945],[144.99164,-37.7947],[144.99206,-37.79493]],[[144.99414,-37.79469],[144.99429,-37.79477]],[[144.99359,-37.79698],[144.99356,-37.79715]],[[144.99348,-37.79769],[144.99345,-37.79794]],[[144.99348,-37.79769],[144.9933,-37.79767]],[[144.98984,-37.79423],[144.99049,-37.79437]],[[144.99061,-37.79468],[144.99002,-37.79457]],[[144.99283,-37.80147],[144.9928,-37.80168]],[[144.99259,-37.80166],[144.99267,-37.80127]],[[144.99245,-37.80247],[144.99253,-37.80199]],[[144.99285,-37.80134],[144.99283,-37.80147]],[[144.99295,-37.80078],[144.99285,-37.80134]],[[144.98731,-37.79392],[144.98819,-37.79402]],[[144.98399,-37.79358],[144.98433,-37.79362]],[[144.9786,-37.79305],[144.97882,-37.79307]],[[144.97509,-37.7929],[144.97565,-37.79291]],[[144.97823,-37.79334],[144.97724,-37.79324]],[[144.98084,-37.79362],[144.98052,-37.79358]],[[144.9848,-37.79402],[144.98392,-37.79393]],[[144.98578,-37.79413],[144.98553,-37.7941]],[[144.98604,-37.79416],[144.98578,-37.79413]],[[144.98821,-37.79438],[144.98814,-37.79437]],[[144.99049,-37.79437],[144.99098,-37.79461]],[[144.99002,-37.79457],[144.98985,-37.79456]],[[144.99193,-37.79501],[144.99256,-37.79504]],[[144.99389,-37.79577],[144.99378,-37.79573]],[[144.99316,-37.79538],[144.99197,-37.79519]],[[144.97932,-37.79331],[144.9793,-37.79345]],[[144.97934,-37.79322],[144.97932,-37.79331]],[[144.97937,-37.79305],[144.97935,