{"n":{"rail":[[[144.99865,-37.8433],[144.99565,-37.84204]],[[144.99478,-37.84174],[144.99275,-37.84084],[144.99219,-37.83917]],[[144.99566,-37.842],[144.99865,-37.84326]],[[144.99479,-37.84166],[144.99469,-37.84163]],[[144.99866,-37.84322],[144.99566,-37.84196]],[[144.99567,-37.84192],[144.99867,-37.84318]],[[144.99479,-37.8417],[144.99566,-37.842]],[[144.99566,-37.84196],[144.99479,-37.84166]],[[144.99565,-37.84204],[144.99478,-37.84174]],[[144.9948,-37.84162],[144.99567,-37.84192]],[[144.99224,-37.83917],[144.99286,-37.84089],[144.99479,-37.8417]],[[144.99237,-37.83919],[144.99293,-37.84057],[144.99471,-37.84159]],[[144.99141,-37.83967],[144.99311,-37.84088]],[[144.99309,-37.84092],[144.99137,-37.83975]],[[144.99311,-37.84088],[144.99406,-37.84136]],[[144.99404,-37.84139],[144.99309,-37.84092]],[[144.99469,-37.84163],[144.99281,-37.84078],[144.99232,-37.83918]],[[144.99471,-37.84159],[144.9948,-37.84162]],[[144.99406,-37.84136],[144.99471,-37.84159]],[[144.99469,-37.84163],[144.99404,-37.84139]],[[144.99358,-37.85768],[144.99261,-37.85653]],[[144.9924,-37.85635],[144.99135,-37.85556]],[[144.99261,-37.85653],[144.9924,-37.85635]],[[144.98965,-37.85282],[144.98955,-37.85145]],[[144.99135,-37.85556],[144.98991,-37.85364]],[[144.98991,-37.85364],[144.98967,-37.85292]],[[144.98967,-37.85292],[144.98965,-37.85282]],[[144.98965,-37.85069],[144.98995,-37.84887]],[[144.98955,-37.85145],[144.98957,-37.85126]],[[144.98995,-37.84887],[144.9917,-37.84028]],[[144.98957,-37.85126],[144.98965,-37.85069]],[[144.9917,-37.84028],[144.99196,-37.83913]],[[144.992,-37.83914],[144.99174,-37.84028]],[[144.99174,-37.84028],[144.98999,-37.84888]],[[144.98999,-37.84888],[144.98969,-37.85069]],[[144.98959,-37.85145],[144.98969,-37.85283]],[[144.99138,-37.85554],[144.99241,-37.85631]],[[144.98995,-37.85363],[144.99138,-37.85554]],[[144.99262,-37.85649],[144.99363,-37.85768]],[[144.99241,-37.85631],[144.99262,-37.85649]],[[144.98971,-37.85293],[144.98995,-37.85363]],[[144.98969,-37.85283],[144.98971,-37.85293]],[[144.98969,-37.85069],[144.98961,-37.85126]],[[144.98961,-37.85126],[144.98959,-37.85145]]],"tram":[[[144.98254,-37.85541],[144.98284,-37.85557]],[[144.98266,-37.85575],[144.98278,-37.85611]],[[144.98284,-37.85557],[144.98298,-37.85559]],[[144.98254,-37.85541],[144.98266,-37.85575]],[[144.98278,-37.85611],[144.98692,-37.86774]],[[144.98689,-37.86775],[144.98275,-37.85612]],[[144.98254,-37.85679],[144.97868,-37.85901]],[[144.98275,-37.85612],[144.98261,-37.85573]],[[144.98983,-37.87103],[144.99248,-37.85648]],[[144.99251,-37.8565],[144.98981,-37.87136]],[[144.99228,-37.85766],[144.99002,-37.85659],[144.98517,-37.85591]],[[144.98261,-37.85573],[144.9825,-37.8554]],[[144.98249,-37.85538],[144.98056,-37.85003]],[[144.98284,-37.8556],[144.9825,-37.8554]],[[144.97865,-37.85898],[144.98276,-37.85666],[144.98275,-37.85612]],[[144.97453,-37.85647],[144.97722,-37.85888]],[[144.97711,-37.85881],[144.9745,-37.85649]],[[144.99242,-37.83908],[145.02964,-37.84356]],[[144.99653,-37.83506],[144.99254,-37.85638]],[[144.98059,-37.85002],[144.98951,-37.85133]],[[144.98158,-37.8452],[144.99042,-37.84636]],[[144.97865,-37.84467],[144.98059,-37.85002]],[[144.98056,-37.85003],[144.97861,-37.84468]],[[144.98059,-37.85002],[144.98253,-37.85539]],[[144.98231,-37.85476],[144.98219,-37.85453]],[[144.97952,-37.84497],[144.9798,-37.84497]],[[145.02964,-37.84356],[144.99241,-37.8391]],[[144.99251,-37.85635],[144.99655,-37.83463]],[[144.99248,-37.85648],[144.99251,-37.85635]],[[144.99254,-37.85638],[144.99251,-37.8565]],[[144.99053,-37.84641],[144.99042,-37.84639]],[[144.99042,-37.84639],[144.98157,-37.84523]],[[144.99042,-37.84636],[144.99054,-37.84638]],[[144.99414,-37.84685],[145.01219,-37.84925]],[[145.01801,-37.85516],[144.98964,-37.85138]],[[144.98964,-37.85138],[144.98951,-37.85136]],[[144.98964,-37.85135],[145.01798,-37.85512]],[[144.98951,-37.85133],[144.98964,-37.85135]],[[144.98951,-37.85136],[144.98056,-37.85003]],[[145.01223,-37.84929],[144.99413,-37.84688]],[[144.99413,-37.84688],[144.99053,-37.84641]],[[144.99054,-37.84638],[144.99414,-37.84685]],[[144.97496,-37.83516],[144.97865,-37.84467]],[[144.97861,-37.84468],[144.97544,-37.83611]],[[144.98518,-37.85588],[144.9899,-37.85653],[144.99229,-37.85764]],[[144.98344,-37.85568],[144.98298,-37.85562]],[[144.98517,-37.85591],[144.98344,-37.85568]],[[144.98345,-37.85565],[144.98518,-37.85588]],[[144.98278,-37.85611],[144.98291,-37.85655],[144.98254,-37.85679]],[[144.98157,-37.84523],[144.98107,-37.84517]],[[144.97865,-37.84467],[144.98108,-37.84514]],[[144.98108,-37.84514],[144.98158,-37.8452]],[[144.98107,-37.84517],[144.97861,-37.84468]],[[144.98253,-37.85539],[144.98254,-37.85541]],[[144.9825,-37.8554],[144.98249,-37.85538]],[[144.98298,-37.85562],[144.98284,-37.8556]],[[144.98298,-37.85559],[144.98345,-37.85565]]],