{"b":[{"h":6,"g":[[145.197589,-37.498658],[145.197664,-37.498714],[145.197733,-37.498655],[145.197704,-37.498633],[145.197845,-37.498514],[145.197903,-37.498557],[145.197963,-37.498507],[145.197844,-37.498418],[145.197785,-37.498468],[145.197806,-37.498484],[145.1977,-37.498573],[145.197679,-37.498557],[145.197641,-37.498589],[145.197657,-37.498601],[145.197589,-37.498658]]}]}