{"b":[{"h":6,"g":[[145.203404,-37.733666],[145.203433,-37.733713],[145.203553,-37.733667],[145.203524,-37.73362],[145.203404,-37.733666]]},{"h":6,"g":[[145.214012,-37.729331],[145.214215,-37.729403],[145.21428,-37.729288],[145.214078,-37.729216],[145.214012,-37.729331]]},{"h":6,"g":[[145.206129,-37.728742],[145.206242,-37.728775],[145.206331,-37.728588],[145.206219,-37.728555],[145.206129,-37.728742]]}]}