{"b":[{"h":6,"g":[[145.206221,-37.656522],[145.206295,-37.656578],[145.206383,-37.656504],[145.206335,-37.656467],[145.206355,-37.65645],[145.20633,-37.656431],[145.206221,-37.656522]]}]}