{"b":[{"h":6,"g":[[145.20479,-37.767043],[145.204845,-37.76719],[145.205005,-37.767153],[145.20495,-37.767005],[145.20479,-37.767043]]},{"h":6,"g":[[145.205314,-37.768613],[145.205365,-37.768777],[145.20547,-37.768757],[145.20542,-37.768593],[145.205314,-37.768613]]},{"h":6,"g":[[145.199172,-37.764347],[145.199355,-37.764488],[145.19942,-37.764436],[145.199378,-37.764404],[145.199906,-37.763977],[145.199927,-37.763961],[145.199815,-37.763874],[145.199468,-37.764154],[145.199439,-37.764131],[145.199172,-37.764347]]}]}