{"b":[{"h":6,"g":[[145.211368,-38.327609],[145.211541,-38.327625],[145.211556,-38.327543],[145.211506,-38.327543],[145.21151,-38.327468],[145.211418,-38.327462],[145.211368,-38.327609]]},{"h":6,"g":[[145.211406,-38.327899],[145.211429,-38.327981],[145.211533,-38.327947],[145.211491,-38.327866],[145.211406,-38.327899]]},{"h":6,"g":[[145.212626,-38.32861],[145.212653,-38.328651],[145.212707,-38.328636],[145.212685,-38.328588],[145.212626,-38.32861]]}]}