{"b":[{"h":6,"g":[[145.572285,-37.685506],[145.5723,-37.685561],[145.572396,-37.685543],[145.57238,-37.685489],[145.572285,-37.685506]]}]}