{"b":[{"h":6,"g":[[145.590033,-37.803582],[145.590092,-37.803796],[145.590423,-37.803739],[145.590364,-37.803525],[145.590033,-37.803582]]},{"h":6,"g":[[145.590332,-37.803201],[145.590354,-37.803284],[145.590422,-37.803273],[145.590401,-37.80319],[145.590332,-37.803201]]},{"h":6,"g":[[145.590714,-37.803362],[145.590722,-37.803398],[145.590836,-37.803383],[145.590828,-37.803347],[145.590714,-37.803362]]},{"h":6,"g":[[145.590638,-37.803115],[145.590697,-37.803335],[145.590867,-37.803307],[145.590808,-37.803086],[145.590638,-37.803115]]}]}