{"b":[{"h":6,"g":[[145.576111,-37.899536],[145.576157,-37.899735],[145.576256,-37.899721],[145.57621,-37.899521],[145.576111,-37.899536]]},{"h":6,"g":[[145.576262,-37.899627],[145.576277,-37.899697],[145.576328,-37.89969],[145.576313,-37.89962],[145.576262,-37.899627]]},{"h":6,"g":[[145.576405,-37.899512],[145.576415,-37.899583],[145.576499,-37.899575],[145.576489,-37.899505],[145.576405,-37.899512]]}]}