{"b":[{"h":6,"g":[[145.584678,-37.775925],[145.584844,-37.775964],[145.584873,-37.775877],[145.58488,-37.775878],[145.585103,-37.775885],[145.585098,-37.775709],[145.584685,-37.775691],[145.584678,-37.775925]]},{"h":6,"g":[[145.585244,-37.775895],[145.585296,-37.776007],[145.585474,-37.775964],[145.58543,-37.775853],[145.585244,-37.775895]]}]}