{"b":[{"h":6,"g":[[145.576161,-37.837689],[145.576284,-37.837702],[145.57632,-37.837499],[145.576197,-37.837486],[145.576161,-37.837689]]},{"h":6,"g":[[145.586617,-37.837848],[145.586693,-37.837866],[145.586708,-37.837828],[145.586815,-37.837853],[145.586799,-37.837893],[145.586883,-37.837914],[145.586927,-37.8378],[145.586802,-37.83777],[145.586846,-37.837655],[145.586705,-37.837621],[145.586617,-37.837848]]}]}