{"b":[{"h":6,"g":[[145.572512,-38.054984],[145.572754,-38.055052],[145.572809,-38.054931],[145.572567,-38.054863],[145.572512,-38.054984]]}]}