{"b":[{"h":6,"g":[[145.569487,-38.032519],[145.569832,-38.032661],[145.569916,-38.032595],[145.56964,-38.032481],[145.569678,-38.032423],[145.569577,-38.032382],[145.569487,-38.032519]]},{"h":6,"g":[[145.570139,-38.032524],[145.57044,-38.03256],[145.57047,-38.0324],[145.570169,-38.032364],[145.570139,-38.032524]]}]}