{"b":[{"h":6,"g":[[145.569586,-38.34195],[145.569809,-38.342037],[145.56986,-38.341957],[145.569637,-38.34187],[145.569586,-38.34195]]}]}