{"b":[{"h":6,"g":[[145.569602,-38.374659],[145.569643,-38.374715],[145.5698,-38.374643],[145.569721,-38.374538],[145.569632,-38.374578],[145.56967,-38.374628],[145.569602,-38.374659]]},{"h":6,"g":[[145.569406,-38.374754],[145.569444,-38.374806],[145.569572,-38.374748],[145.569533,-38.374696],[145.569406,-38.374754]]},{"h":6,"g":[[145.56919,-38.374804],[145.56925,-38.374884],[145.569321,-38.374852],[145.569332,-38.374867],[145.569397,-38.374838],[145.569355,-38.374781],[145.569333,-38.374791],[145.569303,-38.374752],[145.56919,-38.374804]]}]}