{"b":[{"h":6,"g":[[144.467806,-37.39164],[144.467985,-37.391651],[144.468015,-37.391414],[144.467838,-37.391402],[144.467806,-37.39164]]}]}