{"b":[{"h":6,"g":[[144.470031,-37.376601],[144.470074,-37.376632],[144.470172,-37.376547],[144.470208,-37.376573],[144.47025,-37.376537],[144.470171,-37.37648],[144.470031,-37.376601]]}]}