{"b":[{"h":6,"g":[[144.459068,-37.309283],[144.459322,-37.309296],[144.459329,-37.309217],[144.459074,-37.309204],[144.459068,-37.309283]]},{"h":6,"g":[[144.465432,-37.316986],[144.465544,-37.317005],[144.46551,-37.31713],[144.465598,-37.317146],[144.465633,-37.31702],[144.465647,-37.317022],[144.465669,-37.316943],[144.465454,-37.316906],[144.465432,-37.316986]]},{"h":6,"g":[[144.465135,-37.317108],[144.465206,-37.317124],[144.46524,-37.317029],[144.465168,-37.317013],[144.465135,-37.317108]]},{"h":6,"g":[[144.4608,-37.3151],[144.460922,-37.315114],[144.460949,-37.314967],[144.460827,-37.314953],[144.4608,-37.3151]]}]}