{"b":[{"h":6,"g":[[144.466287,-37.545431],[144.466288,-37.545437],[144.46629,-37.545442],[144.466295,-37.545447],[144.466302,-37.54545],[144.466309,-37.545451],[144.466316,-37.54545],[144.466323,-37.545447],[144.466328,-37.545443],[144.466331,-37.545438],[144.466332,-37.545432],[144.46633,-37.545426],[144.466326,-37.545421],[144.46632,-37.545418],[144.466312,-37.545416],[144.466305,-37.545416],[144.466299,-37.545418],[144.466293,-37.545421],[144.466289,-37.545426],[144.466287,-37.545431]]},{"h":6,"g":[[144.466344,-37.545442],[144.466344,-37.545447],[144.466347,-37.545453],[144.466352,-37.545457],[144.466359,-37.545459],[144.466366,-37.54546],[144.466372,-37.545459],[144.466379,-37.545456],[144.466383,-37.545452],[144.466386,-37.545447],[144.466386,-37.545441],[144.466384,-37.545436],[144.46638,-37.545431],[144.466374,-37.545428],[144.466367,-37.545426],[144.46636,-37.545427],[144.466354,-37.545429],[144.466349,-37.545432],[144.466345,-37.545437],[144.466344,-37.545442]]},{"h":6,"g":[[144.466281,-37.54547],[144.466282,-37.545475],[144.466285,-37.54548],[144.46629,-37.545484],[144.466296,-37.545487],[144.466303,-37.545487],[144.46631,-37.545486],[144.466316,-37.545484],[144.466321,-37.545479],[144.466323,-37.545474],[144.466323,-37.545468],[144.466321,-37.545463],[144.466317,-37.545459],[144.466311,-37.545455],[144.466304,-37.545454],[144.466298,-37.545454],[144.466291,-37.545456],[144.466286,-37.54546],[144.466283,-37.545464],[144.466281,-37.54547]]},{"h":6,"g":[[144.466333,-37.545481],[144.466334,-37.545486],[144.466336,-37.545491],[144.466341,-37.545495],[144.466348,-37.545498],[144.466355,-37.545499],[144.466361,-37.545498],[144.466368,-37.545495],[144.466372,-37.545491],[144.466375,-37.545485],[144.466375,-37.54548],[144.466373,-37.545474],[144.466369,-37.54547],[144.466363,-37.545467],[144.466356,-37.545465],[144.466349,-37.545466],[144.466343,-37.545468],[144.466338,-37.545471],[144.466334,-37.545476],[144.466333,-37.545481]]}]}