{"b":[{"h":6,"g":[[144.467032,-37.542778],[144.467061,-37.542817],[144.467121,-37.54283],[144.467161,-37.54279],[144.467156,-37.542754],[144.467121,-37.542724],[144.467092,-37.542724],[144.467053,-37.542743],[144.467032,-37.542778]]}]}