{"b":[{"h":6,"g":[[144.458137,-37.7488],[144.459129,-37.748998],[144.459269,-37.74856],[144.458977,-37.748502],[144.458938,-37.748624],[144.458596,-37.748556],[144.458638,-37.748425],[144.458343,-37.748366],[144.458304,-37.748489],[144.458241,-37.748477],[144.458137,-37.7488]]}]}