{"b":[{"h":3.467,"g":[[144.455,-38.080444],[144.45523,-38.080456],[144.455233,-38.080421],[144.455394,-38.080429],[144.45539,-38.080482],[144.455573,-38.080491],[144.455584,-38.080363],[144.455513,-38.080359],[144.455521,-38.080253],[144.455419,-38.080248],[144.455422,-38.080213],[144.455111,-38.080197],[144.455105,-38.080276],[144.455014,-38.080272],[144.455,-38.080444]]},{"h":3,"g":[[144.456496,-38.081897],[144.45656,-38.081957],[144.456611,-38.081923],[144.456546,-38.081863],[144.456496,-38.081897]]},{"h":3.813,"g":[[144.454943,-38.079406],[144.455149,-38.079676],[144.455298,-38.079605],[144.455149,-38.07941],[144.455098,-38.079434],[144.455042,-38.079359],[144.454943,-38.079406]]},{"h":6,"g":[[144.454757,-38.080827],[144.455348,-38.080856],[144.455361,-38.080516],[144.454775,-38.080485],[144.454757,-38.080827]]}]}