{"n":{"rail":[[[145.54565,-38.08039],[145.54892,-38.08022],[145.593,-38.08284]],[[145.57112,-38.08157],[145.54816,-38.08026],[145.53592,-38.08193]]],"freeway":[[[145.53727,-38.07513],[145.55543,-38.07178]],[[145.56643,-38.06932],[145.57,-38.0691]],[[145.56808,-38.06938],[145.56466,-38.07013],[145.5635,-38.07107],[145.56316,-38.07206]],[[145.55543,-38.07178],[145.55909,-38.07026]],[[145.55909,-38.07026],[145.55963,-38.06976]],[[145.56002,-38.07069],[145.56023,-38.07064]],[[145.5601,-38.07087],[145.53256,-38.0765]],[[145.56035,-38.07131],[145.56013,-38.07128]],[[145.56023,-38.07064],[145.56643,-38.06932]],[[145.55963,-38.06976],[145.55989,-38.06896]],[[145.56013,-38.07128],[145.55644,-38.07173]],[[145.56032,-38.07081],[145.5601,-38.07087]],[[145.55543,-38.07178],[145.56002,-38.07069]],[[145.56808,-38.06938],[145.56032,-38.07081]],[[145.56266,-38.07235],[145.56035,-38.07131]],[[145.56039,-38.06868],[145.56278,-38.06965],[145.56615,-38.06936]],[[145.57197,-38.06941],[145.56808,-38.06938]]]}}