{"n":{"rail":[[[145.36527,-38.05058],[145.37116,-38.05291],[145.37812,-38.05876],[145.38067,-38.06017],[145.40738,-38.06544]],[[145.40737,-38.06547],[145.38079,-38.06025],[145.37809,-38.05879],[145.37113,-38.05294],[145.36517,-38.0507]]],"freeway":[[[145.37421,-38.06495],[145.36884,-38.06259]],[[145.37104,-38.06106],[145.37174,-38.06255],[145.373,-38.06391]],[[145.37005,-38.06021],[145.37127,-38.06074]],[[145.37169,-38.06085],[145.37124,-38.06142]],[[145.37948,-38.068],[145.37483,-38.06537],[145.36967,-38.06167]],[[145.3699,-38.06159],[145.37436,-38.06482],[145.37948,-38.06773]]]}}