{"n":{"rail":[[[145.38067,-38.06017],[145.40738,-38.06544]],[[145.40737,-38.06547],[145.38079,-38.06025]]],"freeway":[[[145.38209,-38.06923],[145.37948,-38.068]],[[145.38209,-38.06897],[145.38293,-38.06934]],[[145.37948,-38.06773],[145.38209,-38.06897]],[[145.39355,-38.07317],[145.39096,-38.07286]],[[145.38293,-38.06934],[145.38606,-38.07029]],[[145.38913,-38.07233],[145.38771,-38.07155]],[[145.38816,-38.07093],[145.39146,-38.07234]],[[145.38293,-38.06934],[145.38778,-38.07123],[145.39355,-38.07286]],[[145.39515,-38.07339],[145.38874,-38.07174],[145.38209,-38.06923]],[[145.38771,-38.07155],[145.38617,-38.07086]],[[145.37948,-38.068],[145.37483,-38.06537]],[[145.37436,-38.06482],[145.37948,-38.06773]]]}}