{"b":[{"h":6,"g":[[145.370832,-37.646966],[145.37088,-37.647],[145.370832,-37.647042],[145.370913,-37.6471],[145.371019,-37.647007],[145.370885,-37.646917],[145.370832,-37.646966]]},{"h":6,"g":[[145.37049,-37.646907],[145.370647,-37.647017],[145.370735,-37.646937],[145.370599,-37.646843],[145.370571,-37.646868],[145.370548,-37.646852],[145.37049,-37.646907]]}]}