{"b":[{"h":6,"g":[[145.355261,-37.615506],[145.355322,-37.615559],[145.355596,-37.615366],[145.355521,-37.615311],[145.355261,-37.615506]]},{"h":6,"g":[[145.355928,-37.614818],[145.355947,-37.614943],[145.356036,-37.614931],[145.35602,-37.614812],[145.355928,-37.614818]]}]}