{"b":[{"h":6,"g":[[145.350449,-37.666641],[145.350551,-37.66681],[145.351363,-37.666503],[145.351261,-37.666334],[145.350449,-37.666641]]},{"h":6,"g":[[145.36032,-37.671721],[145.36043,-37.67175],[145.360451,-37.671703],[145.360341,-37.671673],[145.36032,-37.671721]]}]}