{"b":[{"h":6,"g":[[145.370385,-37.661166],[145.370578,-37.661199],[145.370587,-37.661166],[145.370638,-37.661174],[145.370658,-37.661101],[145.370414,-37.66106],[145.370385,-37.661166]]}]}