{"b":[{"h":6,"g":[[145.365074,-37.717007],[145.365187,-37.717778],[145.365594,-37.717791],[145.36548,-37.717019],[145.365074,-37.717007]]}]}