{"b":[{"h":6,"g":[[145.370433,-38.006465],[145.370435,-38.006471],[145.370438,-38.006475],[145.370444,-38.006478],[145.37045,-38.00648],[145.370457,-38.00648],[145.370464,-38.006479],[145.37047,-38.006475],[145.370473,-38.006471],[145.370475,-38.006465],[145.370475,-38.00646],[145.370472,-38.006455],[145.370467,-38.006451],[145.37046,-38.006448],[145.370453,-38.006447],[145.370447,-38.006448],[145.370441,-38.006451],[145.370436,-38.006455],[145.370433,-38.00646],[145.370433,-38.006465]]},{"h":6,"g":[[145.370426,-38.006505],[145.370428,-38.00651],[145.370432,-38.006515],[145.370437,-38.006518],[145.370444,-38.00652],[145.370451,-38.00652],[145.370457,-38.006518],[145.370463,-38.006515],[145.370467,-38.00651],[145.370469,-38.006505],[145.370468,-38.006499],[145.370465,-38.006494],[145.37046,-38.00649],[145.370454,-38.006488],[145.370447,-38.006487],[145.37044,-38.006488],[145.370434,-38.006491],[145.37043,-38.006495],[145.370427,-38.0065],[145.370426,-38.006505]]},{"h":6,"g":[[145.37042,-38.006545],[145.370422,-38.00655],[145.370425,-38.006554],[145.370431,-38.006558],[145.370437,-38.00656],[145.370444,-38.00656],[145.370451,-38.006558],[145.370456,-38.006555],[145.37046,-38.00655],[145.370462,-38.006544],[145.370461,-38.006539],[145.370459,-38.006534],[145.370454,-38.00653],[145.370447,-38.006527],[145.37044,-38.006526],[145.370434,-38.006527],[145.370428,-38.00653],[145.370423,-38.006534],[145.37042,-38.006539],[145.37042,-38.006545]]},{"h":6,"g":[[145.352026,-38.010909],[145.352103,-38.010953],[145.352135,-38.010918],[145.352289,-38.011006],[145.352311,-38.010983],[145.352377,-38.011021],[145.352428,-38.010965],[145.352361,-38.010926],[145.352372,-38.010914],[145.352154,-38.010788],[145.352071,-38.010877],[145.352061,-38.010871],[145.352026,-38.010909]]}]}