{"b":[{"h":6,"g":[[145.35478,-38.102677],[145.354792,-38.102759],[145.354822,-38.10283],[145.354887,-38.102814],[145.354902,-38.102835],[145.354946,-38.102895],[145.354994,-38.102928],[145.355066,-38.102956],[145.355139,-38.102978],[145.355194,-38.102991],[145.355187,-38.10305],[145.355278,-38.10305],[145.355381,-38.103037],[145.355463,-38.103009],[145.355536,-38.102964],[145.355593,-38.102913],[145.355644,-38.102842],[145.355673,-38.102771],[145.355688,-38.102672],[145.355507,-38.10265],[145.355501,-38.102687],[145.355488,-38.102749],[145.355454,-38.102799],[145.355406,-38.102835],[145.355351,-38.10287],[145.35529,-38.102892],[145.355219,-38.102897],[145.355152,-38.10289],[145.355085,-38.102864],[145.355032,-38.102825],[145.354998,-38.102771],[145.354986,-38.102723],[145.354977,-38.102687],[145.354988,-38.102627],[145.355017,-38.102586],[145.355051,-38.102551],[145.355091,-38.10252],[145.35515,-38.102498],[145.35523,-38.102488],[145.355339,-38.102506],[145.355364,-38.102346],[145.355248,-38.102329],[145.355133,-38.102338],[145.355015,-38.102374],[145.354933,-38.102419],[145.35487,-38.10247],[145.354834,-38.102521],[145.354803,-38.102594],[145.35478,-38.102677]]},{"h":6,"g":[[145.364422,-38.112816],[145.364685,-38.11285],[145.364786,-38.112368],[145.364522,-38.112334],[145.364422,-38.112816]]},{"h":6,"g":[[145.364129,-38.111887],[145.364652,-38.111952],[145.364716,-38.111629],[145.364841,-38.111644],[145.364915,-38.111279],[145.364267,-38.111198],[145.364129,-38.111887]]}]}