{"b":[{"h":6,"g":[[145.370137,-38.138168],[145.37084,-38.138259],[145.370885,-38.138044],[145.37075,-38.138026],[145.370729,-38.138124],[145.370162,-38.138051],[145.370137,-38.138168]]},{"h":6,"g":[[145.370564,-38.138776],[145.370714,-38.138797],[145.370803,-38.138408],[145.370592,-38.138378],[145.370565,-38.138496],[145.370626,-38.138505],[145.370564,-38.138776]]},{"h":6,"g":[[145.369817,-38.13896],[145.370449,-38.139049],[145.370458,-38.139003],[145.370437,-38.138923],[145.370135,-38.138886],[145.370193,-38.138521],[145.370015,-38.138487],[145.369987,-38.138636],[145.369891,-38.138627],[145.369817,-38.13896]]},{"h":6,"g":[[145.370472,-38.13894],[145.370503,-38.139051],[145.370644,-38.139068],[145.370707,-38.138835],[145.370546,-38.138817],[145.370521,-38.138937],[145.370472,-38.13894]]}]}