{"b":[{"h":6,"g":[[145.350919,-38.342323],[145.351021,-38.342341],[145.351052,-38.342228],[145.35095,-38.34221],[145.350919,-38.342323]]},{"h":6,"g":[[145.350898,-38.342466],[145.351028,-38.342494],[145.351043,-38.342451],[145.350913,-38.342423],[145.350898,-38.342466]]}]}