{"b":[{"h":6,"g":[[145.354265,-38.360275],[145.354394,-38.360288],[145.354439,-38.360019],[145.35431,-38.360006],[145.354265,-38.360275]]},{"h":6,"g":[[145.354571,-38.363881],[145.354804,-38.363901],[145.354818,-38.363799],[145.354586,-38.363779],[145.354571,-38.363881]]},{"h":6,"g":[[145.354174,-38.364053],[145.354186,-38.36411],[145.35427,-38.364099],[145.354258,-38.364042],[145.354174,-38.364053]]}]}