{"t":[{"r":"WHITTLESEA-KINGLAKE ROAD","v":1507,"h":11,"c":[[145.3034,-37.49649],[145.30632,-37.49969],[145.31338,-37.5064],[145.31426,-37.50873],[145.31634,-37.51117]]},{"r":"WHITTLESEA-KINGLAKE ROAD","v":1509,"h":11,"c":[[145.31634,-37.51117],[145.31426,-37.50873],[145.31338,-37.5064],[145.30632,-37.49969],[145.3034,-37.49649]]}]}