{"t":[{"r":"SCOTT STREET","v":1008,"h":11,"c":[[145.30462,-37.56804],[145.30719,-37.56699],[145.30954,-37.56507],[145.31223,-37.56366],[145.31267,-37.56276],[145.3145,-37.56278],[145.31589,-37.56171],[145.31703,-37.5624],[145.31929,-37.56235],[145.31994,-37.56187]]},{"r":"HEIDELBERG-KINGLAKE ROAD","v":975,"h":12,"c":[[145.31994,-37.56187],[145.31929,-37.56235],[145.31712,-37.56242],[145.31573,-37.56171],[145.3153,-37.56237],[145.3145,-37.56278],[145.31253,-37.56283],[145.31223,-37.56366],[145.30954,-37.56507],[145.30719,-37.56699],[145.30446,-37.56818]]}]}