{"t":[{"r":"WHITTLESEA-KINGLAKE ROAD","v":1507,"h":11,"c":[[145.31426,-37.50873],[145.31634,-37.51117],[145.31678,-37.51635],[145.3175,-37.5186],[145.31824,-37.51979],[145.32062,-37.52223],[145.32254,-37.52305],[145.32704,-37.52287],[145.33097,-37.52461]]},{"r":"WHITTLESEA-KINGLAKE ROAD","v":1509,"h":11,"c":[[145.33113,-37.52466],[145.32704,-37.52287],[145.32254,-37.52305],[145.32062,-37.52223],[145.31824,-37.51979],[145.3175,-37.5186],[145.31678,-37.51635],[145.31634,-37.51117],[145.31426,-37.50873]]}]}