{"t":[{"r":"SCOTT STREET","v":1008,"h":11,"c":[[145.3145,-37.56278],[145.31589,-37.56171],[145.31703,-37.5624]]},{"r":"SCOTT STREET","v":1008,"h":11,"c":[[145.31929,-37.56235],[145.31994,-37.56187],[145.31991,-37.56104],[145.32092,-37.56117],[145.32151,-37.56076],[145.32164,-37.56013],[145.32275,-37.56028],[145.32383,-37.55953],[145.32483,-37.56054],[145.32603,-37.56027],[145.32655,-37.56145],[145.32917,-37.56094]]},{"r":"HEIDELBERG-KINGLAKE ROAD","v":975,"h":12,"c":[[145.32813,-37.56093],[145.32646,-37.56141],[145.32609,-37.56031],[145.32468,-37.56051],[145.32419,-37.55969],[145.32369,-37.55954],[145.32284,-37.56026],[145.32173,-37.56005],[145.32152,-37.56071],[145.32092,-37.56117],[145.31985,-37.56109],[145.31994,-37.56187],[145.31929,-37.56235]]},{"r":"HEIDELBERG-KINGLAKE ROAD","v":975,"h":12,"c":[[145.31712,-37.56242],[145.31573,-37.56171],[145.3153,-37.56237]]}]}