{"t":[{"r":"SYMONDS STREET","v":1391,"h":20,"c":[[145.3201,-37.64988],[145.32889,-37.64836]]},{"r":"SYMONDS STREET","v":1459,"h":6,"c":[[145.32889,-37.64836],[145.3201,-37.64988]]}]}