{"t":[{"r":"PAYNES ROAD","v":2773,"h":6,"c":[[145.30342,-37.73455],[145.32028,-37.73655]]},{"r":"PAYNES ROAD","v":2819,"h":6,"c":[[145.30342,-37.73455],[145.32028,-37.73655]]}]}