{"t":[{"r":"SYMONDS STREET","v":1391,"h":20,"c":[[145.30362,-37.65433],[145.30588,-37.65337],[145.30907,-37.65425],[145.31096,-37.65387],[145.31237,-37.65285],[145.31646,-37.6508],[145.31812,-37.65061],[145.3201,-37.64988],[145.32889,-37.64836]]},{"r":"SYMONDS STREET","v":1459,"h":6,"c":[[145.32889,-37.64836],[145.3201,-37.64988],[145.31812,-37.65061],[145.31646,-37.6508],[145.31237,-37.65285],[145.31096,-37.65387],[145.30907,-37.65425],[145.30588,-37.65337],[145.30362,-37.65433]]}]}