{"t":[{"r":"MOUNTAIN HIGHWAY","v":1137,"h":4,"c":[[145.31552,-37.85531],[145.31666,-37.85755],[145.31694,-37.85937],[145.31907,-37.85977],[145.32155,-37.86098],[145.32152,-37.86185],[145.31944,-37.86369],[145.31849,-37.86536],[145.32224,-37.86592],[145.32373,-37.86733],[145.32699,-37.86653],[145.32926,-37.86694]]},{"r":"BORONIA ROAD","v":5425,"h":3,"c":[[145.30028,-37.86205],[145.30847,-37.86126],[145.31434,-37.85744]]},{"r":"MOUNTAIN HIGHWAY","v":1168,"h":4,"c":[[145.32926,-37.86694],[145.32699,-37.86653],[145.32356,-37.8673],[145.32226,-37.86593],[145.31862,-37.8655],[145.31849,-37.86523],[145.31944,-37.86369],[145.32152,-37.86185],[145.32155,-37.86098],[145.31907,-37.85977],[145.31694,-37.85937],[145.31666,-37.85755],[145.31552,-37.85531]]},{"r":"BORONIA ROAD","v":5530,"h":4,"c":[[145.31441,-37.85735],[145.30847,-37.86126],[145.30028,-37.86205]]}]}