{"t":[{"r":"LIVERPOOL ROAD","v":4887,"h":6,"c":[[145.31681,-37.81816],[145.31872,-37.83172],[145.31873,-37.84028]]},{"r":"LIVERPOOL ROAD","v":4887,"h":6,"c":[[145.31681,-37.81816],[145.31872,-37.83172],[145.31873,-37.84028]]}]}