{"t":[{"r":"GLENFERN ROAD","v":3483,"h":6,"c":[[145.32789,-37.91858],[145.32402,-37.91921],[145.31573,-37.91383],[145.31251,-37.91094],[145.30722,-37.90807]]}]}