{"t":[{"r":"THOMPSONS ROAD","v":6748,"h":12,"c":[[145.29578,-38.08453],[145.33267,-38.08924]]},{"r":"THOMPSONS ROAD","v":6712,"h":9,"c":[[145.33267,-38.08924],[145.2977,-38.08481]]}]}