{"t":[{"r":"WELLINGTON ROAD","v":9817,"h":9,"c":[[145.30379,-37.9334],[145.31758,-37.9402],[145.32783,-37.94913]]},{"r":"WELLINGTON ROAD","v":10376,"h":11,"c":[[145.32783,-37.94913],[145.31758,-37.9402],[145.30379,-37.9334]]}]}