{"t":[{"r":"SLADEN STREET","v":4787,"h":11,"c":[[145.32716,-38.11874],[145.28973,-38.11389]]},{"r":"SLADEN STREET","v":5247,"h":13,"c":[[145.28973,-38.11389],[145.32716,-38.11874]]}]}