{"t":[{"r":"LOCK ROAD","v":860,"h":8,"c":[[145.29992,-38.46334],[145.30937,-38.46341]]},{"r":"LOCK ROAD","v":867,"h":8,"c":[[145.29992,-38.46334],[145.30937,-38.46341]]}]}