{"t":[{"r":"KYNETON-TRENTHAM ROAD","v":1781,"h":6,"c":[[144.37295,-37.34478],[144.36349,-37.36142],[144.35058,-37.37445]]},{"r":"TRENTHAM ROAD","v":1771,"h":7,"c":[[144.35058,-37.37445],[144.36349,-37.36142],[144.37295,-37.34478]]}]}