{"t":[{"r":"KYNETON-TRENTHAM ROAD","v":1781,"h":6,"c":[[144.38354,-37.34111],[144.38124,-37.34202],[144.37613,-37.3426],[144.37381,-37.34375],[144.37295,-37.34478],[144.36349,-37.36142]]},{"r":"TRENTHAM ROAD","v":1771,"h":7,"c":[[144.36349,-37.36142],[144.37295,-37.34478],[144.37381,-37.34375],[144.37613,-37.3426],[144.38124,-37.34202],[144.38354,-37.34111]]}]}