{"t":[{"r":"WESTERN FREEWAY","v":13376,"h":16,"c":[[144.35365,-37.63316],[144.36078,-37.63546]]},{"r":"WESTERN FREEWAY","v":12970,"h":16,"c":[[144.36078,-37.63546],[144.36368,-37.63725],[144.36613,-37.64001],[144.36733,-37.64304],[144.36729,-37.64785],[144.36798,-37.65067]]},{"r":"WESTERN FREEWAY","v":12970,"h":17,"c":[[144.3629,-37.63705],[144.36044,-37.63566],[144.35538,-37.63398]]},{"r":"WESTERN FREEWAY","v":12744,"h":19,"c":[[144.36845,-37.65247],[144.36697,-37.64867],[144.36708,-37.64401],[144.36663,-37.64193],[144.36551,-37.63971],[144.3629,-37.63705]]}]}