{"t":[{"r":"WESTERN FREEWAY","v":12970,"h":16,"c":[[144.36729,-37.64785],[144.36798,-37.65067],[144.36931,-37.65307],[144.37599,-37.66166],[144.37908,-37.6636],[144.38177,-37.66434],[144.3846,-37.66448]]},{"r":"WESTERN FREEWAY","v":12744,"h":19,"c":[[144.39288,-37.66429],[144.38209,-37.66469],[144.37873,-37.66377],[144.37573,-37.6619],[144.36845,-37.65247],[144.36697,-37.64867]]}]}