{"t":[{"r":"GEELONG-BACCHUS MARSH ROAD","v":6304,"h":9,"c":[[144.38756,-37.85822],[144.37819,-37.88373],[144.37718,-37.88516],[144.36806,-37.89193],[144.36736,-37.89313]]},{"r":"GEELONG-BACCHUS MARSH ROAD","v":6414,"h":6,"c":[[144.36736,-37.89313],[144.36806,-37.89193],[144.37718,-37.88516],[144.37819,-37.88373],[144.38756,-37.85822]]}]}