{"t":[{"r":"GEELONG-BACCHUS MARSH ROAD","v":6304,"h":9,"c":[[144.36806,-37.89193],[144.36736,-37.89313],[144.3675,-37.89429],[144.37076,-37.90144],[144.37105,-37.90314],[144.35202,-37.95602]]},{"r":"GEELONG-BACCHUS MARSH ROAD","v":6414,"h":6,"c":[[144.35202,-37.95602],[144.37105,-37.90314],[144.37076,-37.90144],[144.3675,-37.89429],[144.36736,-37.89313],[144.36806,-37.89193]]}]}