{"t":[{"r":"GEELONG-BACCHUS MARSH ROAD","v":6304,"h":9,"c":[[144.37105,-37.90314],[144.35202,-37.95602]]},{"r":"GEELONG-BACCHUS MARSH ROAD","v":6414,"h":6,"c":[[144.35202,-37.95602],[144.37105,-37.90314]]}]}