{"t":[{"r":"BARWON HEADS ROAD","v":6545,"h":9,"c":[[144.36485,-38.20301],[144.36843,-38.20809],[144.36898,-38.21215],[144.36774,-38.21746],[144.36777,-38.21846],[144.3734,-38.23085]]},{"r":"BARWON HEADS ROAD","v":12407,"h":6,"c":[[144.3734,-38.23085],[144.36777,-38.21846],[144.36774,-38.21746],[144.36898,-38.21215],[144.36843,-38.20809],[144.36485,-38.20301]]}]}