{"t":[{"r":"LOWER DUNEED ROAD","v":2648,"h":4,"c":[[144.35078,-38.25055],[144.39078,-38.25533]]},{"r":"BARWON HEADS ROAD","v":6545,"h":9,"c":[[144.37765,-38.23642],[144.3811,-38.23951],[144.38828,-38.25152]]},{"r":"BARWON HEADS ROAD","v":12407,"h":6,"c":[[144.3884,-38.25168],[144.3811,-38.23951],[144.37765,-38.23642]]},{"r":"LOWER DUNEED ROAD","v":2339,"h":13,"c":[[144.39078,-38.25533],[144.35078,-38.25055]]}]}