{"t":[{"r":"BARWON HEADS ROAD","v":6545,"h":9,"c":[[144.35782,-38.18999],[144.36059,-38.19546],[144.36258,-38.19793],[144.36485,-38.20301],[144.36843,-38.20809]]},{"r":"BARWON HEADS ROAD","v":12407,"h":6,"c":[[144.36843,-38.20809],[144.36485,-38.20301],[144.36258,-38.19793],[144.36067,-38.19558],[144.35782,-38.18999]]}]}