{"t":[{"r":"BARWON HEADS ROAD","v":6545,"h":9,"c":[[144.36777,-38.21846],[144.3734,-38.23085],[144.37765,-38.23642],[144.3811,-38.23951]]},{"r":"BARWON HEADS ROAD","v":12407,"h":6,"c":[[144.3811,-38.23951],[144.37765,-38.23642],[144.3734,-38.23085],[144.36777,-38.21846]]}]}