{"t":[{"r":"SCOTT STREET","v":1008,"h":11,"c":[[145.32655,-37.56145],[145.32917,-37.56094],[145.33111,-37.55984],[145.33035,-37.55843],[145.3306,-37.55793],[145.3317,-37.55762],[145.33364,-37.55766],[145.33399,-37.55707],[145.33526,-37.55669],[145.33714,-37.55551],[145.33792,-37.55431],[145.33813,-37.55146],[145.33747,-37.54796],[145.33743,-37.546],[145.33781,-37.54336]]},{"r":"HEIDELBERG-KINGLAKE ROAD","v":975,"h":12,"c":[[145.33781,-37.54336],[145.33743,-37.546],[145.33747,-37.54796],[145.33813,-37.55146],[145.33782,-37.5531],[145.33796,-37.55414],[145.33714,-37.55551],[145.33526,-37.55669],[145.33411,-37.557],[145.33364,-37.55766],[145.3317,-37.55762],[145.3306,-37.55793],[145.33032,-37.55833],[145.33105,-37.55996],[145.32898,-37.56101],[145.32813,-37.56093],[145.32646,-37.56141]]}]}