{"t":[{"r":"WHITTLESEA-KINGLAKE ROAD","v":1507,"h":11,"c":[[145.32704,-37.52287],[145.33097,-37.52461],[145.33398,-37.52506],[145.33509,-37.5256],[145.33765,-37.52895]]},{"r":"WHITTLESEA-KINGLAKE ROAD","v":1509,"h":11,"c":[[145.33765,-37.52895],[145.33509,-37.5256],[145.33398,-37.52506],[145.33113,-37.52466],[145.32704,-37.52287]]}]}