{"t":[{"r":"SYMONDS STREET","v":1391,"h":20,"c":[[145.3201,-37.64988],[145.32889,-37.64836],[145.33142,-37.64854],[145.33359,-37.64812],[145.33472,-37.64841],[145.33658,-37.64975]]},{"r":"SYMONDS STREET","v":1391,"h":20,"c":[[145.3487,-37.64958],[145.35155,-37.64781]]},{"r":"SYMONDS STREET","v":1459,"h":6,"c":[[145.35155,-37.64781],[145.3487,-37.64958]]},{"r":"SYMONDS STREET","v":1459,"h":6,"c":[[145.33658,-37.64975],[145.33472,-37.64841],[145.33359,-37.64812],[145.33142,-37.64854],[145.32889,-37.64836],[145.3201,-37.64988]]}]}