{"t":[{"r":"SYMONDS STREET","v":1391,"h":20,"c":[[145.3201,-37.64988],[145.32889,-37.64836]]},{"r":"SYMONDS STREET","v":1391,"h":20,"c":[[145.33472,-37.64841],[145.33658,-37.64975],[145.33966,-37.64982],[145.34164,-37.65036],[145.34227,-37.65086],[145.34319,-37.65252],[145.34523,-37.6531],[145.34782,-37.65106],[145.3487,-37.64958],[145.35155,-37.64781]]},{"r":"SYMONDS STREET","v":1459,"h":6,"c":[[145.35155,-37.64781],[145.3487,-37.64958],[145.34782,-37.65106],[145.34523,-37.6531],[145.34319,-37.65252],[145.34227,-37.65086],[145.34164,-37.65036],[145.33966,-37.64982],[145.33658,-37.64975],[145.33472,-37.64841]]},{"r":"SYMONDS STREET","v":1459,"h":6,"c":[[145.32889,-37.64836],[145.3201,-37.64988]]}]}