{"t":[{"r":"VICTORIA ROAD","v":2068,"h":6,"c":[[145.33734,-37.74556],[145.3427,-37.71673]]},{"r":"VICTORIA ROAD","v":1697,"h":6,"c":[[145.33734,-37.74556],[145.3427,-37.71673]]}]}