{"t":[{"r":"VICTORIA ROAD","v":2489,"h":6,"c":[[145.3427,-37.71673],[145.34596,-37.69521]]},{"r":"MACINTYRE LANE","v":2889,"h":6,"c":[[145.34596,-37.69521],[145.35949,-37.69667]]},{"r":"VICTORIA ROAD","v":2293,"h":6,"c":[[145.3427,-37.71673],[145.34596,-37.69521]]},{"r":"MACINTYRE LANE","v":2910,"h":6,"c":[[145.34596,-37.69521],[145.35949,-37.69667]]}]}