{"t":[{"r":"MOUNT DANDENONG TOURIST ROAD","v":2784,"h":5,"c":[[145.34948,-37.86875],[145.3442,-37.87258],[145.3428,-37.8754]]},{"r":"MOUNTAIN HIGHWAY","v":1137,"h":4,"c":[[145.32699,-37.86653],[145.32926,-37.86694],[145.33064,-37.8702],[145.33155,-37.87047],[145.33224,-37.86992],[145.33345,-37.87061],[145.33439,-37.87052],[145.33423,-37.8693],[145.33244,-37.86872],[145.33204,-37.86813],[145.3322,-37.86653],[145.33157,-37.86458],[145.33179,-37.86426],[145.33329,-37.86372],[145.3357,-37.86478],[145.33782,-37.86441],[145.3384,-37.8611],[145.33893,-37.86066],[145.34024,-37.86207],[145.34233,-37.86232],[145.34308,-37.86409],[145.34334,-37.86584],[145.34366,-37.86606],[145.34418,-37.86575],[145.34495,-37.8643],[145.34684,-37.86328],[145.34888,-37.86381],[145.35089,-37.86332]]},{"r":"MOUNTAIN HIGHWAY","v":1168,"h":4,"c":[[145.35089,-37.86332],[145.34888,-37.86381],[145.34787,-37.86377],[145.34684,-37.86328],[145.34508,-37.86416],[145.3437,-37.86608],[145.34334,-37.86584],[145.34308,-37.86409],[145.34233,-37.86232],[145.34024,-37.86207],[145.33893,-37.86066],[145.3384,-37.8611],[145.33782,-37.86441],[145.3357,-37.86478],[145.33329,-37.86372],[145.33179,-37.86426],[145.33157,-37.86458],[145.3322,-37.86653],[145.33204,-37.86813],[145.33244,-37.86872],[145.33413,-37.86924],[145.33439,-37.87052],[145.33345,-37.87061],[145.33224,-37.86992],[145.33155,-37.87047],[145.33064,-37.8702],[145.32926,-37.86694],[145.32699,-37.86653]]},{"r":"MOUNT DANDENONG TOURIST ROAD","v":2820,"h":5,"c":[[145.3428,-37.8754],[145.3442,-37.87258],[145.34948,-37.86875]]}]}