{"t":[{"r":"HULL ROAD","v":1655,"h":9,"c":[[145.32697,-37.77724],[145.33038,-37.77535]]},{"r":"MOOROOLBARK ROAD","v":3137,"h":1,"c":[[145.33431,-37.76114],[145.33235,-37.77138],[145.33007,-37.77413],[145.33,-37.77473],[145.33038,-37.77535]]},{"r":"HULL ROAD","v":1655,"h":9,"c":[[145.33038,-37.77535],[145.32697,-37.77724]]},{"r":"MOOROOLBARK ROAD","v":3691,"h":1,"c":[[145.33038,-37.77535],[145.33001,-37.7743],[145.33235,-37.77138],[145.33431,-37.76114]]}]}