{"t":[{"r":"GLENFERN ROAD","v":3483,"h":6,"c":[[145.3394,-37.90653],[145.33993,-37.91057],[145.33844,-37.91355],[145.33433,-37.91777],[145.33209,-37.91865],[145.32789,-37.91858],[145.32402,-37.91921]]}]}