{"t":[{"r":"BERWICK-CRANBOURNE ROAD","v":15904,"h":6,"c":[[145.33818,-38.05989],[145.33267,-38.08924]]},{"r":"BERWICK-CRANBOURNE ROAD","v":16936,"h":6,"c":[[145.33267,-38.08924],[145.33818,-38.05989]]}]}