{"t":[{"r":"BELGRAVE-HALLAM ROAD","v":8603,"h":11,"c":[[145.34772,-37.95405],[145.34385,-37.96199],[145.34238,-37.96317],[145.33922,-37.96386],[145.31893,-37.96637]]},{"r":"ABECKETT ROAD","v":828,"h":6,"c":[[145.31917,-37.97873],[145.33396,-37.98029]]},{"r":"BELGRAVE-HALLAM ROAD","v":8963,"h":10,"c":[[145.31893,-37.96637],[145.33912,-37.96387],[145.34238,-37.96317],[145.34385,-37.96199],[145.34772,-37.95405]]},{"r":"ABECKETT ROAD","v":732,"h":6,"c":[[145.31917,-37.97873],[145.33396,-37.98029]]}]}