{"t":[{"r":"SOUTH GIPPSLAND HIGHWAY","v":6466,"h":20,"c":[[145.33898,-38.18072],[145.32373,-38.16528]]},{"r":"SOUTH GIPPSLAND HIGHWAY","v":6348,"h":22,"c":[[145.32556,-38.16658],[145.35078,-38.19269]]},{"r":"TWYFORD ROAD","v":1735,"h":9,"c":[[145.33432,-38.13472],[145.4855,-38.15366]]},{"r":"TWYFORD ROAD","v":1654,"h":12,"c":[[145.4855,-38.15366],[145.33432,-38.13472]]}]}