{"t":[{"r":"SOUTH GIPPSLAND HIGHWAY","v":6466,"h":20,"c":[[145.35046,-38.19311],[145.33898,-38.18072],[145.32373,-38.16528]]},{"r":"SOUTH GIPPSLAND HIGHWAY","v":6348,"h":22,"c":[[145.32556,-38.16658],[145.35078,-38.19269]]}]}