{"t":[{"r":"BAXTER-TOORADIN ROAD","v":3931,"h":6,"c":[[145.31967,-38.19609],[145.32973,-38.19481],[145.33189,-38.19477],[145.34116,-38.19589],[145.34384,-38.19581],[145.3469,-38.195],[145.35046,-38.19311]]},{"r":"SOUTH GIPPSLAND HIGHWAY","v":6466,"h":20,"c":[[145.35046,-38.19311],[145.33898,-38.18072]]},{"r":"SOUTH GIPPSLAND HIGHWAY","v":6348,"h":22,"c":[[145.32556,-38.16658],[145.35078,-38.19269]]},{"r":"BAXTER-TOORADIN ROAD","v":3528,"h":6,"c":[[145.35046,-38.19311],[145.3469,-38.195],[145.34384,-38.19581],[145.34116,-38.19589],[145.33189,-38.19477],[145.32973,-38.19481],[145.31967,-38.19609]]}]}