{"t":[{"r":"SLADEN STREET","v":4787,"h":11,"c":[[145.32716,-38.11874],[145.28973,-38.11389]]},{"r":"BERWICK-CRANBOURNE ROAD","v":7277,"h":16,"c":[[145.33267,-38.08924],[145.33022,-38.10379],[145.32716,-38.11874]]},{"r":"SLADEN STREET","v":5247,"h":13,"c":[[145.28973,-38.11389],[145.32716,-38.11874]]},{"r":"BERWICK-CRANBOURNE ROAD","v":7806,"h":16,"c":[[145.32716,-38.11874],[145.33018,-38.10397],[145.33267,-38.08924]]}]}