{"t":[{"r":"PHILLIP ISLAND ROAD","v":6298,"h":12,"c":[[145.30721,-38.51411],[145.33405,-38.52108],[145.33776,-38.52052],[145.34083,-38.51968],[145.34271,-38.51675],[145.3442,-38.5158],[145.348,-38.51473],[145.35347,-38.51466]]},{"r":"PHILLIP ISLAND ROAD","v":6397,"h":14,"c":[[145.35347,-38.51466],[145.348,-38.51473],[145.3442,-38.5158],[145.34271,-38.51675],[145.34083,-38.51968],[145.33776,-38.52052],[145.33405,-38.52108],[145.30721,-38.51411]]}]}