{"t":[{"r":"HUME FREEWAY","v":15870,"h":19,"c":[[145.01246,-37.4063],[145.02123,-37.39757]]},{"r":"HUME FREEWAY","v":13941,"h":19,"c":[[145.02235,-37.39683],[145.01334,-37.40601]]}]}