{"t":[{"r":"WANDONG ROAD","v":2054,"h":9,"c":[[144.98716,-37.33886],[144.99836,-37.34542],[145.00049,-37.34724],[145.00393,-37.34792],[145.00863,-37.34743],[145.01533,-37.34796],[145.01802,-37.34873],[145.02135,-37.35065]]},{"r":"WANDONG ROAD","v":2116,"h":11,"c":[[145.02135,-37.35065],[145.01802,-37.34873],[145.01533,-37.34796],[145.00863,-37.34743],[145.00393,-37.34792],[145.00049,-37.34724],[144.99836,-37.34542],[144.98716,-37.33886]]}]}