{"t":[{"r":"DONNYBROOK ROAD","v":3412,"h":13,"c":[[145.03061,-37.54909],[144.95438,-37.54104]]},{"r":"DONNYBROOK ROAD","v":3624,"h":12,"c":[[144.95438,-37.54104],[145.03061,-37.54909]]}]}