{"t":[{"r":"EPPING ROAD","v":1648,"h":10,"c":[[145.0205,-37.43071],[145.01749,-37.43337],[145.01709,-37.43441],[145.01713,-37.43558],[145.01788,-37.43696],[145.02239,-37.4413]]},{"r":"EPPING ROAD","v":1601,"h":13,"c":[[145.02239,-37.4413],[145.01788,-37.43696],[145.01713,-37.43558],[145.01709,-37.43441],[145.01749,-37.43337],[145.0205,-37.43071]]}]}