{"t":[{"r":"COOPER STREET","v":20150,"h":10,"c":[[144.99471,-37.64852],[145.00563,-37.64976]]},{"r":"COOPER STREET","v":21094,"h":10,"c":[[145.00558,-37.65001],[144.99146,-37.64843]]}]}