{"t":[{"r":"CRAIGIEBURN ROAD","v":6167,"h":12,"c":[[145.03133,-37.60852],[144.99035,-37.60475]]},{"r":"CRAIGIEBURN ROAD","v":7094,"h":9,"c":[[144.99035,-37.60475],[145.03133,-37.60852]]}]}