{"t":[{"r":"BEACH ROAD","v":6900,"h":5,"c":[[145.01591,-37.9755],[145.0188,-37.98165],[145.02178,-37.98277]]},{"r":"BEACH ROAD","v":5600,"h":7,"c":[[145.02193,-37.98287],[145.0188,-37.98165],[145.01591,-37.9755]]}]}