{"t":[{"r":"WHITE HILL ROAD","v":2426,"h":5,"c":[[145.00615,-38.34653],[145.00725,-38.34837],[145.016,-38.3541],[145.01658,-38.35475],[145.01681,-38.35566],[145.01468,-38.3608]]},{"r":"WHITE HILL ROAD","v":2426,"h":5,"c":[[145.00882,-38.33217],[145.00615,-38.34653]]},{"r":"WHITE HILL ROAD","v":2422,"h":6,"c":[[145.01468,-38.3608],[145.01683,-38.35583],[145.01658,-38.35475],[145.016,-38.3541],[145.01046,-38.35029],[145.00774,-38.34877],[145.00666,-38.34774],[145.00615,-38.34653]]},{"r":"WHITE HILL ROAD","v":2422,"h":6,"c":[[145.00615,-38.34653],[145.00882,-38.33217]]}]}