{"t":[{"r":"SHOREHAM ROAD","v":819,"h":6,"c":[[145.02077,-38.38904],[145.0191,-38.38981],[145.01868,-38.39046],[145.01775,-38.39493]]},{"r":"TUCKS ROAD","v":3717,"h":6,"c":[[144.99454,-38.38741],[144.99791,-38.38926],[145.00073,-38.39388]]},{"r":"SHOREHAM ROAD","v":837,"h":6,"c":[[145.02077,-38.38904],[145.0191,-38.38981],[145.01868,-38.39046],[145.01775,-38.39493]]},{"r":"TUCKS ROAD","v":3717,"h":6,"c":[[144.99454,-38.38741],[144.99791,-38.38926],[145.00073,-38.39388]]}]}