{"t":[{"r":"MORNINGTON PENINSULA FREEWAY","v":17260,"h":8,"c":[[145.01973,-38.30941],[145.01252,-38.31685],[145.00794,-38.32044],[145.00229,-38.32368],[144.99405,-38.3273]]},{"r":"WHITE HILL ROAD","v":2426,"h":5,"c":[[145.02743,-38.31107],[145.01867,-38.31586],[145.01471,-38.32086],[145.0119,-38.32771]]},{"r":"NEPEAN HIGHWAY","v":2422,"h":6,"c":[[145.0119,-38.32771],[145.01471,-38.32086],[145.01867,-38.31586],[145.02743,-38.31107]]},{"r":"MORNINGTON PENINSULA FREEWAY","v":17928,"h":8,"c":[[144.99416,-38.32692],[145.00197,-38.3235],[145.00793,-38.32006],[145.01317,-38.31577],[145.02044,-38.30833]]}]}