{"t":[{"r":"FOREST DRIVE","v":3717,"h":6,"c":[[145.02435,-38.28901],[145.01506,-38.29096]]},{"r":"ESPLANADE","v":4746,"h":9,"c":[[145.002,-38.27127],[145.00148,-38.27439],[145.00172,-38.27545],[145.00083,-38.27644],[145.00048,-38.27752],[144.99385,-38.28361]]},{"r":"ESPLANADE","v":4865,"h":9,"c":[[144.99385,-38.28361],[145.0004,-38.27768],[145.00083,-38.27644],[145.00172,-38.27545],[145.00148,-38.27439],[145.002,-38.27127]]},{"r":"FOREST DRIVE","v":3717,"h":6,"c":[[145.02435,-38.28901],[145.01506,-38.29096]]}]}