{"t":[{"r":"TUCKS ROAD","v":3717,"h":6,"c":[[145.00441,-38.4075],[145.01164,-38.41198],[145.01546,-38.41308],[145.01923,-38.41659],[145.02231,-38.41747]]},{"r":"TUCKS ROAD","v":3717,"h":6,"c":[[145.00441,-38.4075],[145.01164,-38.41198],[145.01546,-38.41308],[145.01923,-38.41659],[145.02231,-38.41747]]}]}