{"t":[{"r":"FOREST DRIVE","v":3717,"h":6,"c":[[145.02435,-38.28901],[145.01506,-38.29096],[145.01027,-38.2934],[145.00317,-38.2987],[145.00258,-38.29883]]},{"r":"BRADFORD ROAD","v":3717,"h":6,"c":[[145.00257,-38.29883],[144.99884,-38.29859],[144.99635,-38.2988]]},{"r":"FOREST DRIVE","v":3717,"h":6,"c":[[145.02435,-38.28901],[145.01506,-38.29096],[145.01027,-38.2934],[145.00317,-38.2987],[145.00258,-38.29883]]}]}