{"t":[{"r":"MORNINGTON-FLINDERS ROAD","v":573,"h":12,"c":[[144.99117,-38.459],[145.00127,-38.47103]]},{"r":"MORNINGTON-FLINDERS ROAD","v":532,"h":14,"c":[[145.00127,-38.47103],[144.99117,-38.459]]}]}