{"n":{"rail":[[[144.84418,-37.74949],[144.82797,-37.76696]],[[144.84685,-37.74659],[144.85449,-37.7383]],[[144.84418,-37.74949],[144.84685,-37.74659]],[[144.84689,-37.74661],[144.85393,-37.73898]],[[144.84421,-37.74951],[144.84689,-37.74661]],[[144.85449,-37.7383],[144.85393,-37.73898]],[[144.83143,-37.76334],[144.84421,-37.74951]],[[144.85393,-37.73898],[144.86652,-37.72535]],[[144.85449,-37.7383],[144.86648,-37.72533]]],"freeway":[[[144.84181,-37.74477],[144.84751,-37.7417]],[[144.85277,-37.73967],[144.85231,-37.73966]],[[144.84751,-37.7417],[144.8493,-37.7397]],[[144.851,-37.73888],[144.8511,-37.73955],[144.85193,-37.73972]],[[144.85193,-37.73972],[144.85215,-37.73936]],[[144.85012,-37.73693],[144.85055,-37.73733]],[[144.84966,-37.73845],[144.84997,-37.73725]],[[144.85036,-37.73739],[144.85061,-37.73731]],[[144.85126,-37.73992],[144.84936,-37.74081]],[[144.85112,-37.73809],[144.85314,-37.73384]],[[144.84541,-37.74318],[144.84194,-37.74492]],[[144.8521,-37.73732],[144.851,-37.73888]],[[144.85322,-37.7344],[144.8521,-37.73732]],[[144.85073,-37.73862],[144.85112,-37.73809]],[[144.84751,-37.7417],[144.85073,-37.73862]],[[144.85124,-37.73826],[144.8505,-37.73926]],[[144.8505,-37.73926],[144.8482,-37.74147],[144.84541,-37.74318]],[[144.85061,-37.73731],[144.85189,-37.73633],[144.85314,-37.73384]],[[144.84997,-37.73725],[144.85003,-37.73713]],[[144.85244,-37.73952],[144.85231,-37.73966]],[[144.84966,-37.73845],[144.84979,-37.73764],[144.85019,-37.73745]],[[144.84958,-37.73897],[144.84966,-37.73845]],[[144.85231,-37.73966],[144.85126,-37.73992]],[[144.85193,-37.73972],[144.85232,-37.73946]],[[144.84936,-37.74081],[144.84541,-37.74318]],[[144.8493,-37.7397],[144.84958,-37.73897]],[[144.85322,-37.7344],[144.85124,-37.73826]]]}}