{"n":{"rail":[[[144.85393,-37.73898],[144.86652,-37.72535]],[[144.85449,-37.7383],[144.86648,-37.72533]]],"freeway":[[[144.86568,-37.72309],[144.86694,-37.72215]],[[144.86399,-37.72833],[144.86354,-37.72824]],[[144.86371,-37.72806],[144.86415,-37.72815]],[[144.86432,-37.72798],[144.8685,-37.72904]],[[144.86397,-37.72779],[144.86432,-37.72798]],[[144.86707,-37.72892],[144.8638,-37.72855]],[[144.8638,-37.72855],[144.86329,-37.72854]],[[144.859,-37.7268],[144.85985,-37.72618],[144.86122,-37.72596]],[[144.86576,-37.72326],[144.86162,-37.72643]],[[144.86329,-37.72854],[144.86245,-37.72864]],[[144.86331,-37.72718],[144.86397,-37.72779]],[[144.86122,-37.72596],[144.86276,-37.72656]],[[144.86354,-37.72824],[144.86217,-37.72796]],[[144.86217,-37.72796],[144.86178,-37.72789]],[[144.86178,-37.72789],[144.8603,-37.7276]],[[144.8603,-37.7276],[144.85974,-37.72748]],[[144.85974,-37.72748],[144.85894,-37.72732]],[[144.85855,-37.72724],[144.85265,-37.72633]],[[144.86229,-37.72777],[144.86371,-37.72806]],[[144.8409,-37.72075],[144.84501,-37.72411],[144.84922,-37.72563]],[[144.85863,-37.72706],[144.85903,-37.72714]],[[144.85903,-37.72714],[144.85996,-37.72731]],[[144.85996,-37.72731],[144.86053,-37.72742]],[[144.86053,-37.72742],[144.8619,-37.72769]],[[144.8619,-37.72769],[144.86229,-37.72777]],[[144.86248,-37.72643],[144.86152,-37.72841],[144.85923,-37.72893]],[[144.86245,-37.72864],[144.85996,-37.72901]],[[144.85798,-37.72843],[144.85671,-37.72741]],[[144.85879,-37.72883],[144.85798,-37.72843]],[[144.85522,-37.72639],[144.8581,-37.72682]],[[144.84501,-37.72411],[144.84644,-37.72466]],[[144.84946,-37.72667],[144.84877,-37.72617]],[[144.84771,-37.72505],[144.84841,-37.72515]],[[144.84974,-37.72507],[144.85074,-37.72562]],[[144.85894,-37.72732],[144.85855,-37.72724]],[[144.85872,-37.7269],[144.85918,-37.72692]],[[144.85939,-37.72691],[144.86102,-37.72632]],[[144.86247,-37.72556],[144.86568,-37.72309]],[[144.85747,-37.72958],[144.8545,-37.73208],[144.85322,-37.7344]],[[144.85141,-37.72598],[144.85484,-37.72634]],[[144.84866,-37.72614],[144.84672,-37.7254]],[[144.84899,-37.72589],[144.84406,-37.72393],[144.84066,-37.72097]],[[144.84525,-37.72469],[144.84319,-37.72336]],[[144.84672,-37.7254],[144.84525,-37.72469]],[[144.84689,-37.72481],[144.84771,-37.72505]],[[144.84771,-37.72505],[144.84884,-37.72526]],[[144.84841,-37.72515],[144.84956,-37.72508]],[[144.85226,-37.72591],[144.85484,-37.72634]],[[144.84947,-37.72633],[144.84877,-37.72617]],[[144.84884,-37.72526],[144.84954,-37.72536]],[[144.84971,-37.72539],[144.85074,-37.72562]],[[144.85112,-37.73809],[144.85314,-37.73384]],[[144.86313,-37.7249],[144.86568,-37.72309]],[[144.8558,-37.72703],[144.85202,-37.72649]],[[144.85671,-37.72741],[144.85508,-37.72669],[144.85058,-37.72615]],[[144.85314,-37.73384],[144.85456,-37.73167],[144.85733,-37.72949]],[[144.85202,-37.72649],[144.84965,-37.72636]],[[144.86162,-37.72643],[144.86026,-37.72746]],[[144.85991,-37.72772],[144.85875,-37.72862]],[[144.85977,-37.72763],[144.86004,-37.72741]],[[144.85875,-37.72862],[144.85747,-37.72958]],[[144.86026,-37.72746],[144.85991,-37.72772]],[[144.85798,-37.72875],[144.85825,-37.72844]],[[144.85554,-37.7308],[144.85798,-37.72875]],[[144.85733,-37.72949],[144.85858,-37.72853]],[[144.85858,-37.72853],[144.85977,-37.72763]],[[144.85322,-37.7344],[144.8521,-37.73732]],[[144.862,-37.72567],[144.86277,-37.72513]],[[144.86137,-37.7264],[144.86247,-37.72556]],[[144.86004,-37.72741],[144.86137,-37.7264]],[[144.86262,-37.72611],[144.86248,-37.72643]],[[144.86576,-37.72326],[144.86262,-37.72611]],[[144.85866,-37.72748],[144.859,-37.7268]],[[144.85825,-37.72844],[144.85866,-37.72748]],[[144.8501,-37.72609],[144.84899,-37.72589]],[[144.85265,-37.72633],[144.85058,-37.72615]],[[144.84922,-37.72563],[144.85004,-37.72578]],[[144.85004,-37.72578],[144.85141,-37.72598]],[[144.86707,-37.72892],[144.86399,-37.72833]],[[144.86415,-37.72815],[144.8685,-37.72904]],[[144.85189,-37.73633],[144.85314,-37.73384]],[[144.85923,-37.72893],[144.85879,-37.72883]],[[144.85793,-37.72847],[144.8558,-37.72703]],[[144.86245,-37.72864],[144.85966,-37.72927]],[[144.84644,-37.72466],[144.84689,-37.72481]],[[144.84877,-37.72617],[144.84866,-37.72614]],[[144.85074,-37.72562],[144.85226,-37.72591]],[[144.85785,-37.72969],[144.85503,-37.73152]],[[144.85899,-37.72941],[144.85785,-37.72969]],[[144.85966,-37.72927],[144.85899,-37.72941]],[[144.85996,-37.72901],[144.85875,-37.72888]],[[144.85875,-37.72888],[144.85793,-37.72847]],[[144.86276,-37.72656],[144.86331,-37.72718]],[[144.8581,-37.72682],[144.85872,-37.7269]],[[144.86277,-37.72513],[144.86313,-37.7249]],[[144.85918,-37.72692],[144.85939,-37.72691]],[[144.86102,-37.72632],[144.86135,-37.7261]],[[144.86135,-37.7261],[144.862,-37.72567]],[[144.85522,-37.72639],[144.85863,-37.72706]],[[144.85484,-37.72634],[144.85522,-37.72639]],[[144.85058,-37.72615],[144.8501,-37.72609]],[[144.85322,-37.7344],[144.85124,-37.73826]],[[144.85981,-37.72897],[144.85938,-37.729]]]}}