{"n":{"rail":[[[144.84888,-37.80823],[144.84436,-37.80379]],[[144.84732,-37.80674],[144.84807,-37.80791],[144.84788,-37.8093],[144.84525,-37.81116],[144.84424,-37.81139],[144.83596,-37.81083]],[[144.85495,-37.81415],[144.85545,-37.81454]],[[144.88255,-37.83541],[144.86205,-37.82059],[144.84907,-37.80842]],[[144.84888,-37.80823],[144.84445,-37.80371]],[[144.84907,-37.80842],[144.84888,-37.80823]]],"freeway":[[[144.84847,-37.81683],[144.85136,-37.81602]],[[144.84847,-37.81683],[144.8501,-37.81658]],[[144.84584,-37.81754],[144.84653,-37.81735]],[[144.8556,-37.8149],[144.85607,-37.81477]],[[144.85569,-37.81504],[144.85263,-37.81588]],[[144.8562,-37.8149],[144.85569,-37.81504]],[[144.85607,-37.81477],[144.85942,-37.81383]],[[144.85957,-37.81396],[144.8562,-37.8149]],[[144.84706,-37.81746],[144.84389,-37.81831]],[[144.84691,-37.81724],[144.84799,-37.81696]],[[144.8496,-37.81672],[144.84888,-37.81694]],[[144.8501,-37.81658],[144.8504,-37.81637]],[[144.85034,-37.81652],[144.85011,-37.81658]],[[144.85205,-37.81588],[144.8556,-37.8149]],[[144.84706,-37.81746],[144.84655,-37.81737]],[[144.84655,-37.81737],[144.84602,-37.81763]],[[144.86428,-37.81265],[144.86403,-37.81255]],[[144.86166,-37.81337],[144.86146,-37.81327]],[[144.86146,-37.81327],[144.86272,-37.81291]],[[144.86272,-37.81291],[144.86292,-37.81303]],[[144.84656,-37.81734],[144.84691,-37.81724]],[[144.8501,-37.81658],[144.8496,-37.81672]],[[144.86166,-37.81337],[144.85957,-37.81396]],[[144.85942,-37.81383],[144.86146,-37.81327]],[[144.84381,-37.81815],[144.84389,-37.81831]],[[144.85072,-37.81641],[144.85034,-37.81652]],[[144.85108,-37.81632],[144.85072,-37.81641]],[[144.84799,-37.81696],[144.84847,-37.81683]],[[144.85263,-37.81588],[144.85113,-37.81631]],[[144.84389,-37.81831],[144.84279,-37.81862]],[[144.84421,-37.81803],[144.84584,-37.81754]],[[144.8504,-37.81637],[144.85205,-37.81588]],[[144.86278,-37.81307],[144.86272,-37.81291]],[[144.86278,-37.81307],[144.86166,-37.81337]],[[144.86292,-37.81303],[144.86278,-37.81307]],[[144.86272,-37.81291],[144.86393,-37.81258]],[[144.86403,-37.81255],[144.86668,-37.81181]],[[144.86393,-37.81258],[144.86403,-37.81255]],[[144.86428,-37.81265],[144.86292,-37.81303]],[[144.86663,-37.812],[144.86428,-37.81265]],[[144.84655,-37.81737],[144.84653,-37.81735]],[[144.84602,-37.81763],[144.84477,-37.81807]],[[144.84656,-37.81734],[144.84655,-37.81737]],[[144.84653,-37.81735],[144.84656,-37.81734]],[[144.84888,-37.81694],[144.84706,-37.81746]],[[144.85136,-37.81602],[144.85205,-37.81588]],[[144.8501,-37.81658],[144.85011,-37.81658]],[[144.85011,-37.81658],[144.8501,-37.81658]],[[144.84017,-37.81919],[144.84421,-37.81803]],[[144.85113,-37.81631],[144.85108,-37.81632]]]}}