{"n":{"rail":[[[144.88255,-37.83541],[144.86205,-37.82059]]],"freeway":[[[144.84927,-37.82485],[144.84858,-37.82488]],[[144.85801,-37.82467],[144.84927,-37.82485]],[[144.84933,-37.82498],[144.84863,-37.82502]],[[144.84858,-37.82488],[144.84245,-37.82527]],[[144.84959,-37.82435],[144.85117,-37.82432]],[[144.85381,-37.82488],[144.85277,-37.82498]],[[144.84558,-37.82465],[144.84859,-37.82437]],[[144.84878,-37.82398],[144.84928,-37.82438]],[[144.86684,-37.82442],[144.86085,-37.82457]],[[144.85381,-37.82488],[144.84933,-37.82498]],[[144.85085,-37.82516],[144.84917,-37.82527]],[[144.85408,-37.82461],[144.86664,-37.82432]],[[144.84797,-37.82438],[144.84853,-37.82415]],[[144.84862,-37.82527],[144.84661,-37.82527]],[[144.85085,-37.82516],[144.84921,-37.82549]],[[144.85199,-37.82506],[144.85085,-37.82516]],[[144.87034,-37.82445],[144.86429,-37.82464]],[[144.86429,-37.82464],[144.86258,-37.82466]],[[144.86258,-37.82466],[144.8602,-37.82476]],[[144.84365,-37.82491],[144.84558,-37.82465]],[[144.84849,-37.82462],[144.84916,-37.82459]],[[144.85571,-37.82442],[144.85613,-37.82442]],[[144.85613,-37.82442],[144.86643,-37.82416]],[[144.85117,-37.82432],[144.85427,-37.82439]],[[144.84881,-37.82437],[144.84928,-37.82438]],[[144.84899,-37.82527],[144.84862,-37.82527]],[[144.84661,-37.82527],[144.84502,-37.82533]],[[144.84928,-37.82438],[144.84959,-37.82435]],[[144.86565,-37.82479],[144.8602,-37.82476]],[[144.86819,-37.82454],[144.86565,-37.82479]],[[144.8602,-37.82476],[144.8582,-37.8248]],[[144.85277,-37.82498],[144.85199,-37.82506]],[[144.84365,-37.82491],[144.84849,-37.82462]],[[144.84916,-37.82459],[144.85423,-37.82447]],[[144.85427,-37.82439],[144.85571,-37.82442]],[[144.83525,-37.82549],[144.84853,-37.82475]],[[144.84922,-37.82473],[144.85408,-37.82461]],[[144.84853,-37.82475],[144.84922,-37.82473]],[[144.86085,-37.82457],[144.85895,-37.82463]],[[144.85895,-37.82463],[144.85801,-37.82467]],[[144.8582,-37.8248],[144.85381,-37.82488]],[[144.84863,-37.82502],[144.84162,-37.82545]],[[144.84502,-37.82533],[144.84162,-37.82545]],[[144.84866,-37.82363],[144.84878,-37.82398]],[[144.85423,-37.82447],[144.85571,-37.82442]]]}}