{"b":[{"h":6,"g":[[145.812489,-38.033907],[145.812493,-38.033986],[145.81258,-38.033983],[145.812576,-38.033904],[145.812489,-38.033907]]}]}