{"b":[{"h":6,"g":[[145.81817,-38.020357],[145.818321,-38.020396],[145.81845,-38.020084],[145.818299,-38.020045],[145.81817,-38.020357]]},{"h":6,"g":[[145.814586,-38.021456],[145.814679,-38.02152],[145.814743,-38.021463],[145.814651,-38.021398],[145.814586,-38.021456]]}]}