{"b":[{"h":6,"g":[[145.815627,-38.096446],[145.815785,-38.096469],[145.815825,-38.096483],[145.815835,-38.096447],[145.815961,-38.096466],[145.815979,-38.096391],[145.815997,-38.096394],[145.816017,-38.096313],[145.815999,-38.09631],[145.816024,-38.096204],[145.815702,-38.096156],[145.815685,-38.096229],[145.815664,-38.096226],[145.815635,-38.096345],[145.815651,-38.096348],[145.815627,-38.096446]]},{"h":6,"g":[[145.814416,-38.096364],[145.81457,-38.096456],[145.814674,-38.096349],[145.814708,-38.09637],[145.814751,-38.096325],[145.814691,-38.096289],[145.814767,-38.096209],[145.814637,-38.096133],[145.81456,-38.096213],[145.814521,-38.096254],[145.814416,-38.096364]]},{"h":6,"g":[[145.814637,-38.096133],[145.814767,-38.096209],[145.814785,-38.096191],[145.814655,-38.096115],[145.814637,-38.096133]]},{"h":6,"g":[[145.814452,-38.096212],[145.814521,-38.096254],[145.81456,-38.096213],[145.814491,-38.096172],[145.814452,-38.096212]]}]}