{"b":[{"h":6,"g":[[145.82913,-38.208733],[145.829438,-38.208744],[145.829442,-38.208682],[145.829357,-38.208678],[145.82936,-38.208624],[145.829138,-38.208616],[145.82913,-38.208733]]}]}