{"b":[{"h":6,"g":[[145.828901,-38.17005],[145.829171,-38.170084],[145.829192,-38.16998],[145.828922,-38.169946],[145.828901,-38.17005]]},{"h":6,"g":[[145.826039,-38.171085],[145.826093,-38.171154],[145.826347,-38.171032],[145.826294,-38.170963],[145.826039,-38.171085]]}]}