{"b":[{"h":6,"g":[[145.81114,-38.410271],[145.811266,-38.410451],[145.811476,-38.410361],[145.811349,-38.410181],[145.81114,-38.410271]]}]}