{"b":[{"h":6,"g":[[145.830622,-38.445515],[145.830793,-38.445571],[145.830834,-38.445495],[145.830663,-38.445439],[145.830622,-38.445515]]}]}