{"b":[{"h":6,"g":[[145.82714,-38.524347],[145.827328,-38.524363],[145.827369,-38.524082],[145.82718,-38.524065],[145.82714,-38.524347]]},{"h":6,"g":[[145.827726,-38.524101],[145.827914,-38.524122],[145.827956,-38.523894],[145.827769,-38.523873],[145.827726,-38.524101]]},{"h":6,"g":[[145.827674,-38.524399],[145.827985,-38.524425],[145.828011,-38.524238],[145.8277,-38.524212],[145.827674,-38.524399]]}]}