{"b":[{"h":6,"g":[[145.830511,-38.49384],[145.830556,-38.493845],[145.83055,-38.493881],[145.830786,-38.493907],[145.830811,-38.493768],[145.830571,-38.493741],[145.830563,-38.493786],[145.830522,-38.493781],[145.830511,-38.49384]]},{"h":6,"g":[[145.830849,-38.494441],[145.830945,-38.494455],[145.830972,-38.494304],[145.830883,-38.494294],[145.830849,-38.494441]]},{"h":6,"g":[[145.830699,-38.494632],[145.830803,-38.49465],[145.830854,-38.49447],[145.83075,-38.494452],[145.830699,-38.494632]]}]}