{"b":[{"h":6,"g":[[144.79652,-37.230132],[144.796609,-37.230133],[144.79661,-37.23003],[144.796522,-37.230029],[144.79652,-37.230132]]},{"h":6,"g":[[144.796778,-37.230296],[144.796839,-37.230301],[144.796841,-37.230281],[144.796862,-37.230281],[144.796894,-37.23035],[144.796976,-37.230326],[144.79694,-37.230248],[144.796986,-37.230208],[144.796939,-37.230174],[144.796916,-37.230194],[144.796833,-37.230217],[144.796839,-37.23023],[144.796786,-37.230226],[144.796778,-37.230296]]},{"h":6,"g":[[144.797541,-37.224585],[144.797611,-37.2246],[144.797641,-37.224515],[144.797571,-37.2245],[144.797541,-37.224585]]},{"h":6,"g":[[144.797367,-37.224819],[144.797399,-37.224826],[144.797371,-37.224905],[144.797466,-37.224926],[144.797472,-37.224912],[144.797488,-37.224915],[144.797514,-37.224907],[144.797536,-37.224887],[144.797551,-37.224845],[144.797499,-37.224833],[144.797515,-37.22479],[144.797388,-37.224761],[144.797367,-37.224819]]}]}