{"b":[{"h":6,"g":[[144.791567,-37.247983],[144.791693,-37.247992],[144.791685,-37.248061],[144.791766,-37.248067],[144.791763,-37.248095],[144.791832,-37.2481],[144.79185,-37.247937],[144.791574,-37.247918],[144.791567,-37.247983]]}]}