{"b":[{"h":6,"g":[[144.792634,-37.50365],[144.792863,-37.503702],[144.792885,-37.50362],[144.792749,-37.503598],[144.792765,-37.503533],[144.792677,-37.503516],[144.792634,-37.50365]]},{"h":6,"g":[[144.792985,-37.50351],[144.793114,-37.50353],[144.793131,-37.503453],[144.793007,-37.503431],[144.792985,-37.50351]]}]}