{"b":[{"h":6,"g":[[144.792403,-37.560061],[144.792595,-37.560228],[144.792709,-37.560141],[144.792507,-37.559981],[144.792403,-37.560061]]}]}