{"b":[{"h":6,"g":[[144.796689,-37.613322],[144.796969,-37.61339],[144.797038,-37.613209],[144.796766,-37.613135],[144.796689,-37.613322]]},{"h":6,"g":[[144.784269,-37.604217],[144.784843,-37.604857],[144.785511,-37.604506],[144.784917,-37.603828],[144.784269,-37.604217]]},{"h":6,"g":[[144.784637,-37.605],[144.784871,-37.60528],[144.78525,-37.605075],[144.785023,-37.604809],[144.784637,-37.605]]}]}