{"b":[{"h":6,"g":[[144.799302,-37.595535],[144.799396,-37.595687],[144.799611,-37.595604],[144.799527,-37.595467],[144.799495,-37.59548],[144.799461,-37.595425],[144.799408,-37.595446],[144.799432,-37.595485],[144.799302,-37.595535]]}]}