{"b":[{"h":6,"g":[[144.777931,-37.898504],[144.778109,-37.898627],[144.778188,-37.898555],[144.778108,-37.8985],[144.778128,-37.898482],[144.778067,-37.89844],[144.778025,-37.898477],[144.777989,-37.898452],[144.777931,-37.898504]]}]}