{"b":[{"h":6,"g":[[144.683132,-37.342751],[144.683152,-37.342826],[144.683268,-37.342806],[144.683295,-37.342906],[144.683376,-37.342893],[144.683329,-37.342717],[144.683132,-37.342751]]},{"h":6,"g":[[144.683189,-37.342568],[144.683239,-37.342716],[144.68334,-37.342695],[144.683291,-37.342546],[144.683189,-37.342568]]}]}