{"b":[{"h":6,"g":[[144.675876,-37.486842],[144.675964,-37.486959],[144.676032,-37.48692],[144.67595,-37.486809],[144.675876,-37.486842]]}]}