{"b":[{"h":6,"g":[[144.685245,-37.550718],[144.685255,-37.550731],[144.685318,-37.550821],[144.685334,-37.550845],[144.685434,-37.550802],[144.685418,-37.550778],[144.685356,-37.550689],[144.685345,-37.550674],[144.685245,-37.550718]]},{"h":6,"g":[[144.685218,-37.549271],[144.685351,-37.549313],[144.685426,-37.549175],[144.685302,-37.549135],[144.685218,-37.549271]]}]}