{"b":[{"h":6,"g":[[144.682586,-37.701303],[144.683042,-37.701352],[144.683066,-37.701196],[144.68261,-37.701137],[144.682586,-37.701303]]},{"h":6,"g":[[144.682315,-37.701632],[144.682761,-37.701703],[144.682786,-37.701593],[144.682348,-37.70152],[144.682315,-37.701632]]}]}