{"b":[{"h":6,"g":[[144.683905,-37.650731],[144.684054,-37.650778],[144.684178,-37.650585],[144.684279,-37.650622],[144.684336,-37.650512],[144.684082,-37.650424],[144.683905,-37.650731]]},{"h":6,"g":[[144.68371,-37.65105],[144.683867,-37.651116],[144.68383,-37.651185],[144.683916,-37.651206],[144.683942,-37.65115],[144.684062,-37.651193],[144.684172,-37.651003],[144.68407,-37.650966],[144.684013,-37.651056],[144.683861,-37.650994],[144.683909,-37.650915],[144.683804,-37.65087],[144.68371,-37.65105]]},{"h":6,"g":[[144.678347,-37.649775],[144.678368,-37.649932],[144.678497,-37.64992],[144.678491,-37.649977],[144.678558,-37.649996],[144.678599,-37.649996],[144.67862,-37.650041],[144.678671,-37.650015],[144.678719,-37.650077],[144.678805,-37.650038],[144.678746,-37.649966],[144.678773,-37.649947],[144.678845,-37.649937],[144.678904,-37.649922],[144.678915,-37.649818],[144.678623,-37.649803],[144.678617,-37.649866],[144.678526,-37.649858],[144.678513,-37.649762],[144.678347,-37.649775]]},{"h":6,"g":[[144.677427,-37.649905],[144.67763,-37.649914],[144.677626,-37.649971],[144.677828,-37.64998],[144.677832,-37.649926],[144.678184,-37.649942],[144.6782,-37.649725],[144.677948,-37.649713],[144.677953,-37.649652],[144.677658,-37.649639],[144.677654,-37.649686],[144.677444,-37.649676],[144.677427,-37.649905]]}]}