{"b":[{"h":6,"g":[[144.672954,-37.679495],[144.672994,-37.679505],[144.673013,-37.679456],[144.672972,-37.679446],[144.672954,-37.679495]]},{"h":6,"g":[[144.673022,-37.67951],[144.673063,-37.679521],[144.673082,-37.679475],[144.673041,-37.679464],[144.673022,-37.67951]]},{"h":6,"g":[[144.672739,-37.679446],[144.672784,-37.679457],[144.672803,-37.679407],[144.672758,-37.679396],[144.672739,-37.679446]]},{"h":6,"g":[[144.672765,-37.679384],[144.67281,-37.679394],[144.67283,-37.67934],[144.672785,-37.67933],[144.672765,-37.679384]]}]}