{"b":[{"h":6,"g":[[144.677084,-37.812316],[144.677184,-37.812411],[144.677217,-37.812389],[144.677288,-37.812456],[144.677401,-37.812381],[144.67723,-37.812219],[144.677084,-37.812316]]},{"h":6,"g":[[144.668134,-37.822744],[144.668755,-37.82281],[144.668785,-37.822632],[144.668571,-37.82261],[144.668578,-37.82257],[144.668171,-37.822527],[144.668134,-37.822744]]}]}