{"b":[{"h":6,"g":[[144.678767,-37.805402],[144.679384,-37.80547],[144.679322,-37.805816],[144.682262,-37.806144],[144.682248,-37.806224],[144.682542,-37.806257],[144.682597,-37.805951],[144.683438,-37.806044],[144.683624,-37.805004],[144.684037,-37.80505],[144.68412,-37.804582],[144.682747,-37.80443],[144.682723,-37.804567],[144.680562,-37.804326],[144.680504,-37.804648],[144.678933,-37.804473],[144.678767,-37.805402]]}]}