{"b":[{"h":6,"g":[[144.67221,-37.772022],[144.672644,-37.772077],[144.672413,-37.773281],[144.673073,-37.773353],[144.673186,-37.772836],[144.673406,-37.772865],[144.673304,-37.773391],[144.674227,-37.773518],[144.674237,-37.77348],[144.674479,-37.773523],[144.674516,-37.77334],[144.674361,-37.773323],[144.67435,-37.773379],[144.674259,-37.77337],[144.674597,-37.771627],[144.674838,-37.771661],[144.674881,-37.771483],[144.674736,-37.77147],[144.674726,-37.771521],[144.674634,-37.771509],[144.674645,-37.771398],[144.672853,-37.771178],[144.672827,-37.771271],[144.672371,-37.77122],[144.67221,-37.772022]]},{"h":6,"g":[[144.672518,-37.776051],[144.673778,-37.776186],[144.673815,-37.775999],[144.67375,-37.775987],[144.673852,-37.775492],[144.674254,-37.775527],[144.674429,-37.774428],[144.673998,-37.774373],[144.674039,-37.774158],[144.67301,-37.774052],[144.672807,-37.774161],[144.672518,-37.776051]]},{"h":6,"g":[[144.668498,-37.776253],[144.668821,-37.776293],[144.668749,-37.776658],[144.670377,-37.776858],[144.670444,-37.776521],[144.670967,-37.776586],[144.670957,-37.776637],[144.6712,-37.776667],[144.671441,-37.77544],[144.668723,-37.775106],[144.668498,-37.776253]]},{"h":6,"g":[[144.668828,-37.775059],[144.671449,-37.775384],[144.67165,-37.774376],[144.671435,-37.774349],[144.671425,-37.774395],[144.670908,-37.774331],[144.670976,-37.773985],[144.670209,-37.77389],[144.670191,-37.773977],[144.669428,-37.773882],[144.669396,-37.774053],[144.66928,-37.774038],[144.669263,-37.774119],[144.669223,-37.774115],[144.668983,-37.774554],[144.668879,-37.774801],[144.668828,-37.775059]]}]}