{"b":[{"h":6,"g":[[144.677664,-38.311569],[144.677702,-38.311608],[144.677749,-38.31158],[144.677712,-38.311541],[144.677664,-38.311569]]},{"h":6,"g":[[144.677839,-38.311364],[144.677874,-38.311401],[144.677912,-38.311378],[144.677877,-38.311342],[144.677839,-38.311364]]},{"h":6,"g":[[144.67758,-38.311424],[144.677673,-38.311522],[144.677761,-38.31147],[144.677669,-38.311373],[144.67758,-38.311424]]},{"h":6,"g":[[144.673527,-38.313831],[144.67365,-38.313852],[144.673667,-38.313792],[144.673544,-38.313771],[144.673527,-38.313831]]}]}