{"t":[{"r":"FOREST STREET","v":1560,"h":6,"c":[[144.40662,-37.32612],[144.41531,-37.32885],[144.42139,-37.33384],[144.4227,-37.33436],[144.45922,-37.33864]]},{"r":"KYNETON-TRENTHAM ROAD","v":1781,"h":6,"c":[[144.40677,-37.32462],[144.40661,-37.32612],[144.40556,-37.32632],[144.39967,-37.329]]},{"r":"TRENTHAM ROAD","v":1771,"h":7,"c":[[144.39967,-37.329],[144.40556,-37.32632],[144.40661,-37.32612],[144.40677,-37.32462]]},{"r":"TYLDEN-WOODEND ROAD","v":1561,"h":8,"c":[[144.45922,-37.33864],[144.4227,-37.33436],[144.42139,-37.33384],[144.41531,-37.32885],[144.40662,-37.32612]]}]}