{"t":[{"r":"BACCHUS MARSH ROAD","v":6714,"h":9,"c":[[144.41596,-37.66484],[144.41748,-37.66737]]},{"r":"BACCHUS MARSH ROAD","v":6714,"h":9,"c":[[144.41748,-37.66737],[144.41852,-37.66835],[144.42259,-37.67066],[144.43382,-37.67526]]},{"r":"BACCHUS MARSH ROAD","v":5556,"h":14,"c":[[144.41748,-37.66737],[144.41596,-37.66484]]},{"r":"BACCHUS MARSH ROAD","v":5556,"h":14,"c":[[144.43382,-37.67526],[144.42259,-37.67066],[144.41852,-37.66835],[144.41748,-37.66737]]}]}