{"t":[{"r":"PRINCES FREEWAY","v":35498,"h":10,"c":[[144.40139,-38.0485],[144.41057,-38.04091]]},{"r":"GEELONG RING ROAD","v":33293,"h":9,"c":[[144.41127,-38.04087],[144.39943,-38.05048]]}]}