{"t":[{"r":"PRINCES FREEWAY","v":35806,"h":9,"c":[[144.42436,-38.03325],[144.43056,-38.03037]]},{"r":"PRINCES FREEWAY","v":35498,"h":10,"c":[[144.40139,-38.0485],[144.41057,-38.04091],[144.42026,-38.03519],[144.42436,-38.03325]]},{"r":"PRINCES FREEWAY","v":35052,"h":9,"c":[[144.43074,-38.03062],[144.42581,-38.03292]]},{"r":"GEELONG RING ROAD","v":33293,"h":9,"c":[[144.42581,-38.03292],[144.42019,-38.03553],[144.41127,-38.04087],[144.39943,-38.05048]]}]}