{"t":[{"r":"BARWON HEADS ROAD","v":5372,"h":8,"c":[[144.39207,-38.25529],[144.43134,-38.26024]]},{"r":"BARWON HEADS ROAD","v":5360,"h":5,"c":[[144.43134,-38.26024],[144.39207,-38.25529]]}]}