{"t":[{"r":"BELLARINE HIGHWAY","v":16528,"h":8,"c":[[144.42027,-38.17839],[144.47898,-38.1928]]}]}