{"n":{"rail":[[[144.94849,-37.59023],[144.96272,-37.55735]],[[144.94843,-37.59014],[144.96263,-37.55733]],[[144.96267,-37.55734],[144.94845,-37.59018]]],"freeway":[[[144.94133,-37.57543],[144.94089,-37.57588]],[[144.94159,-37.56297],[144.94319,-37.55281]],[[144.94155,-37.56603],[144.94091,-37.57333]],[[144.93889,-37.57628],[144.93933,-37.57636],[144.93967,-37.57442]],[[144.94183,-37.56961],[144.94283,-37.57125],[144.94307,-37.5726],[144.94262,-37.574],[144.94133,-37.57543]],[[144.9403,-37.57088],[144.94159,-37.56297]],[[144.94155,-37.56603],[144.94145,-37.56756]],[[144.9394,-37.57863],[144.93967,-37.57442]],[[144.94068,-37.57337],[144.94068,-37.57028],[144.94159,-37.56297]],[[144.94105,-37.57449],[144.94126,-37.5759]],[[144.94126,-37.5759],[144.94215,-37.57939],[144.94356,-37.58284]],[[144.94125,-37.57704],[144.94099,-37.57566]],[[144.94319,-37.58264],[144.94125,-37.57704]],[[144.94145,-37.56756],[144.94146,-37.56848]],[[144.93978,-37.57863],[144.94,-37.58011]],[[144.94146,-37.56848],[144.94183,-37.56961]],[[144.93967,-37.57442],[144.9403,-37.57088]],[[144.94466,-37.54626],[144.94203,-37.56301]],[[144.94203,-37.56301],[144.94155,-37.56603]],[[144.93983,-37.58137],[144.9394,-37.57863]],[[144.94089,-37.57588],[144.94006,-37.57721],[144.93978,-37.57863]],[[144.94099,-37.57566],[144.94068,-37.57337]],[[144.94091,-37.57333],[144.94105,-37.57449]]]}}