{"n":{"rail":[[[144.94849,-37.59023],[144.96272,-37.55735]],[[144.94843,-37.59014],[144.96263,-37.55733]],[[144.96267,-37.55734],[144.94845,-37.59018]]],"freeway":[[[144.94408,-37.54708],[144.94415,-37.5448],[144.94344,-37.54335]],[[144.94159,-37.56297],[144.94319,-37.55281]],[[144.94542,-37.54393],[144.94466,-37.54626]],[[144.94408,-37.54708],[144.94525,-37.54143]],[[144.94466,-37.54626],[144.94203,-37.56301]],[[144.94541,-37.54147],[144.94466,-37.54626]],[[144.94319,-37.55281],[144.94408,-37.54708]]]}}