{"n":{"rail":[[[144.93376,-37.64644],[144.94164,-37.60752]],[[144.94174,-37.60753],[144.93824,-37.62488]],[[144.93494,-37.6412],[144.93824,-37.62488]],[[144.94851,-37.6304],[144.93954,-37.62938]],[[144.9395,-37.62924],[144.94853,-37.63024]],[[144.94853,-37.63027],[144.9395,-37.62924]],[[144.94611,-37.6195],[144.94101,-37.61904],[144.94003,-37.61949],[144.93915,-37.62067]],[[144.93503,-37.64093],[144.93778,-37.6279]],[[144.93824,-37.62488],[144.93494,-37.6412]],[[144.93953,-37.62942],[144.9485,-37.63044]],[[144.94853,-37.63031],[144.93936,-37.62926]],[[144.94852,-37.63035],[144.93966,-37.6293]],[[144.93682,-37.63266],[144.93841,-37.62471]],[[144.9373,-37.63033],[144.93809,-37.62937],[144.9395,-37.62924]],[[144.9372,-37.63087],[144.9379,-37.62953],[144.93936,-37.62926]],[[144.94133,-37.6096],[144.93841,-37.62471]],[[144.94151,-37.60839],[144.93568,-37.63731]]],"freeway":[[[144.94936,-37.63047],[144.94909,-37.6305]],[[144.94709,-37.61741],[144.94682,-37.61708]],[[144.94889,-37.62937],[144.94844,-37.6285]],[[144.94904,-37.62843],[144.95055,-37.63801]],[[144.94661,-37.61702],[144.947,-37.61682]],[[144.9466,-37.61251],[144.94904,-37.62843]],[[144.94774,-37.61705],[144.94734,-37.61723]],[[144.95027,-37.63804],[144.94781,-37.62192]],[[144.94746,-37.62188],[144.94774,-37.62147]],[[144.94787,-37.62234],[144.94759,-37.62189]],[[144.94703,-37.61699],[144.94564,-37.60639]],[[144.94832,-37.62851],[144.94872,-37.62824]],[[144.94781,-37.62192],[144.94703,-37.61699]]]}}