{"n":{"tram":[[[144.94549,-37.74047],[144.94442,-37.74682],[144.94648,-37.74948],[144.94306,-37.76858]],[[144.94302,-37.76857],[144.94644,-37.74947],[144.94438,-37.74682],[144.94549,-37.74047]],[[144.94567,-37.73935],[144.94559,-37.73992]],[[144.94559,-37.73992],[144.94571,-37.73936]],[[144.94549,-37.74047],[144.94559,-37.73992]],[[144.94606,-37.75177],[144.94605,-37.75158]]],"freeway":[[[144.93623,-37.75245],[144.93733,-37.75479]],[[144.93773,-37.75726],[144.93564,-37.75308]],[[144.9365,-37.75221],[144.93623,-37.75245]],[[144.93519,-37.75239],[144.93519,-37.75206]],[[144.93124,-37.74039],[144.93262,-37.74213]],[[144.93326,-37.73769],[144.9326,-37.73763]],[[144.93391,-37.74444],[144.93267,-37.74249]],[[144.93398,-37.74463],[144.93391,-37.74444]],[[144.93413,-37.74438],[144.93421,-37.7446]],[[144.93446,-37.7456],[144.93443,-37.74908],[144.93563,-37.75191]],[[144.93267,-37.74249],[144.93234,-37.74214]],[[144.93295,-37.74248],[144.93413,-37.74438]],[[144.93262,-37.74213],[144.93295,-37.74248]],[[144.93234,-37.74214],[144.93107,-37.74053]],[[144.93716,-37.75525],[144.93573,-37.75248]],[[144.94148,-37.73868],[144.9433,-37.7389]],[[144.93727,-37.73817],[144.93659,-37.73809]],[[144.9452,-37.73914],[144.94568,-37.73919]],[[144.93005,-37.73651],[144.93248,-37.7375]],[[144.95664,-37.74033],[144.95007,-37.73967]],[[144.93519,-37.75239],[144.93495,-37.75203]],[[144.93564,-37.75308],[144.93519,-37.75239]],[[144.94849,-37.73951],[144.94784,-37.73944]],[[144.94784,-37.73944],[144.94678,-37.73931]],[[144.93582,-37.738],[144.93459,-37.73785]],[[144.93563,-37.75191],[144.93602,-37.75256]],[[144.93602,-37.75256],[144.93746,-37.75539]],[[144.93573,-37.75248],[144.9354,-37.75186]],[[144.9354,-37.75186],[144.9342,-37.74896],[144.93421,-37.74561]],[[144.93421,-37.7446],[144.93446,-37.7456]],[[144.93421,-37.74561],[144.93398,-37.74463]],[[144.932,-37.73749],[144.93039,-37.73694]],[[144.93007,-37.73696],[144.93182,-37.74101]],[[144.93248,-37.7375],[144.93326,-37.73769]],[[144.93659,-37.73809],[144.93582,-37.738]],[[144.93853,-37.73833],[144.93939,-37.73843]],[[144.95007,-37.73967],[144.94849,-37.73951]],[[144.9433,-37.7389],[144.9436,-37.73894]],[[144.94466,-37.73907],[144.9452,-37.73914]],[[144.94627,-37.73926],[144.94579,-37.7392]],[[144.94568,-37.73919],[144.94579,-37.7392]],[[144.94037,-37.73855],[144.94059,-37.73857]],[[144.93244,-37.7376],[144.932,-37.73749]],[[144.93608,-37.75216],[144.93623,-37.75245]],[[144.9436,-37.73894],[144.94466,-37.73907]],[[144.94678,-37.73931],[144.94627,-37.73926]],[[144.93939,-37.73843],[144.94037,-37.73855]],[[144.93727,-37.73817],[144.93853,-37.73833]],[[144.94059,-37.73857],[144.94148,-37.73868]],[[144.93385,-37.73776],[144.93326,-37.73769]],[[144.93398,-37.73777],[144.93385,-37.73776]],[[144.93182,-37.74101],[144.93262,-37.74213]],[[144.93459,-37.73785],[144.93398,-37.73777]],[[144.9326,-37.73763],[144.93244,-37.7376]]]}}