{"n":{"rail":[[[144.92653,-37.65903],[144.9329,-37.64851]],[[144.94626,-37.66472],[144.94528,-37.66255]],[[144.94608,-37.66439],[144.94534,-37.66254]],[[144.93333,-37.64787],[144.9266,-37.65924]],[[144.94633,-37.6649],[144.94539,-37.66251]],[[144.9518,-37.67871],[144.94633,-37.6649]],[[144.93316,-37.64811],[144.92652,-37.65921]],[[144.94613,-37.6644],[144.94546,-37.66251]]],"freeway":[[[144.95457,-37.66549],[144.9535,-37.65831]],[[144.95245,-37.65521],[144.95295,-37.65486]],[[144.95311,-37.65588],[144.95273,-37.65539]],[[144.95213,-37.64759],[144.95311,-37.65413]],[[144.95303,-37.65536],[144.953,-37.65515]],[[144.95311,-37.65588],[144.95303,-37.65536]],[[144.9534,-37.65574],[144.95381,-37.65828]],[[144.953,-37.65515],[144.95295,-37.65486]],[[144.95324,-37.65499],[144.9534,-37.65574]],[[144.95311,-37.65413],[144.95324,-37.65499]],[[144.9535,-37.65831],[144.95311,-37.65588]],[[144.95295,-37.65486],[144.95153,-37.64577]]]}}