{"n":{"rail":[[[144.94818,-37.59094],[144.94849,-37.59023]],[[144.94849,-37.59023],[144.96272,-37.55735]],[[144.94815,-37.59088],[144.94709,-37.59333]],[[144.94845,-37.59018],[144.94815,-37.59088]],[[144.94709,-37.59333],[144.94701,-37.59351]],[[144.94701,-37.59351],[144.94445,-37.59943]],[[144.94813,-37.59084],[144.94843,-37.59014]],[[144.94705,-37.59332],[144.94813,-37.59084]],[[144.94697,-37.5935],[144.94705,-37.59332]],[[144.94843,-37.59014],[144.96263,-37.55733]],[[144.96267,-37.55734],[144.94845,-37.59018]],[[144.9448,-37.59722],[144.94532,-37.59535]],[[144.94486,-37.59779],[144.94569,-37.59578]],[[144.94476,-37.59772],[144.94474,-37.59327]],[[144.94439,-37.59944],[144.94604,-37.59417]],[[144.94526,-37.5961],[144.94608,-37.59419]],[[144.94518,-37.59641],[144.94613,-37.5942]],[[144.94499,-37.59717],[144.94592,-37.59499]],[[144.94464,-37.59866],[144.94536,-37.5939]],[[144.94492,-37.59581],[144.94541,-37.5939]],[[144.94489,-37.59613],[144.94546,-37.59391]],[[144.94507,-37.59686],[144.94587,-37.59498]],[[144.94591,-37.59594],[144.94439,-37.59944]],[[144.94539,-37.59472],[144.94483,-37.5969]],[[144.94533,-37.59471],[144.94486,-37.59657]],[[144.94483,-37.59432],[144.94465,-37.59637]],[[144.94485,-37.59328],[144.94462,-37.59597]],[[144.94493,-37.59432],[144.9447,-37.59699]],[[144.94489,-37.59432],[144.94467,-37.59666]],[[144.94456,-37.59866],[144.94453,-37.59343]],[[144.94441,-37.59618],[144.94442,-37.59342]],[[144.9443,-37.59609],[144.94414,-37.59471]],[[144.94427,-37.5961],[144.94391,-37.59469]],[[144.94447,-37.59343],[144.94435,-37.59569]],[[144.94438,-37.5963],[144.94402,-37.5947]],[[144.94453,-37.59668],[144.94375,-37.59467]],[[144.94459,-37.59562],[144.94479,-37.59327]],[[144.94714,-37.59334],[144.94818,-37.59094]],[[144.94706,-37.59352],[144.94714,-37.59334]],[[144.9445,-37.59945],[144.94706,-37.59352]],[[144.94569,-37.59578],[144.94648,-37.59396]],[[144.94375,-37.59467],[144.9439,-37.59276]],[[144.94391,-37.59469],[144.94406,-37.59276]],[[144.94402,-37.5947],[144.94417,-37.59277]],[[144.94414,-37.59471],[144.94428,-37.59278]],[[144.94591,-37.59594],[144.94697,-37.5935]],[[144.94583,-37.59366],[144.94547,-37.59501]],[[144.94547,-37.59501],[144.94532,-37.59535]]],"freeway":[[[144.94244,-37.59175],[144.94269,-37.59287]],[[144.94535,-37.58361],[144.94602,-37.58669]],[[144.94334,-37.58465],[144.94246,-37.58394]],[[144.94038,-37.58401],[144.94027,-37.58351]],[[144.94046,-37.58233],[144.9406,-37.58302]],[[144.95271,-37.59665],[144.95348,-37.59746]],[[144.95274,-37.59701],[144.94875,-37.59137]],[[144.94602,-37.58669],[144.94657,-37.58775]],[[144.94492,-37.58617],[144.94427,-37.58554]],[[144.94645,-37.58797],[144.94492,-37.58617]],[[144.94334,-37.58465],[144.94284,-37.58389]],[[144.94302,-37.59535],[144.94309,-37.59593]],[[144.94088,-37.58639],[144.94063,-37.58525]],[[144.94175,-37.59196],[144.94213,-37.59171]],[[144.94769,-37.5898],[144.94699,-37.58877]],[[144.94875,-37.59137],[144.94769,-37.5898]],[[144.94824,-37.59021],[144.94958,-37.59218]],[[144.94432,-37.58427],[144.94824,-37.59021]],[[144.94215,-37.57939],[144.94356,-37.58284]],[[144.94319,-37.58264],[144.94125,-37.57704]],[[144.9441,-37.58434],[144.94319,-37.58264]],[[144.94645,-37.58797],[144.9441,-37.58434]],[[144.94395,-37.5836],[144.94432,-37.58427]],[[144.94958,-37.59218],[144.95271,-37.59665]],[[144.94041,-37.58417],[144.94038,-37.58401]],[[144.9408,-37.58402],[144.94083,-37.58416]],[[144.93993,-37.58181],[144.94026,-37.58136]],[[144.94131,-37.58642],[144.94156,-37.58764]],[[144.94281,-37.59626],[144.94218,-37.59195]],[[144.94072,-37.58363],[144.9408,-37.58402]],[[144.94052,-37.58475],[144.94041,-37.58417]],[[144.94083,-37.58416],[144.94087,-37.58438]],[[144.93993,-37.58181],[144.93983,-37.58137]],[[144.94213,-37.59171],[144.94088,-37.58639]],[[144.93978,-37.57863],[144.94,-37.58011]],[[144.94156,-37.58764],[144.94244,-37.59175]],[[144.94292,-37.59685],[144.94281,-37.59626]],[[144.94309,-37.59593],[144.94323,-37.59713]],[[144.94285,-37.59394],[144.94302,-37.59535]],[[144.94269,-37.59287],[144.94285,-37.59394]],[[144.94218,-37.59195],[144.94213,-37.59171]],[[144.94427,-37.58554],[144.94334,-37.58465]],[[144.93983,-37.58137],[144.9394,-37.57863]],[[144.94026,-37.58136],[144.94046,-37.58233]],[[144.94087,-37.58438],[144.94111,-37.58552]],[[144.94111,-37.58552],[144.94131,-37.58642]],[[144.94699,-37.58877],[144.94645,-37.58797]],[[144.94356,-37.58284],[144.94395,-37.5836]],[[144.94,-37.58011],[144.94026,-37.58136]],[[144.94027,-37.58351],[144.93993,-37.58181]],[[144.94063,-37.58525],[144.94052,-37.58475]],[[144.9406,-37.58302],[144.94072,-37.58363]]]}}