{"n":{"rail":[[[144.92653,-37.65903],[144.9329,-37.64851],[144.93376,-37.64644],[144.94164,-37.60752]],[[144.93494,-37.6412],[144.93824,-37.62488]],[[144.93526,-37.64017],[144.93682,-37.63266]],[[144.93494,-37.6412],[144.93333,-37.64787],[144.9266,-37.65924]],[[144.93503,-37.64093],[144.93778,-37.6279]],[[144.93824,-37.62488],[144.93494,-37.6412]],[[144.93438,-37.64351],[144.93453,-37.64299]],[[144.93453,-37.64299],[144.93316,-37.64811],[144.92652,-37.65921]],[[144.93682,-37.63266],[144.93841,-37.62471]],[[144.94151,-37.60839],[144.93568,-37.63731]],[[144.93568,-37.63731],[144.93453,-37.64299]],[[144.93543,-37.63955],[144.93603,-37.63811]],[[144.93585,-37.63896],[144.93674,-37.63459]]],"freeway":[[[144.95042,-37.63901],[144.95071,-37.63897]],[[144.95065,-37.64318],[144.95109,-37.6429]],[[144.95137,-37.64289],[144.95172,-37.64334]],[[144.95129,-37.64397],[144.95092,-37.64338]],[[144.95153,-37.64577],[144.95129,-37.64397]],[[144.95189,-37.64795],[144.95153,-37.64774]],[[144.95112,-37.64776],[144.95178,-37.6474]],[[144.95155,-37.6439],[144.95211,-37.64749]],[[144.95144,-37.6433],[144.95147,-37.64344]],[[144.94904,-37.62843],[144.95055,-37.63801]],[[144.9512,-37.64341],[144.95115,-37.64325]],[[144.95056,-37.63808],[144.95071,-37.63897]],[[144.95109,-37.6429],[144.95098,-37.6423]],[[144.95213,-37.64759],[144.95311,-37.65413]],[[144.95211,-37.64749],[144.95213,-37.64759]],[[144.95137,-37.64289],[144.95144,-37.6433]],[[144.95129,-37.64397],[144.9512,-37.64341]],[[144.95128,-37.64238],[144.95137,-37.64289]],[[144.95295,-37.65486],[144.95153,-37.64577]],[[144.95152,-37.64374],[144.95155,-37.6439]],[[144.95147,-37.64344],[144.95152,-37.64374]],[[144.95115,-37.64325],[144.95109,-37.6429]],[[144.95039,-37.63885],[144.95028,-37.63812]],[[144.95084,-37.63964],[144.95128,-37.64238]],[[144.95028,-37.63812],[144.95027,-37.63804]],[[144.95071,-37.63897],[144.95084,-37.63964]],[[144.95098,-37.6423],[144.95039,-37.63885]],[[144.94977,-37.63809],[144.95023,-37.63782]],[[144.95027,-37.63804],[144.94781,-37.62192]],[[144.95032,-37.63844],[144.94991,-37.63816]],[[144.95055,-37.63801],[144.95056,-37.63808]],[[144.95191,-37.6435],[144.95152,-37.64374]]]}}