{"n":{"rail":[[[144.94178,-37.60735],[144.94243,-37.60454],[144.9445,-37.59945]],[[144.93376,-37.64644],[144.94164,-37.60752]],[[144.94169,-37.60753],[144.94151,-37.60839]],[[144.94404,-37.60026],[144.94382,-37.60087]],[[144.94701,-37.59351],[144.94445,-37.59943]],[[144.9448,-37.59722],[144.94532,-37.59535]],[[144.94486,-37.59779],[144.94569,-37.59578]],[[144.94476,-37.59772],[144.94474,-37.59327]],[[144.94455,-37.5989],[144.94349,-37.60154]],[[144.94368,-37.60095],[144.94349,-37.60131]],[[144.94439,-37.59944],[144.94604,-37.59417]],[[144.94499,-37.59717],[144.94592,-37.59499]],[[144.94464,-37.59866],[144.94536,-37.5939]],[[144.94507,-37.59686],[144.94587,-37.59498]],[[144.94591,-37.59594],[144.94439,-37.59944]],[[144.94404,-37.60026],[144.94439,-37.59944]],[[144.94164,-37.60752],[144.94168,-37.60734]],[[144.94168,-37.60734],[144.94192,-37.60613]],[[144.94173,-37.60734],[144.94169,-37.60753]],[[144.94178,-37.60735],[144.94174,-37.60753]],[[144.94174,-37.60753],[144.93824,-37.62488]],[[144.94192,-37.60613],[144.94182,-37.60685]],[[144.94192,-37.60613],[144.94335,-37.60185]],[[144.94435,-37.59938],[144.94473,-37.59799]],[[144.94539,-37.59472],[144.94483,-37.5969]],[[144.94151,-37.60839],[144.94133,-37.60909]],[[144.94493,-37.59432],[144.9447,-37.59699]],[[144.94456,-37.59866],[144.94453,-37.59343]],[[144.94445,-37.59943],[144.94382,-37.60087]],[[144.9445,-37.59945],[144.94706,-37.59352]],[[144.94335,-37.60185],[144.94404,-37.60026]],[[144.94339,-37.60185],[144.94173,-37.60734]],[[144.94133,-37.6096],[144.93841,-37.62471]],[[144.94125,-37.6104],[144.94157,-37.60883]],[[144.94151,-37.60839],[144.93568,-37.63731]],[[144.94382,-37.60087],[144.94339,-37.60185]]],"freeway":[[[144.94323,-37.59713],[144.94302,-37.59725]],[[144.94324,-37.5981],[144.94262,-37.59744]],[[144.9423,-37.59748],[144.94292,-37.59685]],[[144.94298,-37.5971],[144.94323,-37.59713]],[[144.94412,-37.59951],[144.94448,-37.6001]],[[144.94442,-37.60022],[144.94407,-37.59963]],[[144.94534,-37.60194],[144.94561,-37.604]],[[144.94407,-37.59963],[144.94324,-37.5981]],[[144.94561,-37.604],[144.9466,-37.61251]],[[144.9454,-37.60392],[144.94511,-37.60172],[144.94442,-37.60022]],[[144.94323,-37.59713],[144.94353,-37.59835]],[[144.94324,-37.5981],[144.94302,-37.59725]],[[144.95271,-37.59665],[144.95348,-37.59746]],[[144.9535,-37.59778],[144.95274,-37.59701]],[[144.95274,-37.59701],[144.94875,-37.59137]],[[144.94353,-37.59835],[144.94412,-37.59951]],[[144.94564,-37.60639],[144.94552,-37.60526]],[[144.95348,-37.59746],[144.95823,-37.60078]],[[144.95747,-37.60061],[144.9535,-37.59778]],[[144.94552,-37.60526],[144.9454,-37.60392]],[[144.94292,-37.59685],[144.94281,-37.59626]],[[144.94309,-37.59593],[144.94323,-37.59713]],[[144.94302,-37.59725],[144.94298,-37.5971]],[[144.94448,-37.6001],[144.94534,-37.60194]],[[144.9466,-37.61251],[144.94904,-37.62843]],[[144.94298,-37.5971],[144.94292,-37.59685]],[[144.94703,-37.61699],[144.94564,-37.60639]]]}}