{"n":{"tram":[[[144.94648,-37.74948],[144.94306,-37.76858],[144.94374,-37.76939]],[[144.94373,-37.76942],[144.94302,-37.76857],[144.94644,-37.74947]],[[144.94374,-37.76939],[144.94981,-37.77019]],[[144.94878,-37.77568],[144.94977,-37.7702]],[[144.94981,-37.77019],[144.94882,-37.77568]],[[144.94977,-37.7702],[144.94373,-37.76942]]],"freeway":[[[144.93623,-37.75245],[144.93733,-37.75479]],[[144.93773,-37.75726],[144.93564,-37.75308]],[[144.93781,-37.75772],[144.93716,-37.75525],[144.93573,-37.75248]],[[144.93782,-37.76079],[144.93784,-37.76047]],[[144.93781,-37.76451],[144.93767,-37.76641]],[[144.93805,-37.76054],[144.93804,-37.76082]],[[144.93745,-37.76886],[144.93743,-37.76909]],[[144.93743,-37.76909],[144.93726,-37.77078]],[[144.93726,-37.76835],[144.93758,-37.76428]],[[144.93718,-37.7692],[144.9372,-37.76896]],[[144.93704,-37.77078],[144.93718,-37.7692]],[[144.93689,-37.77079],[144.93718,-37.7692]],[[144.93735,-37.76971],[144.93742,-37.77079]],[[144.93733,-37.75479],[144.93782,-37.75666]],[[144.93801,-37.75771],[144.93807,-37.75806]],[[144.93807,-37.75806],[144.93805,-37.76054]],[[144.93786,-37.75813],[144.93781,-37.75772]],[[144.93784,-37.76047],[144.93786,-37.75813]],[[144.93788,-37.76334],[144.93781,-37.76451]],[[144.93804,-37.76082],[144.93788,-37.76334]],[[144.93758,-37.76428],[144.93763,-37.7632]],[[144.93763,-37.7632],[144.93782,-37.76079]],[[144.93767,-37.76641],[144.93745,-37.76886]],[[144.9372,-37.76896],[144.93726,-37.76835]],[[144.93602,-37.75256],[144.93746,-37.75539],[144.93801,-37.75771]]]}}