{"n":{"rail":[[[144.94005,-37.78773],[144.94089,-37.78735]],[[144.94089,-37.78735],[144.94189,-37.7869]],[[144.94189,-37.7869],[144.94208,-37.78681]],[[144.94208,-37.78681],[144.94428,-37.78538],[144.94745,-37.78253],[144.94947,-37.78153]],[[144.93835,-37.78881],[144.94005,-37.78773]],[[144.94947,-37.78153],[144.94959,-37.78149]],[[144.94948,-37.78156],[144.94752,-37.78253],[144.9421,-37.78684]],[[144.9421,-37.78684],[144.94191,-37.78694]],[[144.94191,-37.78694],[144.94092,-37.78739]],[[144.94092,-37.78739],[144.94008,-37.78776]],[[144.9496,-37.78152],[144.94948,-37.78156]],[[144.94008,-37.78776],[144.93838,-37.78883]],[[144.94959,-37.78149],[144.95513,-37.7809]],[[144.95509,-37.78095],[144.9496,-37.78152]]],"tram":[[[144.93981,-37.78687],[144.94002,-37.78717]],[[144.94974,-37.78827],[144.94866,-37.7835],[144.94953,-37.78207],[144.94959,-37.78114],[144.95119,-37.78081],[144.95135,-37.77999],[144.95087,-37.77846],[144.94878,-37.77568]],[[144.95029,-37.78095],[144.95004,-37.781]],[[144.94002,-37.78717],[144.9424,-37.78955]],[[144.94236,-37.78957],[144.94,-37.7872]],[[144.94,-37.7872],[144.93977,-37.7869]],[[144.93727,-37.7889],[144.92151,-37.78743]],[[144.92155,-37.7874],[144.93728,-37.78887]],[[144.94882,-37.77568],[144.95086,-37.77839],[144.95138,-37.77991],[144.95122,-37.78084],[144.94962,-37.78119],[144.94955,-37.78211],[144.94869,-37.78355],[144.94978,-37.78825]],[[144.93977,-37.7869],[144.93769,-37.78439],[144.9336,-37.7823],[144.93136,-37.77977]],[[144.93255,-37.78113],[144.93423,-37.78269],[144.93773,-37.78438],[144.93981,-37.78687]],[[144.94878,-37.77568],[144.94977,-37.7702]],[[144.94981,-37.77019],[144.94882,-37.77568]],[[144.93135,-37.77901],[144.93188,-37.77875]],[[144.93137,-37.77904],[144.9319,-37.77878]],[[144.93139,-37.77906],[144.93192,-37.7788]],[[144.93143,-37.7791],[144.93195,-37.77884]],[[144.93147,-37.77916],[144.93199,-37.77889]],[[144.93145,-37.77913],[144.93197,-37.77887]],[[144.93125,-37.77901],[144.93185,-37.77871]],[[144.93123,-37.77898],[144.93183,-37.77868]],[[144.9312,-37.77895],[144.93181,-37.77866]],[[144.93114,-37.77886],[144.93174,-37.77857]],[[144.93115,-37.77889],[144.93175,-37.77859]],[[144.93117,-37.77891],[144.93177,-37.77861]],[[144.93106,-37.77877],[144.93167,-37.77848]],[[144.93108,-37.77879],[144.93168,-37.7785]],[[144.9311,-37.77881],[144.9317,-37.77852]],[[144.93138,-37.77973],[144.93255,-37.78113]]],"freeway":[[[144.93915,-37.78625],[144.93919,-37.786]],[[144.93586,-37.77353],[144.93618,-37.77333]],[[144.93743,-37.76909],[144.93726,-37.77078]],[[144.93726,-37.77078],[144.93722,-37.77118]],[[144.93704,-37.77078],[144.93718,-37.7692]],[[144.93722,-37.77118],[144.93711,-37.77309]],[[144.937,-37.77119],[144.93704,-37.77078]],[[144.93742,-37.77079],[144.93743,-37.77117]],[[144.93689,-37.77079],[144.93718,-37.7692]],[[144.93684,-37.77121],[144.93689,-37.77079]],[[144.93687,-37.77328],[144.937,-37.77119]],[[144.93687,-37.77359],[144.93687,-37.77328]],[[144.93712,-37.77423],[144.93745,-37.77679],[144.93917,-37.78043]],[[144.93711,-37.77309],[144.93711,-37.77343]],[[144.9373,-37.77376],[144.93719,-37.77393]],[[144.93889,-37.78562],[144.93934,-37.78559]],[[144.93977,-37.78537],[144.93948,-37.78656]],[[144.9396,-37.78393],[144.93915,-37.78081]],[[144.95196,-37.78782],[144.95106,-37.78782]],[[144.95274,-37.78789],[144.95548,-37.78826]],[[144.95199,-37.78774],[144.95101,-37.78783]],[[144.95041,-37.78793],[144.95111,-37.78772]],[[144.95199,-37.78774],[144.95274,-37.78789]],[[144.93987,-37.78725],[144.93965,-37.78697]],[[144.93943,-37.78509],[144.93937,-37.78244]],[[144.94985,-37.78821],[144.95041,-37.78793]],[[144.93735,-37.76971],[144.93742,-37.77079]],[[144.93743,-37.77117],[144.93728,-37.77297]],[[144.93965,-37.78697],[144.93953,-37.78682]],[[144.93937,-37.78244],[144.93908,-37.78096],[144.93796,-37.77879]],[[144.94003,-37.78745],[144.93987,-37.78725]],[[144.9404,-37.7879],[144.9402,-37.78773]],[[144.9373,-37.77376],[144.93733,-37.77397]],[[144.93633,-37.7729],[144.93684,-37.77121]],[[144.93915,-37.78081],[144.93737,-37.77712]],[[144.93917,-37.78043],[144.93979,-37.78394]],[[144.9404,-37.7881],[144.94022,-37.78779]],[[144.94022,-37.78779],[144.9402,-37.78773]],[[144.93948,-37.78656],[144.93801,-37.78901]],[[144.93784,-37.78896],[144.93929,-37.78653]],[[144.93929,-37.78653],[144.9396,-37.7852]],[[144.93922,-37.78593],[144.93934,-37.78559]],[[144.93919,-37.786],[144.93922,-37.78593]],[[144.93687,-37.77412],[144.93687,-37.77359]],[[144.93711,-37.77343],[144.93712,-37.77423]],[[144.95274,-37.78789],[144.95196,-37.78782]],[[144.93934,-37.78559],[144.93943,-37.78509]],[[144.93728,-37.77297],[144.9373,-37.77376]],[[144.94073,-37.78672],[144.94049,-37.78716]],[[144.94082,-37.78788],[144.94105,-37.78823]],[[144.93613,-37.77361],[144.93618,-37.77333]],[[144.95111,-37.78772],[144.95199,-37.78774]],[[144.93618,-37.77333],[144.93633,-37.7729]],[[144.94002,-37.78449],[144.94017,-37.78496]],[[144.93985,-37.78185],[144.93997,-37.78407]],[[144.94054,-37.7881],[144.94045,-37.78797]],[[144.94075,-37.7876],[144.94082,-37.78788]],[[144.94017,-37.78496],[144.94056,-37.78589]],[[144.94056,-37.78589],[144.94069,-37.78628]],[[144.94074,-37.78718],[144.94075,-37.7876]],[[144.93921,-37.78642],[144.93919,-37.78639]],[[144.9402,-37.78773],[144.94016,-37.78767]],[[144.9404,-37.7879],[144.94003,-37.78745]],[[144.93997,-37.78407],[144.94002,-37.78449]],[[144.94069,-37.78628],[144.94073,-37.78672]],[[144.93953,-37.78682],[144.93921,-37.78642]],[[144.94016,-37.78767],[144.94003,-37.78745]],[[144.94045,-37.78797],[144.9404,-37.7879]],[[144.94073,-37.78672],[144.94074,-37.78718]],[[144.93919,-37.78639],[144.93915,-37.78625]],[[144.93772,-37.77837],[144.93757,-37.77807]],[[144.93796,-37.77879],[144.93772,-37.77837]],[[144.93757,-37.77807],[144.93726,-37.77686]],[[144.93737,-37.77712],[144.93726,-37.77686]],[[144.93726,-37.77686],[144.93719,-37.77663]],[[144.93719,-37.77663],[144.93687,-37.77412]],[[144.9396,-37.7852],[144.9396,-37.78393]],[[144.93979,-37.78394],[144.93977,-37.78537]],[[144.93917,-37.78043],[144.93985,-37.78185]],[[144.95106,-37.78782],[144.95058,-37.78798]],[[144.95058,-37.78798],[144.94994,-37.78835]]]}}