{"t":[{"r":"WHITTLESEA-YEA ROAD","v":739,"h":12,"c":[[145.28668,-37.36838],[145.28295,-37.37277]]},{"r":"WHITTLESEA-YEA ROAD","v":748,"h":14,"c":[[145.28295,-37.37277],[145.28668,-37.36838]]}]}