{"t":[{"r":"WHITTLESEA-YEA ROAD","v":739,"h":12,"c":[[145.28755,-37.33418],[145.28796,-37.3357],[145.28783,-37.33749],[145.28991,-37.33983],[145.28883,-37.3429],[145.28898,-37.34652],[145.28716,-37.35067],[145.28752,-37.35184],[145.28907,-37.35398]]},{"r":"WHITTLESEA-YEA ROAD","v":748,"h":14,"c":[[145.28907,-37.35398],[145.28752,-37.35184],[145.28716,-37.35067],[145.28898,-37.34652],[145.28883,-37.3429],[145.28991,-37.33983],[145.28783,-37.33749],[145.28796,-37.3357],[145.28755,-37.33418]]}]}