{"t":[{"r":"WHITTLESEA-YEA ROAD","v":739,"h":12,"c":[[145.29263,-37.31732],[145.29104,-37.31728],[145.28997,-37.31762],[145.28841,-37.31901]]},{"r":"WHITTLESEA-YEA ROAD","v":748,"h":14,"c":[[145.28841,-37.31901],[145.28997,-37.31762],[145.29104,-37.31728],[145.29263,-37.31732]]}]}