{"t":[{"r":"WHITTLESEA-YEA ROAD","v":739,"h":12,"c":[[145.28997,-37.31762],[145.28841,-37.31901],[145.28806,-37.3229],[145.28709,-37.32695],[145.28761,-37.33094],[145.28755,-37.33418],[145.28796,-37.3357]]},{"r":"WHITTLESEA-YEA ROAD","v":748,"h":14,"c":[[145.28796,-37.3357],[145.28755,-37.33418],[145.28761,-37.33094],[145.28709,-37.32695],[145.28806,-37.3229],[145.28841,-37.31901],[145.28997,-37.31762]]}]}