{"t":[{"r":"SCOTT STREET","v":1008,"h":11,"c":[[145.28785,-37.57955],[145.28787,-37.57911],[145.28974,-37.57876],[145.29227,-37.57736],[145.29224,-37.57579],[145.29543,-37.57503],[145.29742,-37.57565],[145.29984,-37.57485],[145.30134,-37.57295],[145.30222,-37.57085],[145.30482,-37.56896],[145.30437,-37.5685],[145.30462,-37.56804],[145.30719,-37.56699]]},{"r":"HEIDELBERG-KINGLAKE ROAD","v":975,"h":12,"c":[[145.30719,-37.56699],[145.30446,-37.56818],[145.30479,-37.56904],[145.30324,-37.56989],[145.30222,-37.57085],[145.3014,-37.57284],[145.29984,-37.57485],[145.29742,-37.57565],[145.29543,-37.57503],[145.2924,-37.57569],[145.29212,-37.57617],[145.29227,-37.57736],[145.28974,-37.57876],[145.28779,-37.5792],[145.28773,-37.57941],[145.28899,-37.58017]]}]}