{"t":[{"r":"WHITTLESEA-KINGLAKE ROAD","v":1507,"h":11,"c":[[145.29942,-37.49031],[145.30146,-37.49306],[145.3034,-37.49649],[145.30632,-37.49969]]},{"r":"WHITTLESEA-KINGLAKE ROAD","v":1509,"h":11,"c":[[145.30632,-37.49969],[145.3034,-37.49649],[145.30146,-37.49306],[145.29942,-37.49031]]}]}