{"t":[{"r":"WHITTLESEA-KINGLAKE ROAD","v":1507,"h":11,"c":[[145.24972,-37.4805],[145.28836,-37.48182],[145.29057,-37.48197],[145.2916,-37.48237],[145.2976,-37.48667],[145.29942,-37.49031],[145.30146,-37.49306]]},{"r":"WHITTLESEA-KINGLAKE ROAD","v":1509,"h":11,"c":[[145.30146,-37.49306],[145.29942,-37.49031],[145.2976,-37.48667],[145.2916,-37.48237],[145.29057,-37.48197],[145.28836,-37.48182],[145.24972,-37.4805]]}]}