{"t":[{"r":"SYMONDS STREET","v":1391,"h":20,"c":[[145.28125,-37.65374],[145.28374,-37.6525],[145.28551,-37.65089],[145.28646,-37.65054],[145.2905,-37.65072],[145.2944,-37.65167],[145.29725,-37.65191],[145.30238,-37.65438],[145.30362,-37.65433],[145.30588,-37.65337]]},{"r":"SYMONDS STREET","v":1459,"h":6,"c":[[145.30588,-37.65337],[145.30362,-37.65433],[145.30238,-37.65438],[145.29725,-37.65191],[145.2944,-37.65167],[145.2905,-37.65072],[145.28646,-37.65054],[145.28551,-37.65089],[145.28374,-37.6525],[145.28125,-37.65374]]}]}