{"t":[{"r":"PAYNES ROAD","v":2773,"h":6,"c":[[145.30342,-37.73455],[145.32028,-37.73655]]},{"r":"BRUSHY PARK ROAD","v":3274,"h":6,"c":[[145.2819,-37.74287],[145.28398,-37.74721],[145.28923,-37.75189],[145.29072,-37.7552]]},{"r":"BRUSHY PARK ROAD","v":3483,"h":6,"c":[[145.2819,-37.74287],[145.28398,-37.74721],[145.28923,-37.75189],[145.29072,-37.7552]]},{"r":"PAYNES ROAD","v":2819,"h":6,"c":[[145.30342,-37.73455],[145.32028,-37.73655]]}]}