{"t":[{"r":"SCOTT STREET","v":1008,"h":11,"c":[[145.28293,-37.59051],[145.28461,-37.58823],[145.28561,-37.58586],[145.28548,-37.58478],[145.28641,-37.58245],[145.28833,-37.58144],[145.28906,-37.58058],[145.28893,-37.58009],[145.28785,-37.57955],[145.28787,-37.57911]]},{"r":"HEIDELBERG-KINGLAKE ROAD","v":975,"h":12,"c":[[145.28773,-37.57941],[145.28899,-37.58017],[145.289,-37.58071],[145.28833,-37.58144],[145.28641,-37.58245],[145.28548,-37.58478],[145.28561,-37.58586],[145.28461,-37.58823],[145.28293,-37.59051]]}]}