{"t":[{"r":"PAYNES ROAD","v":2773,"h":6,"c":[[145.2885,-37.7297],[145.28996,-37.73164],[145.29254,-37.73158],[145.2985,-37.73216],[145.30342,-37.73455],[145.32028,-37.73655]]},{"r":"LOWER HOMESTEAD ROAD","v":3483,"h":6,"c":[[145.2885,-37.7297],[145.28457,-37.73151],[145.28313,-37.73326]]},{"r":"LOWER HOMESTEAD ROAD","v":3274,"h":6,"c":[[145.2885,-37.7297],[145.28457,-37.73151],[145.28313,-37.73326]]},{"r":"PAYNES ROAD","v":2819,"h":6,"c":[[145.2885,-37.7297],[145.28996,-37.73164],[145.29254,-37.73158],[145.2985,-37.73216],[145.30342,-37.73455],[145.32028,-37.73655]]}]}