{"t":[{"r":"CRANBOURNE ROAD","v":11858,"h":3,"c":[[145.29912,-38.06528],[145.29562,-38.0834]]},{"r":"THOMPSONS ROAD","v":16055,"h":9,"c":[[145.27644,-38.08224],[145.29537,-38.08448]]},{"r":"THOMPSONS ROAD","v":14951,"h":5,"c":[[145.29374,-38.08432],[145.27644,-38.08224]]},{"r":"NARRE WARREN ROAD","v":13540,"h":3,"c":[[145.29537,-38.08448],[145.29912,-38.06528]]}]}