{"t":[{"r":"HEATHERTON ROAD","v":6323,"h":4,"c":[[145.27876,-37.97744],[145.31042,-37.98154]]},{"r":"HEATHERTON ROAD","v":5603,"h":5,"c":[[145.31042,-37.98154],[145.27876,-37.97744]]}]}