{"t":[{"r":"BAXTER-TOORADIN ROAD","v":6129,"h":6,"c":[[145.27622,-38.202],[145.29186,-38.2035],[145.30376,-38.20127],[145.31064,-38.19904]]},{"r":"BAXTER-TOORADIN ROAD","v":5825,"h":6,"c":[[145.31064,-38.19904],[145.30376,-38.20127],[145.29186,-38.2035],[145.27622,-38.202]]}]}