{"t":[{"r":"BROWNS ROAD","v":2156,"h":0,"c":[[145.2455,-38.14784],[145.29141,-38.15343]]},{"r":"BROWNS ROAD","v":2020,"h":0,"c":[[145.2455,-38.14784],[145.29141,-38.15343]]}]}