{"t":[{"r":"RHYLL-NEWHAVEN ROAD","v":422,"h":8,"c":[[145.29422,-38.46888],[145.28325,-38.47954],[145.28188,-38.48139]]},{"r":"RHYLL-NEWHAVEN ROAD","v":395,"h":8,"c":[[145.29422,-38.46888],[145.28325,-38.47954],[145.28188,-38.48139]]}]}