{"t":[{"r":"PHILLIP ISLAND ROAD","v":6139,"h":9,"c":[[145.30007,-38.51223],[145.30721,-38.51411]]},{"r":"PHILLIP ISLAND ROAD","v":6312,"h":9,"c":[[145.30721,-38.51411],[145.30007,-38.51223]]}]}