{"b":[{"h":6,"g":[[144.619706,-37.347975],[144.619872,-37.34806],[144.62008,-37.347804],[144.619915,-37.347722],[144.619706,-37.347975]]},{"h":6,"g":[[144.619763,-37.347657],[144.619979,-37.347694],[144.619984,-37.347668],[144.620021,-37.347674],[144.620034,-37.347615],[144.619787,-37.347575],[144.619763,-37.347657]]},{"h":6,"g":[[144.61969,-37.347811],[144.619804,-37.347841],[144.619858,-37.347694],[144.619745,-37.347668],[144.61969,-37.347811]]},{"h":6,"g":[[144.620692,-37.347157],[144.62084,-37.347172],[144.620871,-37.346955],[144.620726,-37.346942],[144.620692,-37.347157]]}]}