{"b":[{"h":6,"g":[[144.605301,-37.233511],[144.605392,-37.23357],[144.605494,-37.233464],[144.605392,-37.2334],[144.605301,-37.233511]]}]}