{"b":[{"h":6,"g":[[144.604151,-37.497399],[144.604347,-37.497542],[144.604184,-37.497683],[144.604257,-37.497736],[144.604509,-37.497517],[144.604241,-37.497321],[144.604151,-37.497399]]},{"h":6,"g":[[144.604305,-37.497849],[144.604562,-37.497876],[144.604578,-37.497783],[144.604321,-37.497755],[144.604305,-37.497849]]}]}