{"b":[{"h":6,"g":[[144.612149,-37.432561],[144.61215,-37.432639],[144.612278,-37.432638],[144.612277,-37.432559],[144.612239,-37.43256],[144.612149,-37.432561]]}]}