{"b":[{"h":6,"g":[[144.615982,-37.549578],[144.616051,-37.54958],[144.616055,-37.54949],[144.615986,-37.549489],[144.615982,-37.549578]]}]}