{"b":[{"h":6,"g":[[144.620251,-37.623974],[144.620542,-37.624055],[144.620592,-37.623941],[144.620519,-37.62392],[144.620511,-37.623937],[144.620477,-37.623928],[144.620486,-37.623905],[144.620394,-37.62388],[144.620385,-37.6239],[144.620295,-37.623875],[144.620251,-37.623974]]},{"h":6,"g":[[144.620691,-37.623035],[144.620942,-37.623092],[144.620971,-37.623014],[144.62072,-37.622957],[144.620691,-37.623035]]},{"h":6,"g":[[144.620136,-37.621063],[144.620253,-37.621126],[144.620443,-37.620903],[144.620325,-37.62084],[144.620136,-37.621063]]}]}