{"b":[{"h":6,"g":[[144.612505,-37.751389],[144.612594,-37.751401],[144.612606,-37.751341],[144.612518,-37.751329],[144.612505,-37.751389]]}]}