{"b":[{"h":6,"g":[[144.606273,-37.683799],[144.606434,-37.683959],[144.606846,-37.6837],[144.606685,-37.68354],[144.606558,-37.68362],[144.606273,-37.683799]]},{"h":6,"g":[[144.605358,-37.683136],[144.606044,-37.683235],[144.60611,-37.682948],[144.605424,-37.682849],[144.605358,-37.683136]]},{"h":6,"g":[[144.60705,-37.683277],[144.607175,-37.683381],[144.607127,-37.683417],[144.607183,-37.683463],[144.607295,-37.683379],[144.607115,-37.683228],[144.60705,-37.683277]]},{"h":6,"g":[[144.607633,-37.681525],[144.607641,-37.68162],[144.607764,-37.681616],[144.607767,-37.681657],[144.607843,-37.681655],[144.607838,-37.681615],[144.607872,-37.681615],[144.607886,-37.681628],[144.60796,-37.681625],[144.607955,-37.681494],[144.607872,-37.681497],[144.607872,-37.681522],[144.607816,-37.681524],[144.607816,-37.681502],[144.607761,-37.681499],[144.607761,-37.681524],[144.607633,-37.681525]]}]}