{"b":[{"h":6,"g":[[144.617416,-37.80029],[144.61759,-37.800309],[144.617598,-37.80026],[144.617425,-37.800241],[144.617416,-37.80029]]}]}