{"b":[{"h":6,"g":[[144.618945,-37.839666],[144.619071,-37.839676],[144.619109,-37.839473],[144.618973,-37.839456],[144.618945,-37.839666]]}]}