{"b":[{"h":6,"g":[[144.622515,-37.76255],[144.622597,-37.76258],[144.62258,-37.762609],[144.622656,-37.762637],[144.622722,-37.762527],[144.622564,-37.762468],[144.622515,-37.76255]]}]}