{"b":[{"h":6,"g":[[144.604614,-37.93505],[144.604694,-37.935064],[144.604729,-37.93491],[144.604643,-37.934899],[144.604614,-37.93505]]},{"h":6,"g":[[144.604876,-37.935126],[144.604898,-37.935202],[144.604935,-37.935193],[144.604981,-37.935354],[144.605053,-37.935344],[144.605019,-37.935109],[144.604876,-37.935126]]},{"h":6,"g":[[144.605056,-37.93517],[144.605075,-37.935248],[144.60523,-37.935223],[144.605217,-37.935151],[144.605056,-37.93517]]},{"h":6,"g":[[144.614867,-37.928468],[144.615022,-37.928552],[144.615096,-37.928468],[144.615086,-37.928462],[144.615148,-37.928391],[144.615193,-37.928416],[144.615203,-37.928405],[144.615275,-37.928444],[144.615339,-37.928371],[144.61508,-37.92823],[144.61496,-37.928368],[144.61499,-37.928384],[144.614954,-37.928426],[144.61492,-37.928408],[144.614867,-37.928468]]}]}