{"b":[{"h":6,"g":[[145.699437,-37.353143],[145.699443,-37.35353],[145.699611,-37.353523],[145.699619,-37.353143],[145.699437,-37.353143]]}]}