{"b":[{"h":6,"g":[[145.692357,-37.545854],[145.692435,-37.545905],[145.692582,-37.545765],[145.692524,-37.545727],[145.692452,-37.545795],[145.692433,-37.545782],[145.692357,-37.545854]]},{"h":6,"g":[[145.692129,-37.547122],[145.692232,-37.547167],[145.692264,-37.547121],[145.692161,-37.547076],[145.692129,-37.547122]]},{"h":6,"g":[[145.692086,-37.546942],[145.692363,-37.547063],[145.69245,-37.546939],[145.692383,-37.54691],[145.692422,-37.546854],[145.692315,-37.546807],[145.692276,-37.546864],[145.692172,-37.546818],[145.692086,-37.546942]]},{"h":6,"g":[[145.69968,-37.549583],[145.699796,-37.549622],[145.699855,-37.549511],[145.69974,-37.549473],[145.69968,-37.549583]]}]}