{"b":[{"h":6,"g":[[145.680737,-37.706904],[145.680863,-37.706964],[145.68094,-37.706863],[145.680922,-37.706855],[145.680814,-37.706803],[145.680737,-37.706904]]}]}