{"b":[{"h":6,"g":[[145.691044,-37.851746],[145.691208,-37.85177],[145.691249,-37.851602],[145.691085,-37.851577],[145.691044,-37.851746]]},{"h":6,"g":[[145.690943,-37.852064],[145.691055,-37.852081],[145.691097,-37.851909],[145.690985,-37.851892],[145.690943,-37.852064]]},{"h":6,"g":[[145.691653,-37.852435],[145.691849,-37.852557],[145.691913,-37.852492],[145.691716,-37.852371],[145.691653,-37.852435]]},{"h":6,"g":[[145.69078,-37.852841],[145.69098,-37.852864],[145.690998,-37.852766],[145.69096,-37.852762],[145.690973,-37.85269],[145.690873,-37.852679],[145.690859,-37.852752],[145.690798,-37.852745],[145.69078,-37.852841]]}]}