{"b":[{"h":6,"g":[[145.683351,-38.433504],[145.683421,-38.433515],[145.683438,-38.43345],[145.683368,-38.433439],[145.683351,-38.433504]]}]}