{"b":[{"h":6,"g":[[145.695818,-38.532896],[145.696017,-38.532913],[145.69603,-38.532823],[145.695831,-38.532805],[145.695818,-38.532896]]},{"h":6,"g":[[145.698225,-38.532336],[145.698303,-38.532352],[145.698341,-38.532246],[145.698263,-38.532229],[145.698225,-38.532336]]},{"h":6,"g":[[145.699379,-38.533002],[145.699456,-38.533116],[145.699786,-38.532977],[145.699709,-38.532864],[145.699379,-38.533002]]},{"h":6,"g":[[145.697506,-38.532049],[145.697707,-38.532153],[145.697804,-38.53204],[145.697603,-38.531936],[145.697506,-38.532049]]}]}