{"b":[{"h":6,"g":[[145.036659,-37.321159],[145.036679,-37.321187],[145.036684,-37.321185],[145.036736,-37.321161],[145.036741,-37.32116],[145.03672,-37.321131],[145.036659,-37.321159]]},{"h":6,"g":[[145.030658,-37.330086],[145.030689,-37.330106],[145.030731,-37.330067],[145.0307,-37.330047],[145.030658,-37.330086]]},{"h":6,"g":[[145.036871,-37.321047],[145.036892,-37.321077],[145.036966,-37.321045],[145.036946,-37.321015],[145.036871,-37.321047]]}]}