{"b":[{"h":6,"g":[[145.02798,-37.371489],[145.027999,-37.371521],[145.027984,-37.371526],[145.028035,-37.371613],[145.028068,-37.371603],[145.028092,-37.371595],[145.028043,-37.371517],[145.02801,-37.371518],[145.027991,-37.371487],[145.02798,-37.371489]]},{"h":6,"g":[[145.027881,-37.371656],[145.027893,-37.371681],[145.027915,-37.371674],[145.027929,-37.371669],[145.027919,-37.371648],[145.027902,-37.371652],[145.027881,-37.371656]]}]}