{"b":[{"h":6,"g":[[145.021338,-37.430606],[145.021358,-37.430607],[145.021345,-37.430698],[145.021527,-37.430715],[145.021538,-37.430641],[145.021478,-37.430636],[145.021492,-37.430539],[145.02138,-37.430529],[145.021376,-37.430556],[145.021346,-37.430554],[145.021338,-37.430606]]},{"h":6,"g":[[145.022673,-37.429647],[145.022771,-37.429647],[145.022771,-37.429663],[145.022812,-37.429663],[145.022813,-37.429573],[145.022876,-37.429573],[145.022876,-37.429444],[145.022827,-37.429444],[145.022828,-37.429384],[145.022704,-37.429384],[145.022704,-37.429556],[145.022673,-37.429564],[145.022673,-37.429647]]},{"h":6,"g":[[145.023344,-37.429756],[145.023348,-37.429871],[145.023423,-37.429869],[145.023419,-37.429755],[145.023344,-37.429756]]},{"h":6,"g":[[145.019744,-37.430657],[145.019831,-37.430697],[145.019911,-37.430587],[145.019824,-37.430547],[145.019744,-37.430657]]}]}