{"b":[{"h":6,"g":[[145.031384,-37.507928],[145.031445,-37.50793],[145.031448,-37.507875],[145.031387,-37.507873],[145.031384,-37.507928]]}]}