{"b":[{"h":6,"g":[[145.019544,-37.440238],[145.019605,-37.440338],[145.019875,-37.440234],[145.019814,-37.440134],[145.019544,-37.440238]]},{"h":6,"g":[[145.019589,-37.440635],[145.019637,-37.44074],[145.0198,-37.440693],[145.019751,-37.440588],[145.019589,-37.440635]]}]}