{"b":[{"h":6,"g":[[145.037144,-38.412153],[145.037253,-38.412204],[145.037346,-38.412081],[145.037237,-38.412031],[145.037144,-38.412153]]},{"h":6,"g":[[145.037048,-38.41224],[145.037103,-38.412381],[145.037169,-38.412383],[145.037174,-38.412402],[145.037282,-38.412379],[145.03726,-38.412295],[145.037227,-38.412301],[145.037212,-38.412294],[145.037189,-38.412212],[145.037048,-38.41224]]},{"h":6,"g":[[145.037592,-38.411337],[145.037596,-38.411376],[145.037635,-38.411404],[145.037694,-38.411387],[145.037692,-38.411342],[145.037641,-38.411317],[145.037592,-38.411337]]}]}