{"b":[{"h":6,"g":[[145.019642,-38.298076],[145.019694,-38.298171],[145.019983,-38.298073],[145.019931,-38.297978],[145.019642,-38.298076]]}]}