{"b":[{"h":6,"g":[[145.03958,-38.364137],[145.039637,-38.364145],[145.039635,-38.364155],[145.039665,-38.364159],[145.039667,-38.364149],[145.039807,-38.364168],[145.039795,-38.364223],[145.039867,-38.364233],[145.039879,-38.364178],[145.039925,-38.364184],[145.039946,-38.364091],[145.0396,-38.364044],[145.03958,-38.364137]]}]}