{"b":[{"h":6,"g":[[145.038002,-38.447104],[145.038015,-38.447164],[145.038157,-38.447172],[145.038278,-38.44716],[145.038278,-38.447057],[145.03831,-38.447057],[145.038292,-38.446912],[145.038281,-38.446847],[145.038251,-38.44685],[145.038245,-38.446741],[145.038154,-38.446751],[145.038173,-38.446862],[145.038142,-38.446865],[145.038153,-38.446926],[145.038092,-38.446932],[145.038106,-38.446998],[145.03816,-38.446993],[145.038155,-38.447089],[145.038002,-38.447104]]}]}