{"t":[{"r":"KONAGADERRA ROAD","v":924,"h":6,"c":[[144.85176,-37.55813],[144.84864,-37.56254],[144.84777,-37.56431],[144.84398,-37.58571]]},{"r":"KONAGADERRA ROAD","v":990,"h":6,"c":[[144.85176,-37.55813],[144.84864,-37.56254],[144.84777,-37.56431],[144.84398,-37.58571]]}]}