{"t":[{"r":"KONAGADERRA ROAD","v":924,"h":6,"c":[[144.84002,-37.54774],[144.84565,-37.548],[144.84712,-37.54872],[144.84897,-37.55095],[144.85039,-37.55205],[144.85053,-37.55427],[144.85185,-37.5559],[144.85206,-37.55714],[144.85176,-37.55813],[144.84864,-37.56254]]},{"r":"KONAGADERRA ROAD","v":990,"h":6,"c":[[144.84002,-37.54774],[144.84565,-37.548],[144.84712,-37.54872],[144.84897,-37.55095],[144.85039,-37.55205],[144.85053,-37.55427],[144.85185,-37.5559],[144.85206,-37.55714],[144.85176,-37.55813],[144.84864,-37.56254]]}]}