{"t":[{"r":"SOMERTON ROAD","v":16252,"h":6,"c":[[144.83636,-37.6296],[144.88145,-37.63478]]},{"r":"SOMERTON ROAD","v":8103,"h":6,"c":[[144.88145,-37.63478],[144.83636,-37.6296]]}]}