{"t":[{"r":"SUNBURY ROAD","v":10552,"h":5,"c":[[144.84296,-37.65385],[144.84441,-37.65599],[144.84748,-37.65823],[144.85146,-37.65981],[144.85332,-37.66091],[144.85499,-37.66295],[144.85563,-37.66442],[144.85574,-37.66564]]},{"r":"TULLAMARINE FREEWAY","v":9656,"h":4,"c":[[144.85574,-37.66564],[144.85577,-37.66971]]},{"r":"TULLAMARINE FREEWAY","v":10251,"h":5,"c":[[144.85552,-37.67084],[144.85549,-37.66625]]},{"r":"TULLAMARINE FREEWAY","v":10138,"h":5,"c":[[144.85549,-37.66625],[144.85524,-37.6635],[144.85378,-37.66131],[144.85187,-37.66001],[144.84634,-37.65758],[144.84396,-37.65545],[144.84296,-37.65385]]}]}