{"t":[{"r":"SOMERTON ROAD","v":16252,"h":6,"c":[[144.83636,-37.6296],[144.88145,-37.63478]]},{"r":"OAKLANDS ROAD","v":1644,"h":6,"c":[[144.84398,-37.58571],[144.83922,-37.61495]]},{"r":"SOMERTON ROAD","v":8103,"h":6,"c":[[144.88145,-37.63478],[144.83636,-37.6296]]},{"r":"OAKLANDS ROAD","v":1817,"h":6,"c":[[144.84398,-37.58571],[144.83922,-37.61495]]}]}