{"t":[{"r":"KOROROIT CREEK ROAD","v":14940,"h":12,"c":[[144.86269,-37.85511],[144.8885,-37.85766]]},{"r":"MILLERS ROAD","v":10814,"h":6,"c":[[144.84391,-37.85664],[144.83904,-37.8654]]},{"r":"MILLERS ROAD","v":11810,"h":3,"c":[[144.83904,-37.8654],[144.84391,-37.85664]]},{"r":"KOROROIT CREEK ROAD","v":10836,"h":12,"c":[[144.8885,-37.85766],[144.86269,-37.85511]]}]}