{"t":[{"r":"TRUEMANS ROAD","v":1501,"h":6,"c":[[144.86296,-38.36694],[144.85799,-38.37867],[144.85775,-38.38303],[144.85662,-38.38601],[144.85613,-38.39395]]},{"r":"TRUEMANS ROAD","v":1786,"h":6,"c":[[144.86296,-38.36694],[144.85799,-38.37867],[144.85775,-38.38303],[144.85662,-38.38601],[144.85613,-38.39395]]}]}