{"t":[{"r":"TRUEMANS ROAD","v":1501,"h":6,"c":[[144.8592,-38.42682],[144.85889,-38.43294],[144.85674,-38.43519],[144.8564,-38.44187],[144.85505,-38.44342],[144.85807,-38.44496],[144.85954,-38.44694]]},{"r":"TRUEMANS ROAD","v":1786,"h":6,"c":[[144.8592,-38.42682],[144.85889,-38.43294],[144.85674,-38.43519],[144.8564,-38.44187],[144.85505,-38.44342],[144.85807,-38.44496],[144.85954,-38.44694]]}]}