{"t":[{"r":"TRUEMANS ROAD","v":1501,"h":6,"c":[[144.85807,-38.44496],[144.85954,-38.44694]]},{"r":"TRUEMANS ROAD","v":1786,"h":6,"c":[[144.85807,-38.44496],[144.85954,-38.44694]]}]}