{"n":{"rail":[[[145.38067,-38.06017],[145.40738,-38.06544]],[[145.40737,-38.06547],[145.38079,-38.06025]],[[145.41368,-38.06664],[145.41392,-38.06669]],[[145.41391,-38.06672],[145.41367,-38.06668]],[[145.43386,-38.07054],[145.41391,-38.06672]],[[145.41392,-38.06669],[145.43387,-38.0705]],[[145.40919,-38.06578],[145.41368,-38.06664]],[[145.40738,-38.06544],[145.40746,-38.06545]],[[145.41367,-38.06668],[145.40918,-38.06582]],[[145.40745,-38.06549],[145.40737,-38.06547]],[[145.40746,-38.06545],[145.40911,-38.06577]],[[145.4091,-38.0658],[145.40745,-38.06549]],[[145.40911,-38.06577],[145.40919,-38.06578]],[[145.40918,-38.06582],[145.4091,-38.0658]]],"freeway":[[[145.40681,-38.07503],[145.41548,-38.07628]],[[145.40607,-38.07508],[145.39515,-38.07339]],[[145.40676,-38.07518],[145.40607,-38.07508]],[[145.40612,-38.07493],[145.40681,-38.07503]],[[145.39355,-38.07317],[145.39096,-38.07286]],[[145.41543,-38.07647],[145.40676,-38.07518]],[[145.38778,-38.07123],[145.39355,-38.07286],[145.40612,-38.07493]],[[145.39515,-38.07339],[145.38874,-38.07174]],[[145.39515,-38.07339],[145.39355,-38.07317]],[[145.40358,-38.07491],[145.39931,-38.07411]],[[145.40075,-38.07416],[145.40473,-38.07432]],[[145.40521,-38.07431],[145.40639,-38.07412]],[[145.40603,-38.07588],[145.40586,-38.07537]],[[145.40473,-38.07432],[145.40635,-38.07432]],[[145.40608,-38.0754],[145.40358,-38.07491]]]}}