{"b":[{"h":6,"g":[[145.129838,-37.467937],[145.129845,-37.46808],[145.130202,-37.468063],[145.130192,-37.467923],[145.129838,-37.467937]]}]}