{"b":[{"h":6,"g":[[145.148492,-38.300889],[145.148736,-38.300896],[145.148737,-38.30079],[145.148585,-38.30078],[145.14858,-38.300801],[145.1485,-38.300799],[145.148492,-38.300889]]},{"h":6,"g":[[145.148485,-38.301063],[145.148486,-38.301121],[145.148639,-38.301119],[145.148646,-38.301065],[145.148597,-38.301061],[145.148598,-38.301047],[145.148528,-38.301044],[145.148533,-38.301059],[145.148485,-38.301063]]},{"h":6,"g":[[145.148491,-38.30113],[145.148492,-38.301198],[145.148636,-38.301197],[145.148639,-38.301134],[145.148491,-38.30113]]},{"h":6,"g":[[145.146375,-38.300354],[145.146376,-38.300378],[145.146422,-38.300381],[145.146422,-38.300412],[145.146424,-38.300538],[145.146425,-38.300563],[145.146675,-38.300565],[145.146674,-38.300338],[145.146422,-38.300335],[145.146422,-38.300349],[145.146398,-38.30035],[145.146398,-38.300354],[145.146375,-38.300354]]}]}