{"b":[{"h":6,"g":[[145.148315,-38.287528],[145.14861,-38.287528],[145.14861,-38.286901],[145.148315,-38.286901],[145.148315,-38.287528]]}]}