{"b":[{"h":6,"g":[[145.150113,-38.510315],[145.150186,-38.510334],[145.150198,-38.510288],[145.150125,-38.510276],[145.150113,-38.510315]]},{"h":6,"g":[[145.134177,-38.508309],[145.134195,-38.508384],[145.13431,-38.508367],[145.134302,-38.508333],[145.134292,-38.508292],[145.134177,-38.508309]]},{"h":6,"g":[[145.147389,-38.507765],[145.147685,-38.507871],[145.147596,-38.508083],[145.147827,-38.507975],[145.147845,-38.508066],[145.148009,-38.507994],[145.148354,-38.508232],[145.148452,-38.5083],[145.148341,-38.508098],[145.148452,-38.508081],[145.148347,-38.507893],[145.148502,-38.507883],[145.148397,-38.507813],[145.148557,-38.507787],[145.148437,-38.507659],[145.148486,-38.507579],[145.148163,-38.507512],[145.148184,-38.507374],[145.14811,-38.50729],[145.148094,-38.507244],[145.147984,-38.506935],[145.147957,-38.507134],[145.147938,-38.507273],[145.147885,-38.507285],[145.147522,-38.507184],[145.147531,-38.507321],[145.147682,-38.507379],[145.147445,-38.507403],[145.147593,-38.507529],[145.147799,-38.507524],[145.147799,-38.507664],[145.147389,-38.507765]]},{"h":6,"g":[[145.149105,-38.510102],[145.14914,-38.510143],[145.14918,-38.510105],[145.149208,-38.51],[145.14916,-38.509956],[145.149117,-38.509983],[145.149105,-38.510102]]}]}