{"n":{"rail":[[[145.08055,-37.7141],[145.0822,-37.71264]],[[145.0822,-37.71264],[145.08258,-37.71222]],[[145.08423,-37.71037],[145.08655,-37.70854]],[[145.0709,-37.7212],[145.07636,-37.71816],[145.07855,-37.7155],[145.08055,-37.7141]],[[145.08058,-37.71413],[145.07859,-37.71553],[145.07624,-37.7183],[145.07093,-37.72123]],[[145.08225,-37.71266],[145.08058,-37.71413]],[[145.08659,-37.70856],[145.08436,-37.7104]],[[145.08257,-37.7123],[145.08225,-37.71266]],[[145.08433,-37.71043],[145.08319,-37.71167]],[[145.08309,-37.71166],[145.0842,-37.7104]],[[145.08258,-37.71222],[145.08299,-37.71178]],[[145.08302,-37.71183],[145.08257,-37.7123]],[[145.08436,-37.7104],[145.08433,-37.71043]],[[145.0842,-37.7104],[145.08423,-37.71037]],[[145.08299,-37.71178],[145.08309,-37.71166]],[[145.08319,-37.71167],[145.08302,-37.71183]]],"freeway":[[[145.0815,-37.71766],[145.08158,-37.71695]],[[145.0815,-37.71766],[145.08136,-37.7185]],[[145.08203,-37.71451],[145.08321,-37.7124]],[[145.08163,-37.71707],[145.0815,-37.71766]],[[145.08136,-37.7185],[145.08133,-37.71867]],[[145.08158,-37.71695],[145.08175,-37.71603]],[[145.08481,-37.71141],[145.08348,-37.71369],[145.08234,-37.71394],[145.08163,-37.71707]],[[145.08511,-37.71102],[145.08481,-37.71141]],[[145.08438,-37.71105],[145.08554,-37.70969]],[[145.08243,-37.71336],[145.08234,-37.71394]],[[145.08287,-37.71374],[145.08238,-37.71343]],[[145.08175,-37.71603],[145.08203,-37.71451]],[[145.08614,-37.70979],[145.08511,-37.71102]],[[145.08321,-37.7124],[145.08407,-37.71147]],[[145.08407,-37.71147],[145.08438,-37.71105]]]}}