{"n":{"rail":[[[145.06577,-37.64935],[145.05809,-37.65029]],[[145.05807,-37.65026],[145.06575,-37.64923]],[[145.06843,-37.64902],[145.0679,-37.64909]],[[145.06786,-37.64909],[145.06589,-37.64933]],[[145.06587,-37.64921],[145.06784,-37.64897]],[[145.06575,-37.64923],[145.06587,-37.64921]],[[145.06589,-37.64933],[145.06577,-37.64935]],[[145.0679,-37.64909],[145.06786,-37.64909]]],"freeway":[[[145.08274,-37.65466],[145.08246,-37.65464]],[[145.07682,-37.65785],[145.07697,-37.65775]],[[145.07713,-37.65796],[145.07703,-37.65801]],[[145.08001,-37.65636],[145.07884,-37.65705]],[[145.07109,-37.66973],[145.07231,-37.66288]],[[145.07733,-37.65785],[145.07722,-37.65791]],[[145.07713,-37.65796],[145.07697,-37.65775]],[[145.08365,-37.65388],[145.08473,-37.6532]],[[145.07233,-37.66277],[145.07256,-37.66279]],[[145.07254,-37.66291],[145.07231,-37.66288]],[[145.07941,-37.6564],[145.07987,-37.65614]],[[145.08145,-37.65549],[145.08072,-37.65595]],[[145.08274,-37.65466],[145.08246,-37.65483]],[[145.08178,-37.65504],[145.08246,-37.65464]],[[145.07987,-37.65614],[145.07998,-37.65608]],[[145.08143,-37.65525],[145.08178,-37.65504]],[[145.07884,-37.65705],[145.07835,-37.65731]],[[145.08072,-37.65595],[145.08014,-37.65629]],[[145.08796,-37.65142],[145.08461,-37.65351]],[[145.08543,-37.65277],[145.08602,-37.65241]],[[145.07333,-37.66022],[145.07558,-37.65848]],[[145.07231,-37.66288],[145.07233,-37.66277]],[[145.07697,-37.65775],[145.07722,-37.65791]],[[145.07697,-37.65775],[145.07709,-37.65769]],[[145.0782,-37.6571],[145.07926,-37.6565]],[[145.07722,-37.65791],[145.07713,-37.65796]],[[145.07758,-37.65772],[145.07733,-37.65785]],[[145.07654,-37.65825],[145.07399,-37.65982],[145.07275,-37.6618]],[[145.08017,-37.65596],[145.08093,-37.65553]],[[145.07998,-37.65608],[145.08017,-37.65596]],[[145.08014,-37.65629],[145.08001,-37.65636]],[[145.08461,-37.65351],[145.08403,-37.65385]],[[145.08473,-37.6532],[145.08543,-37.65277]],[[145.08265,-37.65451],[145.08365,-37.65388]],[[145.08246,-37.65464],[145.08265,-37.65451]],[[145.08403,-37.65385],[145.08358,-37.65413]],[[145.08358,-37.65413],[145.08313,-37.65442]],[[145.08313,-37.65442],[145.08274,-37.65466]],[[145.08246,-37.65483],[145.08211,-37.65506]],[[145.08211,-37.65506],[145.08158,-37.65541]],[[145.08158,-37.65541],[145.08145,-37.65549]],[[145.08093,-37.65553],[145.08143,-37.65525]],[[145.07926,-37.6565],[145.07941,-37.6564]],[[145.07835,-37.65731],[145.07758,-37.65772]],[[145.07724,-37.65762],[145.0782,-37.6571]],[[145.07709,-37.65769],[145.07724,-37.65762]],[[145.0769,-37.65808],[145.07654,-37.65825]],[[145.07703,-37.65801],[145.0769,-37.65808]],[[145.07263,-37.66237],[145.07256,-37.66279]],[[145.07636,-37.65808],[145.07682,-37.65785]],[[145.07558,-37.65848],[145.07636,-37.65808]],[[145.07269,-37.66129],[145.07333,-37.66022]],[[145.07275,-37.6618],[145.07263,-37.66237]],[[145.07233,-37.66277],[145.07269,-37.66129]],[[145.07256,-37.66279],[145.07254,-37.66291]],[[145.07254,-37.66291],[145.07145,-37.6691]]]}}