{"n":{"rail":[[[145.06526,-37.75372],[145.06643,-37.75181],[145.06678,-37.74567]],[[145.06678,-37.74567],[145.06653,-37.7444]],[[145.06653,-37.7444],[145.06579,-37.74141]],[[145.06579,-37.74141],[145.06569,-37.74091]],[[145.06569,-37.74091],[145.06544,-37.73634],[145.06836,-37.72958]],[[145.06682,-37.74566],[145.06649,-37.75176],[145.06537,-37.75377]],[[145.06658,-37.74439],[145.06682,-37.74566]],[[145.06584,-37.7414],[145.06658,-37.74439]],[[145.06573,-37.7409],[145.06584,-37.7414]],[[145.06825,-37.72993],[145.06547,-37.73641],[145.06573,-37.7409]]],"freeway":[[[145.07503,-37.73764],[145.07498,-37.73718]],[[145.07569,-37.73677],[145.07522,-37.73729]],[[145.07538,-37.73694],[145.07512,-37.7371]],[[145.07168,-37.74521],[145.07192,-37.74425]],[[145.06999,-37.75463],[145.07033,-37.75269]],[[145.07251,-37.74285],[145.07505,-37.73831]],[[145.07234,-37.74322],[145.07251,-37.74285]],[[145.07512,-37.7371],[145.07498,-37.73718]],[[145.07498,-37.73718],[145.07501,-37.73703]],[[145.07512,-37.7371],[145.07522,-37.73729]],[[145.07502,-37.73702],[145.07512,-37.7371]],[[145.072,-37.744],[145.07234,-37.74322]],[[145.0712,-37.74787],[145.07168,-37.74521]],[[145.07033,-37.75269],[145.0705,-37.75175]],[[145.07522,-37.73729],[145.07506,-37.73776]],[[145.07502,-37.73702],[145.07602,-37.73645]],[[145.07506,-37.73776],[145.07503,-37.73764]],[[145.07505,-37.73831],[145.07506,-37.73776]],[[145.07602,-37.73645],[145.07696,-37.73593]],[[145.0705,-37.75175],[145.0712,-37.74787]],[[145.07538,-37.73694],[145.07521,-37.7369]],[[145.07501,-37.73703],[145.07502,-37.73702]],[[145.07758,-37.73571],[145.07694,-37.73608]],[[145.07694,-37.73608],[145.07612,-37.73653]],[[145.07612,-37.73653],[145.07569,-37.73677]],[[145.07569,-37.73677],[145.07538,-37.73694]],[[145.07192,-37.74425],[145.07198,-37.74408]],[[145.07198,-37.74408],[145.072,-37.744]]]}}