{"n":{"rail":[[[145.06544,-37.73634],[145.06836,-37.72958]],[[145.06812,-37.72994],[145.06881,-37.72793]],[[145.06808,-37.72993],[145.0687,-37.72827]],[[145.06804,-37.72991],[145.06868,-37.72834]],[[145.06863,-37.72891],[145.06881,-37.72793]],[[145.06881,-37.72792],[145.06901,-37.72729]],[[145.06892,-37.7276],[145.06893,-37.72755]],[[145.06892,-37.7276],[145.06893,-37.72756]],[[145.06915,-37.72578],[145.06965,-37.72311],[145.0709,-37.7212],[145.07636,-37.71816]],[[145.06825,-37.72993],[145.06547,-37.73641]],[[145.07624,-37.7183],[145.07093,-37.72123],[145.06964,-37.72326],[145.0692,-37.72577]],[[145.06825,-37.72993],[145.06836,-37.72958]],[[145.06836,-37.72958],[145.06863,-37.72891]],[[145.06889,-37.72705],[145.06898,-37.72588]],[[145.06881,-37.72793],[145.06881,-37.72792]],[[145.06881,-37.72792],[145.06889,-37.72707]],[[145.06901,-37.72724],[145.06825,-37.72993]],[[145.0692,-37.7258],[145.06902,-37.72722]],[[145.06863,-37.72891],[145.06897,-37.72724]],[[145.06898,-37.72588],[145.06898,-37.72587]],[[145.06915,-37.72581],[145.06915,-37.72578]],[[145.0692,-37.72577],[145.0692,-37.7258]],[[145.06902,-37.72722],[145.06901,-37.72724]],[[145.06897,-37.72722],[145.06915,-37.72581]],[[145.06897,-37.72724],[145.06897,-37.72722]],[[145.06889,-37.72707],[145.06889,-37.72705]]],"freeway":[[[145.07696,-37.73593],[145.07816,-37.73521]],[[145.07872,-37.73445],[145.07881,-37.73478]],[[145.08136,-37.7185],[145.08133,-37.71867]],[[145.07886,-37.73497],[145.07873,-37.73484]],[[145.07816,-37.73521],[145.0785,-37.73499]],[[145.0796,-37.72895],[145.07943,-37.72992]],[[145.08133,-37.71867],[145.0812,-37.71946]],[[145.07891,-37.73493],[145.07886,-37.73497]],[[145.0812,-37.71946],[145.08105,-37.72038]],[[145.07881,-37.73344],[145.07881,-37.73347]],[[145.08081,-37.72183],[145.0807,-37.72251]],[[145.07942,-37.73002],[145.0794,-37.73015]],[[145.07881,-37.73347],[145.07872,-37.73445]],[[145.07602,-37.73645],[145.07696,-37.73593]],[[145.07905,-37.7321],[145.07893,-37.73277]],[[145.07928,-37.73081],[145.07905,-37.7321]],[[145.0807,-37.72251],[145.07985,-37.72749]],[[145.07873,-37.73484],[145.07881,-37.73478]],[[145.07816,-37.73521],[145.07853,-37.73468]],[[145.07893,-37.73277],[145.07881,-37.73344]],[[145.07886,-37.73497],[145.07872,-37.73505]],[[145.07857,-37.73446],[145.07881,-37.73347]],[[145.0785,-37.73499],[145.07872,-37.73505]],[[145.08105,-37.72038],[145.081,-37.72064]],[[145.07881,-37.73478],[145.07891,-37.73493]],[[145.07873,-37.73484],[145.07857,-37.73446]],[[145.0785,-37.73499],[145.07873,-37.73484]],[[145.07872,-37.73505],[145.07758,-37.73571]],[[145.07976,-37.72803],[145.0796,-37.72895]],[[145.07758,-37.73571],[145.07694,-37.73608]],[[145.081,-37.72064],[145.08099,-37.72075]],[[145.08099,-37.72075],[145.08081,-37.72183]],[[145.07943,-37.72992],[145.07942,-37.73002]],[[145.0794,-37.73015],[145.07935,-37.73041]],[[145.07853,-37.73468],[145.07857,-37.73446]],[[145.07935,-37.73041],[145.07928,-37.73081]],[[145.07985,-37.72749],[145.07976,-37.72803]]]}}