{"n":{"tram":[[[145.06933,-37.6803],[145.06779,-37.68659]],[[145.06956,-37.67903],[145.0694,-37.68002]],[[145.06774,-37.68657],[145.06928,-37.68029]],[[145.0695,-37.67902],[145.06933,-37.68001]],[[145.06933,-37.6803],[145.06933,-37.68001]],[[145.06928,-37.68029],[145.0694,-37.68002]],[[145.06933,-37.68001],[145.06928,-37.68029]],[[145.0694,-37.68002],[145.06933,-37.6803]]],"freeway":[[[145.07098,-37.67043],[145.07101,-37.67028]],[[145.06944,-37.67875],[145.06969,-37.67879]],[[145.06968,-37.67888],[145.06942,-37.67885]],[[145.06961,-37.67781],[145.07006,-37.67548]],[[145.06913,-37.68189],[145.06882,-37.68185]],[[145.07109,-37.66973],[145.07231,-37.66288]],[[145.07131,-37.66988],[145.07122,-37.6703]],[[145.06944,-37.67875],[145.06951,-37.67836]],[[145.07101,-37.67028],[145.07104,-37.67007]],[[145.07105,-37.67123],[145.07053,-37.67412]],[[145.06926,-37.67975],[145.06935,-37.67921]],[[145.06883,-37.68176],[145.06915,-37.68179]],[[145.06907,-37.68218],[145.0689,-37.68297]],[[145.06879,-37.68201],[145.06882,-37.68185]],[[145.06889,-37.68306],[145.06885,-37.68336]],[[145.07122,-37.6703],[145.07119,-37.67044]],[[145.07119,-37.67044],[145.07098,-37.67043]],[[145.07101,-37.67028],[145.07122,-37.6703]],[[145.07088,-37.67103],[145.07098,-37.67043]],[[145.06984,-37.67785],[145.06969,-37.67879]],[[145.06968,-37.67888],[145.06908,-37.6821]],[[145.06942,-37.67885],[145.06944,-37.67875]],[[145.06935,-37.67921],[145.06942,-37.67885]],[[145.06862,-37.68303],[145.06864,-37.68294]],[[145.06864,-37.68294],[145.06879,-37.68201]],[[145.0686,-37.68314],[145.06862,-37.68303]],[[145.06841,-37.68411],[145.0686,-37.68314]],[[145.06885,-37.68336],[145.06871,-37.68414]],[[145.07119,-37.67044],[145.07116,-37.67065]],[[145.06951,-37.67836],[145.06961,-37.67781]],[[145.06882,-37.68185],[145.06926,-37.67975]],[[145.0689,-37.68297],[145.06889,-37.68306]],[[145.06908,-37.6821],[145.06907,-37.68218]],[[145.07032,-37.67409],[145.07034,-37.67396]],[[145.07053,-37.67412],[145.07051,-37.67422]],[[145.07009,-37.67651],[145.06994,-37.6773]],[[145.07034,-37.67396],[145.07056,-37.67278]],[[145.0703,-37.6742],[145.07032,-37.67409]],[[145.07116,-37.67065],[145.07105,-37.67123]],[[145.07104,-37.67007],[145.07109,-37.66973]],[[145.06969,-37.67879],[145.06968,-37.67888]],[[145.07254,-37.66291],[145.07145,-37.6691]],[[145.07145,-37.6691],[145.07131,-37.66988]],[[145.07071,-37.67195],[145.0708,-37.67148]],[[145.07056,-37.67278],[145.07071,-37.67195]],[[145.07028,-37.67548],[145.07009,-37.67651]],[[145.07038,-37.67494],[145.07028,-37.67548]],[[145.07051,-37.67422],[145.07038,-37.67494]],[[145.07006,-37.67548],[145.0703,-37.6742]],[[145.06994,-37.6773],[145.06984,-37.67785]],[[145.0708,-37.67148],[145.07088,-37.67103]]]}}