{"n":{"tram":[[[145.06933,-37.6803],[145.06779,-37.68659],[145.05981,-37.69544]],[[145.05987,-37.69527],[145.06774,-37.68657],[145.06928,-37.68029]]],"freeway":[[[145.06815,-37.68622],[145.06775,-37.68696]],[[145.06787,-37.68594],[145.06827,-37.68475]],[[145.06736,-37.68648],[145.06825,-37.68651]],[[145.07226,-37.68666],[145.07688,-37.68734]],[[145.06168,-37.68616],[145.0649,-37.68632]],[[145.06491,-37.68645],[145.06054,-37.68629]],[[145.06815,-37.68668],[145.06729,-37.68661]],[[145.06826,-37.68623],[145.06846,-37.68625]],[[145.0707,-37.68711],[145.06919,-37.68709]],[[145.06699,-37.68711],[145.06631,-37.68687]],[[145.06168,-37.68616],[145.06418,-37.68611]],[[145.06852,-37.68516],[145.06839,-37.68614]],[[145.06471,-37.68991],[145.06493,-37.69005]],[[145.06768,-37.68707],[145.06729,-37.687]],[[145.06952,-37.68677],[145.06815,-37.68668]],[[145.06776,-37.68618],[145.06815,-37.68622]],[[145.06599,-37.68609],[145.06761,-37.68602]],[[145.06621,-37.68875],[145.06544,-37.68951]],[[145.06729,-37.687],[145.06767,-37.68634]],[[145.06861,-37.68477],[145.06852,-37.68516]],[[145.06268,-37.69201],[145.06376,-37.69089]],[[145.06599,-37.68609],[145.06765,-37.68617]],[[145.0853,-37.68995],[145.07907,-37.68817]],[[145.06868,-37.68627],[145.07226,-37.68666]],[[145.06719,-37.68699],[145.06631,-37.68687]],[[145.06919,-37.68709],[145.0678,-37.68707]],[[145.07615,-37.68755],[145.06952,-37.68677]],[[145.07688,-37.68734],[145.08955,-37.69116]],[[145.06825,-37.68651],[145.07226,-37.68666]],[[145.0649,-37.68632],[145.06736,-37.68648]],[[145.06729,-37.68661],[145.06491,-37.68645]],[[145.07485,-37.68732],[145.0707,-37.68711]],[[145.06919,-37.68709],[145.06771,-37.68724]],[[145.06631,-37.68687],[145.06309,-37.68653]],[[145.06841,-37.68411],[145.0686,-37.68314]],[[145.06832,-37.68457],[145.06841,-37.68411]],[[145.06871,-37.68414],[145.06866,-37.6845]],[[145.06885,-37.68336],[145.06871,-37.68414]],[[145.06457,-37.69043],[145.06295,-37.69216]],[[145.06544,-37.68951],[145.06493,-37.69005]],[[145.06674,-37.68778],[145.06729,-37.687]],[[145.06497,-37.68964],[145.06564,-37.68895]],[[145.06846,-37.68625],[145.06868,-37.68627]],[[145.06852,-37.68516],[145.06815,-37.68622]],[[145.06462,-37.68611],[145.06599,-37.68609]],[[145.06776,-37.68618],[145.06787,-37.68594]],[[145.06718,-37.68774],[145.06662,-37.68836]],[[145.06768,-37.68707],[145.06752,-37.6873]],[[145.06653,-37.68801],[145.06674,-37.68778]],[[145.06635,-37.68822],[145.06653,-37.68801]],[[145.06564,-37.68895],[145.06613,-37.68846]],[[145.06864,-37.68459],[145.06861,-37.68477]],[[145.08912,-37.69121],[145.0853,-37.68995]],[[145.06866,-37.6845],[145.06864,-37.68459]],[[145.06623,-37.68834],[145.06635,-37.68822]],[[145.06662,-37.68836],[145.06621,-37.68875]],[[145.06678,-37.68819],[145.06695,-37.68842]],[[145.06689,-37.68848],[145.06639,-37.68858]],[[145.06703,-37.68738],[145.06699,-37.68711]],[[145.06729,-37.687],[145.06719,-37.68699]],[[145.06771,-37.68724],[145.06752,-37.6873]],[[145.0678,-37.68707],[145.06768,-37.68707]],[[145.06765,-37.68617],[145.06776,-37.68618]],[[145.06761,-37.68602],[145.06787,-37.68594]],[[145.06839,-37.68614],[145.06846,-37.68625]],[[145.06815,-37.68622],[145.06826,-37.68623]],[[145.06775,-37.68696],[145.06768,-37.68707]],[[145.06767,-37.68634],[145.06776,-37.68618]],[[145.06827,-37.68475],[145.06832,-37.68457]],[[145.06613,-37.68846],[145.06623,-37.68834]],[[145.06417,-37.69047],[145.06471,-37.68991]],[[145.06376,-37.69089],[145.06417,-37.69047]],[[145.07907,-37.68817],[145.07615,-37.68755]],[[145.06418,-37.68611],[145.06462,-37.68611]],[[145.06752,-37.6873],[145.06718,-37.68774]],[[145.06493,-37.69005],[145.06457,-37.69043]],[[145.06471,-37.68991],[145.06497,-37.68964]]]}}