{"n":{"rail":[[[145.08293,-37.85558],[145.08308,-37.85767]],[[145.08285,-37.85547],[145.07851,-37.84852]],[[145.07837,-37.84831],[145.07268,-37.8395]],[[145.07851,-37.84852],[145.07837,-37.84831]],[[145.07857,-37.84853],[145.08289,-37.85546]],[[145.08289,-37.85546],[145.08293,-37.85558]],[[145.08301,-37.85777],[145.08289,-37.85559]],[[145.08289,-37.85559],[145.08285,-37.85547]],[[145.07272,-37.83949],[145.07843,-37.84831]],[[145.07843,-37.84831],[145.07857,-37.84853]]],"tram":[[[145.05654,-37.83133],[145.07585,-37.84809]],[[145.07367,-37.84621],[145.07344,-37.84605]],[[145.09564,-37.85041],[145.07581,-37.84812]],[[145.07581,-37.84812],[145.05653,-37.83136]],[[145.07585,-37.84809],[145.09564,-37.85038]]],"freeway":[[[145.07564,-37.84811],[145.07596,-37.84814]],[[145.06764,-37.84723],[145.06856,-37.84733]],[[145.06856,-37.84733],[145.06952,-37.84744]],[[145.07596,-37.84814],[145.07622,-37.84817]],[[145.08132,-37.84874],[145.08198,-37.84882]],[[145.0785,-37.84842],[145.07904,-37.84848]],[[145.07811,-37.84838],[145.07847,-37.84842]],[[145.08419,-37.84908],[145.08454,-37.84913]],[[145.08222,-37.84885],[145.08313,-37.84896]],[[145.07724,-37.84828],[145.07811,-37.84838]],[[145.08313,-37.84896],[145.08419,-37.84908]],[[145.08198,-37.84882],[145.08222,-37.84885]],[[145.07904,-37.84848],[145.08132,-37.84874]],[[145.07622,-37.84817],[145.07688,-37.84824]],[[145.06204,-37.84659],[145.06764,-37.84723]],[[145.06952,-37.84744],[145.07404,-37.84794]],[[145.07688,-37.84824],[145.07724,-37.84828]],[[145.07545,-37.84809],[145.07564,-37.84811]],[[145.07847,-37.84842],[145.0785,-37.84842]],[[145.07404,-37.84794],[145.07545,-37.84809]],[[145.08454,-37.84913],[145.08549,-37.84924]]]}}