{"n":{"rail":[[[145.06621,-37.87469],[145.06814,-37.87634],[145.0701,-37.87719]],[[145.07864,-37.87701],[145.08045,-37.87685]],[[145.0701,-37.87719],[145.07197,-37.87748],[145.07864,-37.87701]],[[145.08045,-37.87685],[145.09159,-37.87422]],[[145.07864,-37.87705],[145.0719,-37.87752],[145.07009,-37.87722]],[[145.08045,-37.87689],[145.07864,-37.87705]],[[145.09159,-37.87428],[145.08045,-37.87689]],[[145.07009,-37.87722],[145.06803,-37.87631],[145.06613,-37.87465]],[[145.07797,-37.89502],[145.05158,-37.88316]],[[145.05104,-37.88283],[145.07804,-37.89494]]],"freeway":[[[145.08163,-37.87768],[145.08216,-37.87794]],[[145.08191,-37.878],[145.0814,-37.87774]],[[145.08216,-37.87794],[145.08627,-37.88019]],[[145.07946,-37.88721],[145.07944,-37.88747]],[[145.08168,-37.88877],[145.08204,-37.88891]],[[145.06945,-37.88467],[145.06856,-37.88469]],[[145.08124,-37.88878],[145.08127,-37.88865]],[[145.06408,-37.88463],[145.06407,-37.88478]],[[145.06617,-37.87377],[145.06782,-37.87563],[145.07045,-37.87684],[145.07261,-37.87706],[145.07843,-37.87666],[145.08163,-37.87768]],[[145.06618,-37.88459],[145.06661,-37.88459]],[[145.08532,-37.89253],[145.0829,-37.89064]],[[145.0814,-37.87774],[145.07869,-37.87687],[145.07176,-37.87721],[145.06854,-37.8763],[145.06626,-37.8743]],[[145.08559,-37.87997],[145.08191,-37.878]],[[145.07827,-37.88707],[145.07841,-37.88712]],[[145.08085,-37.88833],[145.08006,-37.88791]],[[145.08168,-37.88877],[145.08186,-37.88897]],[[145.07873,-37.88742],[145.07824,-37.88724]],[[145.08332,-37.89091],[145.08575,-37.89252]],[[145.08193,-37.88906],[145.08204,-37.88919]],[[145.07719,-37.8867],[145.07815,-37.88704]],[[145.06407,-37.88478],[145.06174,-37.88459]],[[145.07651,-37.88645],[145.0771,-37.88666]],[[145.07841,-37.88712],[145.07874,-37.88723]],[[145.06811,-37.88471],[145.06747,-37.88472]],[[145.07815,-37.88704],[145.07827,-37.88707]],[[145.07824,-37.88724],[145.07813,-37.8872]],[[145.08186,-37.88897],[145.08193,-37.88906]],[[145.08032,-37.88783],[145.08099,-37.8882]],[[145.0791,-37.88755],[145.07873,-37.88742]],[[145.07927,-37.88741],[145.08012,-37.88773]],[[145.07918,-37.88738],[145.07927,-37.88741]],[[145.07813,-37.8872],[145.07716,-37.88685]],[[145.07887,-37.88728],[145.07918,-37.88738]],[[145.06749,-37.88456],[145.06827,-37.88455]],[[145.07543,-37.88606],[145.07624,-37.88636]],[[145.06945,-37.88453],[145.07212,-37.88485]],[[145.06747,-37.88472],[145.06675,-37.88473]],[[145.07279,-37.88526],[145.07025,-37.88467]],[[145.06688,-37.88458],[145.06749,-37.88456]],[[145.07887,-37.88728],[145.07926,-37.88725]],[[145.0823,-37.88892],[145.08204,-37.88919]],[[145.08332,-37.89091],[145.08344,-37.8913]],[[145.06811,-37.88471],[145.06744,-37.88486]],[[145.08263,-37.89028],[145.08244,-37.89003]],[[145.08174,-37.88913],[145.08167,-37.88905]],[[145.08167,-37.88905],[145.0815,-37.88887]],[[145.08006,-37.88791],[145.07982,-37.88782]],[[145.07982,-37.88782],[145.07917,-37.88758]],[[145.0815,-37.88887],[145.08127,-37.88865]],[[145.08127,-37.88865],[145.08085,-37.88833]],[[145.07874,-37.88723],[145.07887,-37.88728]],[[145.08012,-37.88773],[145.08032,-37.88783]],[[145.08099,-37.8882],[145.08107,-37.88826]],[[145.08107,-37.88826],[145.08168,-37.88877]],[[145.08204,-37.88952],[145.08174,-37.88913]],[[145.0829,-37.89064],[145.08263,-37.89028]],[[145.07917,-37.88758],[145.0791,-37.88755]],[[145.08204,-37.88919],[145.0821,-37.88928]],[[145.0771,-37.88666],[145.07719,-37.8867]],[[145.07624,-37.88636],[145.07651,-37.88645]],[[145.07599,-37.88642],[145.07536,-37.88619]],[[145.07716,-37.88685],[145.07599,-37.88642]],[[145.07462,-37.88576],[145.07543,-37.88606]],[[145.07354,-37.88553],[145.07279,-37.88526]],[[145.07536,-37.88619],[145.07354,-37.88553]],[[145.07286,-37.88512],[145.07462,-37.88576]],[[145.07212,-37.88485],[145.07286,-37.88512]],[[145.07025,-37.88467],[145.06945,-37.88467]],[[145.06857,-37.88455],[145.06945,-37.88453]],[[145.06856,-37.88469],[145.06811,-37.88471]],[[145.06827,-37.88455],[145.06857,-37.88455]],[[145.06661,-37.88459],[145.06688,-37.88458]],[[145.06489,-37.88476],[145.06407,-37.88478]],[[145.06675,-37.88473],[145.06489,-37.88476]],[[145.06337,-37.88463],[145.06408,-37.88463]],[[145.06408,-37.88463],[145.06618,-37.88459]],[[145.08326,-37.89083],[145.08332,-37.89091]],[[145.08289,-37.89035],[145.08326,-37.89083]],[[145.0821,-37.88928],[145.08289,-37.89035]],[[145.08233,-37.88989],[145.08204,-37.88952]],[[145.08244,-37.89003],[145.08233,-37.88989]],[[145.07824,-37.88724],[145.07811,-37.88732]]]}}