{"n":{"rail":[[[145.06537,-37.75377],[145.06482,-37.75423]],[[145.06279,-37.75564],[145.06472,-37.75415]],[[145.06482,-37.75423],[145.06291,-37.75563]],[[145.06333,-37.75532],[145.06408,-37.75464]],[[145.06472,-37.75415],[145.06526,-37.75372]],[[145.06526,-37.75372],[145.06643,-37.75181]],[[145.06649,-37.75176],[145.06537,-37.75377]]],"freeway":[[[145.07772,-37.76017],[145.07677,-37.76021]],[[145.08047,-37.76695],[145.08114,-37.76632]],[[145.06656,-37.75937],[145.06655,-37.75949]],[[145.07429,-37.76031],[145.07295,-37.76029]],[[145.06181,-37.75883],[145.06356,-37.75904]],[[145.06954,-37.75702],[145.06962,-37.75662]],[[145.07675,-37.7601],[145.07771,-37.76006]],[[145.08117,-37.76646],[145.07959,-37.76833],[145.07886,-37.7721]],[[145.07891,-37.77172],[145.07941,-37.76836],[145.08047,-37.76695]],[[145.06925,-37.75909],[145.06916,-37.75967]],[[145.06962,-37.75662],[145.0697,-37.75617]],[[145.08128,-37.76636],[145.08117,-37.76646]],[[145.08209,-37.76543],[145.08253,-37.76491]],[[145.083,-37.76371],[145.08278,-37.76459]],[[145.08329,-37.76237],[145.08316,-37.76228]],[[145.06981,-37.75989],[145.06927,-37.75983]],[[145.06898,-37.75965],[145.06904,-37.75932]],[[145.06999,-37.75463],[145.07033,-37.75269]],[[145.08298,-37.76292],[145.08305,-37.76266]],[[145.08305,-37.76266],[145.08316,-37.76228]],[[145.07881,-37.76001],[145.08135,-37.7606],[145.0832,-37.76208]],[[145.07158,-37.75997],[145.07214,-37.76003]],[[145.06896,-37.75979],[145.06792,-37.75967]],[[145.08316,-37.76228],[145.0832,-37.76208]],[[145.06409,-37.75908],[145.06656,-37.75937]],[[145.06356,-37.75904],[145.06409,-37.75908]],[[145.07677,-37.76021],[145.07429,-37.76031]],[[145.07458,-37.76018],[145.07675,-37.7601]],[[145.06896,-37.75979],[145.06898,-37.75965]],[[145.0705,-37.75983],[145.07121,-37.75992]],[[145.07069,-37.76],[145.06981,-37.75989]],[[145.07158,-37.75997],[145.07161,-37.76013]],[[145.06913,-37.75981],[145.06896,-37.75979]],[[145.06898,-37.75965],[145.06916,-37.75967]],[[145.06916,-37.75967],[145.06913,-37.75981]],[[145.08334,-37.76218],[145.08329,-37.76237]],[[145.0832,-37.76208],[145.08334,-37.76218]],[[145.08329,-37.76237],[145.08318,-37.76288]],[[145.08267,-37.76459],[145.08298,-37.76292]],[[145.08264,-37.76493],[145.08222,-37.76547]],[[145.08253,-37.76491],[145.08267,-37.76459]],[[145.08114,-37.76632],[145.08209,-37.76543]],[[145.08217,-37.76552],[145.08157,-37.76608]],[[145.06656,-37.75937],[145.06898,-37.75965]],[[145.06655,-37.75949],[145.0618,-37.75892]],[[145.08316,-37.76228],[145.08076,-37.76048],[145.07882,-37.76013]],[[145.07121,-37.75992],[145.07158,-37.75997]],[[145.07214,-37.76003],[145.07391,-37.76019]],[[145.07161,-37.76013],[145.07069,-37.76]],[[145.06916,-37.75967],[145.0705,-37.75983]],[[145.06792,-37.75967],[145.06655,-37.75949]],[[145.06922,-37.75885],[145.06925,-37.75909]],[[145.06909,-37.75914],[145.06922,-37.75885]],[[145.06922,-37.75885],[145.06926,-37.75863]],[[145.0697,-37.75617],[145.06999,-37.75463]],[[145.08318,-37.76288],[145.083,-37.76371]],[[145.07771,-37.76006],[145.07881,-37.76001]],[[145.07391,-37.76019],[145.07458,-37.76018]],[[145.08276,-37.76464],[145.08264,-37.76493]],[[145.08209,-37.76543],[145.08222,-37.76547]],[[145.08029,-37.76731],[145.08016,-37.76725]],[[145.06927,-37.75857],[145.06954,-37.75702]],[[145.06926,-37.75863],[145.06927,-37.75857]],[[145.06927,-37.75983],[145.06913,-37.75981]],[[145.07179,-37.76016],[145.07161,-37.76013]],[[145.06904,-37.75932],[145.06909,-37.75914]],[[145.08157,-37.76608],[145.08128,-37.76636]],[[145.08217,-37.76552],[145.08209,-37.76543]],[[145.08278,-37.76459],[145.08276,-37.76464]],[[145.08222,-37.76547],[145.08217,-37.76552]],[[145.07882,-37.76013],[145.07772,-37.76017]],[[145.08118,-37.76052],[145.08108,-37.76065]],[[145.08298,-37.76292],[145.08291,-37.76207]],[[145.07295,-37.76029],[145.07179,-37.76016]]]}}