{"n":{"rail":[[[145.06098,-37.86646],[145.0641,-37.87039],[145.06621,-37.87469],[145.06814,-37.87634]],[[145.08045,-37.87685],[145.09159,-37.87422]],[[145.09159,-37.87428],[145.08045,-37.87689]],[[145.06803,-37.87631],[145.06613,-37.87465],[145.06412,-37.8705],[145.06086,-37.8663]],[[145.07952,-37.86913],[145.07984,-37.8674]],[[145.07984,-37.8674],[145.08061,-37.86362]],[[145.08071,-37.8634],[145.08178,-37.86095]],[[145.08061,-37.86362],[145.08071,-37.8634]],[[145.08178,-37.86095],[145.08191,-37.86054]],[[145.08195,-37.86055],[145.08178,-37.86095]],[[145.08293,-37.85558],[145.08308,-37.85767],[145.08195,-37.86055]],[[145.08191,-37.86054],[145.08301,-37.85777],[145.08289,-37.85559]]],"freeway":[[[145.06617,-37.87377],[145.06782,-37.87563]],[[145.06854,-37.8763],[145.06626,-37.8743],[145.06438,-37.87033],[145.06239,-37.86788]],[[145.06594,-37.87331],[145.06617,-37.87377]],[[145.06319,-37.86849],[145.06466,-37.87043],[145.06594,-37.87331]]]}}