{"n":{"rail":[[[145.07106,-37.82552],[145.06419,-37.82649]],[[145.06263,-37.8264],[145.06486,-37.82628]],[[145.07653,-37.82588],[145.07637,-37.82587]],[[145.07637,-37.82587],[145.07122,-37.82553]],[[145.07122,-37.82553],[145.07106,-37.82552]],[[145.09327,-37.825],[145.08528,-37.82367],[145.08249,-37.82406]],[[145.08249,-37.82406],[145.0816,-37.82445]],[[145.06346,-37.82647],[145.06398,-37.82642]],[[145.06099,-37.82652],[145.06502,-37.82636],[145.07106,-37.82546]],[[145.07106,-37.82546],[145.07123,-37.82546]],[[145.07122,-37.8255],[145.07106,-37.82549]],[[145.07106,-37.82549],[145.06158,-37.82653]],[[145.08151,-37.82433],[145.08227,-37.82403]],[[145.07654,-37.82581],[145.07874,-37.82557],[145.08151,-37.82433]],[[145.08239,-37.82405],[145.08154,-37.82437]],[[145.08239,-37.82405],[145.08527,-37.82364],[145.09328,-37.82495]],[[145.07123,-37.82546],[145.07638,-37.8258]],[[145.07637,-37.82584],[145.07122,-37.8255]],[[145.07654,-37.82585],[145.07637,-37.82584]],[[145.07638,-37.8258],[145.07654,-37.82581]],[[145.08227,-37.82403],[145.0853,-37.82361],[145.09327,-37.82492]],[[145.06419,-37.82649],[145.06208,-37.82655]],[[145.08154,-37.82437],[145.0788,-37.82558],[145.07654,-37.82585]],[[145.0816,-37.82445],[145.07866,-37.82567],[145.07653,-37.82588]],[[145.06502,-37.82627],[145.06535,-37.82626]],[[145.06486,-37.82628],[145.06502,-37.82627]],[[145.06419,-37.82649],[145.0659,-37.82637]],[[145.07837,-37.84831],[145.07268,-37.8395]],[[145.07258,-37.83934],[145.06942,-37.83416]],[[145.07268,-37.8395],[145.07258,-37.83934]],[[145.06942,-37.83416],[145.06952,-37.83206]],[[145.06952,-37.83206],[145.07003,-37.82878]],[[145.06918,-37.82668],[145.06768,-37.82617],[145.0659,-37.82637]],[[145.07272,-37.83949],[145.07843,-37.84831]],[[145.06946,-37.83415],[145.07262,-37.83932]],[[145.07262,-37.83932],[145.07272,-37.83949]],[[145.06622,-37.82625],[145.06844,-37.82626]],[[145.06535,-37.82626],[145.06622,-37.82625]],[[145.07003,-37.82878],[145.06999,-37.8293]],[[145.07003,-37.82878],[145.06992,-37.82757],[145.06918,-37.82668]],[[145.06844,-37.82626],[145.06992,-37.82744],[145.06999,-37.8293]],[[145.06999,-37.8293],[145.06957,-37.83207]],[[145.06957,-37.83207],[145.06946,-37.83415]]],"tram":[[[145.05654,-37.83133],[145.07585,-37.84809]],[[145.08308,-37.83429],[145.08333,-37.83427]],[[145.08022,-37.83406],[145.11034,-37.83758]],[[145.11034,-37.83758],[145.05653,-37.83136]],[[145.07581,-37.84812],[145.05653,-37.83136]],[[145.05654,-37.83133],[145.08022,-37.83406]]]}}