{"n":{"rail":[[[145.0858,-37.89856],[145.07797,-37.89502]],[[145.07804,-37.89494],[145.08583,-37.89852]],[[145.07797,-37.89502],[145.05158,-37.88316]],[[145.05104,-37.88283],[145.07804,-37.89494]],[[145.08409,-37.89772],[145.08347,-37.89748]]],"freeway":[[[145.08521,-37.90847],[145.08524,-37.90861]],[[145.08493,-37.90991],[145.08457,-37.90944]],[[145.08447,-37.90943],[145.08492,-37.9092]],[[145.08515,-37.90907],[145.08543,-37.90954]],[[145.06604,-37.9071],[145.06483,-37.90698]],[[145.08521,-37.90847],[145.08621,-37.90353]],[[145.08471,-37.89226],[145.08445,-37.89224]],[[145.06604,-37.9071],[145.06623,-37.90713]],[[145.06736,-37.90727],[145.06903,-37.90748]],[[145.08493,-37.90991],[145.0849,-37.90948]],[[145.08532,-37.89253],[145.0829,-37.89064]],[[145.08332,-37.89091],[145.08575,-37.89252]],[[145.0851,-37.90857],[145.08521,-37.90847]],[[145.07803,-37.9086],[145.08422,-37.90938]],[[145.07618,-37.90838],[145.07803,-37.9086]],[[145.0742,-37.90813],[145.07582,-37.90833]],[[145.07024,-37.90763],[145.0742,-37.90813]],[[145.06434,-37.90691],[145.06418,-37.9069]],[[145.06314,-37.90664],[145.06424,-37.90678]],[[145.06903,-37.90748],[145.07024,-37.90763]],[[145.07582,-37.90833],[145.07618,-37.90838]],[[145.08515,-37.90907],[145.08511,-37.90951]],[[145.08524,-37.90861],[145.08515,-37.90907]],[[145.08492,-37.9092],[145.0851,-37.90857]],[[145.0849,-37.90948],[145.08492,-37.9092]],[[145.08511,-37.90951],[145.08512,-37.90989]],[[145.0669,-37.90721],[145.06736,-37.90727]],[[145.06623,-37.90713],[145.0669,-37.90721]],[[145.08422,-37.90938],[145.08447,-37.90943]],[[145.08447,-37.90943],[145.0849,-37.90948]],[[145.0849,-37.90948],[145.08511,-37.90951]],[[145.08511,-37.90951],[145.08574,-37.90958]],[[145.06418,-37.9069],[145.06313,-37.90677]],[[145.06483,-37.90698],[145.06434,-37.90691]],[[145.06578,-37.90703],[145.06604,-37.9071]],[[145.06514,-37.90693],[145.06556,-37.90699]],[[145.06556,-37.90699],[145.06578,-37.90703]],[[145.06424,-37.90678],[145.06514,-37.90693]],[[145.08594,-37.89272],[145.08532,-37.89253]]]}}