{"n":{"rail":[[[145.08408,-38.00143],[145.08377,-38.00098]],[[145.08378,-38.00089],[145.08409,-38.00136]],[[145.08409,-38.00136],[145.08622,-38.00439]],[[145.08613,-38.00444],[145.08408,-38.00143]],[[145.07926,-37.99563],[145.08169,-37.99795],[145.08378,-38.00089]],[[145.08377,-38.00098],[145.08165,-37.99797],[145.07918,-37.99562]],[[145.08422,-38.00154],[145.08454,-38.00211]],[[145.085,-38.00278],[145.08543,-38.00334]]],"freeway":[[[145.08505,-38.00457],[145.08496,-38.0044]],[[145.08537,-38.00489],[145.08576,-38.00574]],[[145.08446,-38.00305],[145.08459,-38.00332]],[[145.08392,-37.99829],[145.08396,-37.99863]],[[145.08406,-38.00092],[145.08397,-38.00156]],[[145.08409,-38.00225],[145.08446,-38.00305]],[[145.08381,-38.0016],[145.08392,-38.00065]],[[145.08391,-38.00226],[145.08381,-38.0016]],[[145.08385,-37.99778],[145.08392,-37.99829]],[[145.08392,-38.00065],[145.08388,-37.99965]],[[145.08425,-38.00301],[145.08391,-38.00226]],[[145.08357,-37.99702],[145.08348,-37.99627]],[[145.08372,-37.99827],[145.0837,-37.99815]],[[145.08378,-37.99875],[145.08372,-37.99827]],[[145.08403,-37.99923],[145.08406,-38.00092]],[[145.08366,-37.99616],[145.08379,-37.99725]],[[145.0837,-37.99815],[145.08357,-37.99702]],[[145.08348,-37.99627],[145.08346,-37.99606]],[[145.0838,-37.99894],[145.08378,-37.99875]],[[145.08385,-37.99938],[145.0838,-37.99894]],[[145.08388,-37.99965],[145.08385,-37.99938]],[[145.08396,-37.99863],[145.08403,-37.99923]],[[145.08381,-37.99743],[145.08385,-37.99778]],[[145.08381,-37.99741],[145.08381,-37.99743]],[[145.08385,-37.99778],[145.08367,-37.99779]],[[145.08379,-37.99725],[145.08381,-37.99741]],[[145.08531,-38.00508],[145.08514,-38.00474]],[[145.08496,-38.0044],[145.08486,-38.0042]],[[145.08486,-38.0042],[145.08453,-38.00356]],[[145.08514,-38.00474],[145.08505,-38.00457]],[[145.08486,-38.0042],[145.08504,-38.00419]],[[145.08504,-38.00419],[145.08537,-38.00489]],[[145.08459,-38.00332],[145.08472,-38.00357]],[[145.08444,-38.00337],[145.08434,-38.00319]],[[145.08453,-38.00356],[145.08444,-38.00337]],[[145.08472,-38.00357],[145.08504,-38.00419]],[[145.08434,-38.00319],[145.08425,-38.00301]],[[145.08434,-38.00319],[145.0845,-38.00313]],[[145.08397,-38.00156],[145.08409,-38.00225]],[[145.08542,-38.00539],[145.0854,-38.00532]],[[145.0854,-38.00532],[145.08531,-38.00508]],[[145.08548,-38.0056],[145.08542,-38.00539]],[[145.08504,-38.00419],[145.0849,-38.00428]]]}}