{"n":{"rail":[[[145.06463,-37.98114],[145.05646,-37.9694]],[[145.05651,-37.96938],[145.06466,-37.98112]]],"freeway":[[[145.07392,-37.96887],[145.07398,-37.96834]],[[145.06567,-37.97537],[145.06585,-37.97558]],[[145.07422,-37.96771],[145.07418,-37.96793]],[[145.07434,-37.96708],[145.07423,-37.96762]],[[145.07403,-37.96806],[145.07412,-37.96761]],[[145.06705,-37.97733],[145.06697,-37.97724]],[[145.06697,-37.97692],[145.06718,-37.97719]],[[145.07412,-37.96761],[145.07421,-37.9671]],[[145.07454,-37.96545],[145.07478,-37.96409]],[[145.07423,-37.96762],[145.07422,-37.96771]],[[145.07439,-37.9663],[145.07454,-37.96545]],[[145.07495,-37.96313],[145.07505,-37.96261]],[[145.07505,-37.96261],[145.07514,-37.96206]],[[145.06422,-37.97359],[145.06524,-37.97484]],[[145.06537,-37.97526],[145.06511,-37.97496]],[[145.07286,-37.97437],[145.07392,-37.96887]],[[145.06673,-37.97664],[145.06662,-37.97679]],[[145.06727,-37.97729],[145.06706,-37.97734]],[[145.06654,-37.9767],[145.06672,-37.97664]],[[145.06407,-37.97367],[145.06415,-37.97363]],[[145.06646,-37.97634],[145.06672,-37.97664]],[[145.068,-37.97848],[145.06784,-37.97828]],[[145.06738,-37.97773],[145.06719,-37.97751]],[[145.06727,-37.97729],[145.06742,-37.97748]],[[145.06976,-37.98065],[145.068,-37.97848]],[[145.07418,-37.96793],[145.07392,-37.96887]],[[145.07421,-37.9671],[145.07439,-37.9663]],[[145.07401,-37.96819],[145.07403,-37.96806]],[[145.07398,-37.96834],[145.07401,-37.96819]],[[145.06704,-37.97732],[145.06721,-37.97723]],[[145.06721,-37.97723],[145.06727,-37.97729]],[[145.06673,-37.97664],[145.06674,-37.97667]],[[145.06662,-37.97679],[145.06654,-37.9767]],[[145.07435,-37.96694],[145.07434,-37.96708]],[[145.07441,-37.96657],[145.07435,-37.96694]],[[145.07488,-37.96358],[145.07495,-37.96313]],[[145.07478,-37.96409],[145.07488,-37.96358]],[[145.07439,-37.9663],[145.07441,-37.96657]],[[145.07514,-37.96206],[145.07536,-37.96078]],[[145.06511,-37.97496],[145.06492,-37.97472]],[[145.06654,-37.9767],[145.06537,-37.97526]],[[145.06397,-37.97327],[145.06422,-37.97359]],[[145.06234,-37.97123],[145.06397,-37.97327]],[[145.06437,-37.97405],[145.06407,-37.97367]],[[145.06492,-37.97472],[145.06437,-37.97405]],[[145.06407,-37.97367],[145.06284,-37.97214]],[[145.06706,-37.97734],[145.06705,-37.97733]],[[145.06672,-37.97664],[145.06673,-37.97664]],[[145.06697,-37.97724],[145.06685,-37.97709]],[[145.06745,-37.97781],[145.06738,-37.97773]],[[145.06773,-37.97815],[145.06745,-37.97781]],[[145.06784,-37.97828],[145.06773,-37.97815]],[[145.06685,-37.97709],[145.06662,-37.97679]],[[145.06631,-37.97615],[145.06646,-37.97634]],[[145.0661,-37.9759],[145.06631,-37.97615]],[[145.06585,-37.97558],[145.0661,-37.9759]],[[145.06524,-37.97484],[145.06567,-37.97537]],[[145.06585,-37.97558],[145.06569,-37.97566]],[[145.06742,-37.97748],[145.06796,-37.97814]],[[145.06796,-37.97814],[145.06951,-37.98005]],[[145.06674,-37.97667],[145.06697,-37.97692]],[[145.07277,-37.97483],[145.07286,-37.97437]],[[145.0727,-37.97521],[145.07277,-37.97483]],[[145.07175,-37.98021],[145.0727,-37.97521]],[[145.06415,-37.97363],[145.06422,-37.97359]],[[145.06719,-37.97751],[145.06706,-37.97734]],[[145.06718,-37.97719],[145.06721,-37.97723]]]}}