{"n":{"rail":[[[145.06463,-37.98114],[145.05646,-37.9694]],[[145.05651,-37.96938],[145.06466,-37.98112]],[[145.07926,-37.99563],[145.08169,-37.99795]],[[145.08165,-37.99797],[145.07918,-37.99562]],[[145.06466,-37.98112],[145.06534,-37.98207]],[[145.06531,-37.98208],[145.06463,-37.98114]],[[145.06534,-37.98207],[145.06788,-37.98554]],[[145.06789,-37.98561],[145.06531,-37.98208]],[[145.06939,-37.98713],[145.06789,-37.98561]],[[145.07807,-37.99468],[145.06939,-37.98713]],[[145.06943,-37.98709],[145.07815,-37.99465]],[[145.06788,-37.98554],[145.06943,-37.98709]],[[145.07815,-37.99465],[145.07926,-37.99563]],[[145.07918,-37.99562],[145.07807,-37.99468]]],"freeway":[[[145.07147,-37.98169],[145.07161,-37.98206]],[[145.07097,-37.98174],[145.07134,-37.98168]],[[145.07473,-37.98241],[145.07443,-37.98247]],[[145.07439,-37.98234],[145.0748,-37.9824]],[[145.07769,-37.98566],[145.07992,-37.98802],[145.08092,-37.98967]],[[145.07268,-37.98243],[145.07198,-37.98235]],[[145.07147,-37.98169],[145.07143,-37.98187]],[[145.07129,-37.98193],[145.07134,-37.98168]],[[145.07184,-37.98233],[145.07152,-37.98223]],[[145.07134,-37.98168],[145.07137,-37.98156]],[[145.07082,-37.98188],[145.07059,-37.98169]],[[145.08118,-37.99056],[145.07976,-37.98808],[145.07687,-37.98504]],[[145.06992,-37.98057],[145.07021,-37.9809]],[[145.07013,-37.98112],[145.06999,-37.98094]],[[145.07066,-37.98145],[145.07082,-37.98161]],[[145.07176,-37.98211],[145.07234,-37.98221]],[[145.07126,-37.98213],[145.07129,-37.98193]],[[145.07126,-37.98213],[145.0709,-37.98194]],[[145.07129,-37.98193],[145.0714,-37.98198]],[[145.0714,-37.98198],[145.07136,-37.98218]],[[145.0714,-37.98198],[145.07161,-37.98206]],[[145.07136,-37.98218],[145.07126,-37.98213]],[[145.07066,-37.98145],[145.07051,-37.9816]],[[145.07051,-37.9816],[145.07045,-37.98153]],[[145.08346,-37.99606],[145.08362,-37.99587]],[[145.07148,-37.98137],[145.07158,-37.98107]],[[145.07234,-37.98221],[145.07266,-37.98225]],[[145.09427,-37.98478],[145.0799,-37.98304]],[[145.0799,-37.98304],[145.07802,-37.98281]],[[145.07148,-37.98137],[145.0715,-37.98155]],[[145.07161,-37.98206],[145.07176,-37.98211]],[[145.08127,-37.99072],[145.08118,-37.99056]],[[145.08142,-37.99101],[145.08133,-37.99084]],[[145.08243,-37.99297],[145.08221,-37.99253]],[[145.08127,-37.99072],[145.08144,-37.99067]],[[145.08303,-37.99413],[145.08252,-37.99314]],[[145.07384,-37.98241],[145.07403,-37.98246]],[[145.07045,-37.98153],[145.07023,-37.98125]],[[145.07443,-37.98261],[145.07594,-37.9838]],[[145.08366,-37.99616],[145.08379,-37.99725]],[[145.07045,-37.98153],[145.07065,-37.98145]],[[145.07417,-37.9825],[145.07439,-37.98234]],[[145.07427,-37.98254],[145.07407,-37.98266]],[[145.07473,-37.98241],[145.0746,-37.98268]],[[145.07407,-37.98237],[145.07439,-37.98234]],[[145.07046,-37.98122],[145.07065,-37.98145]],[[145.07137,-37.98156],[145.07148,-37.98137]],[[145.07097,-37.98174],[145.07116,-37.98186]],[[145.07343,-37.98253],[145.07268,-37.98243]],[[145.06976,-37.98065],[145.068,-37.97848]],[[145.08342,-37.99583],[145.08303,-37.99413]],[[145.08348,-37.99627],[145.08346,-37.99606]],[[145.06975,-37.98035],[145.06992,-37.98057]],[[145.06999,-37.98094],[145.06976,-37.98065]],[[145.06796,-37.97814],[145.06951,-37.98005]],[[145.06951,-37.98005],[145.06975,-37.98035]],[[145.07023,-37.98125],[145.07013,-37.98112]],[[145.0709,-37.98194],[145.07082,-37.98188]],[[145.07158,-37.98107],[145.07175,-37.98021]],[[145.07148,-37.98162],[145.07147,-37.98169]],[[145.0715,-37.98155],[145.07148,-37.98162]],[[145.07198,-37.98235],[145.07184,-37.98233]],[[145.07519,-37.98244],[145.07493,-37.98241]],[[145.07544,-37.98248],[145.07519,-37.98244]],[[145.07493,-37.98241],[145.0748,-37.9824]],[[145.07802,-37.98281],[145.07755,-37.98275]],[[145.07711,-37.9827],[145.07595,-37.98256]],[[145.07755,-37.98275],[145.07711,-37.9827]],[[145.07595,-37.98256],[145.07544,-37.98248]],[[145.07494,-37.98307],[145.07464,-37.98288]],[[145.07464,-37.98288],[145.07428,-37.98273]],[[145.0748,-37.9824],[145.07473,-37.98241]],[[145.07407,-37.98266],[145.07405,-37.98266]],[[145.07405,-37.98266],[145.07343,-37.98253]],[[145.07405,-37.98266],[145.07417,-37.9825]],[[145.07417,-37.9825],[145.07427,-37.98254]],[[145.07427,-37.98254],[145.07443,-37.98261]],[[145.07382,-37.98241],[145.07384,-37.98241]],[[145.07266,-37.98225],[145.07346,-37.98235]],[[145.07346,-37.98235],[145.07382,-37.98241]],[[145.07089,-37.98168],[145.07097,-37.98174]],[[145.07082,-37.98161],[145.07089,-37.98168]],[[145.07065,-37.98145],[145.07066,-37.98145]],[[145.07027,-37.98099],[145.07033,-37.98106]],[[145.07021,-37.9809],[145.07027,-37.98099]],[[145.08221,-37.99253],[145.0819,-37.99194]],[[145.08252,-37.99314],[145.08243,-37.99297]],[[145.0819,-37.99194],[145.08178,-37.99171]],[[145.08156,-37.99089],[145.08208,-37.99188]],[[145.08156,-37.99128],[145.08148,-37.99113]],[[145.08148,-37.99113],[145.08142,-37.99101]],[[145.08178,-37.99171],[145.08156,-37.99128]],[[145.08144,-37.99067],[145.08156,-37.99089]],[[145.08116,-37.99014],[145.08127,-37.99033]],[[145.08127,-37.99033],[145.08139,-37.99056]],[[145.08092,-37.98967],[145.08116,-37.99014]],[[145.08208,-37.99188],[145.08347,-37.9948]],[[145.07692,-37.98485],[145.07769,-37.98566]],[[145.07615,-37.98403],[145.07692,-37.98485]],[[145.07628,-37.9844],[145.07609,-37.98421]],[[145.07687,-37.98504],[145.07628,-37.9844]],[[145.07615,-37.98403],[145.076,-37.98412]],[[145.07594,-37.9838],[145.07608,-37.98396]],[[145.076,-37.98412],[145.07494,-37.98307]],[[145.08346,-37.99606],[145.08342,-37.99583]],[[145.08356,-37.9954],[145.08361,-37.99576]],[[145.08359,-37.99558],[145.08342,-37.99583]],[[145.08361,-37.99576],[145.08366,-37.99616]],[[145.08347,-37.9948],[145.08356,-37.9954]],[[145.07175,-37.98021],[145.0727,-37.97521]],[[145.07143,-37.98187],[145.0714,-37.98198]],[[145.07116,-37.98186],[145.07129,-37.98193]],[[145.07059,-37.98169],[145.07051,-37.9816]],[[145.07033,-37.98106],[145.07046,-37.98122]],[[145.07152,-37.98223],[145.07136,-37.98218]],[[145.07403,-37.98246],[145.07417,-37.9825]],[[145.07428,-37.98273],[145.07407,-37.98266]],[[145.07384,-37.98241],[145.07407,-37.98237]],[[145.07443,-37.98247],[145.07427,-37.98254]],[[145.07608,-37.98396],[145.07615,-37.98403]],[[145.07609,-37.98421],[145.076,-37.98412]],[[145.08139,-37.99056],[145.08144,-37.99067]],[[145.08133,-37.99084],[145.08127,-37.99072]],[[145.07757,-37.98553],[145.07755,-37.98576]],[[145.06976,-37.98065],[145.06992,-37.98057]]]}}