{"n":{"rail":[[[145.06906,-38.22228],[145.07392,-38.22023],[145.10887,-38.21374]]],"freeway":[[[145.07841,-38.2035],[145.07853,-38.20381]],[[145.07128,-38.20904],[145.06977,-38.21021]],[[145.06964,-38.21015],[145.0712,-38.20894]],[[145.07645,-38.20487],[145.07717,-38.2043]],[[145.07798,-38.20366],[145.07826,-38.20344]],[[145.06637,-38.21284],[145.06606,-38.21308]],[[145.07341,-38.20739],[145.07207,-38.20842]],[[145.07331,-38.2073],[145.07645,-38.20487]],[[145.06866,-38.21091],[145.06964,-38.21015]],[[145.06325,-38.21512],[145.06724,-38.21201]],[[145.06349,-38.21519],[145.06324,-38.21538]],[[145.06461,-38.21425],[145.06431,-38.2145]],[[145.06431,-38.2145],[145.06349,-38.21519]],[[145.06804,-38.21139],[145.06866,-38.21091]],[[145.06724,-38.21201],[145.06804,-38.21139]],[[145.06869,-38.21105],[145.06816,-38.21146]],[[145.06977,-38.21021],[145.06869,-38.21105]],[[145.07207,-38.20842],[145.07128,-38.20904]],[[145.07269,-38.20777],[145.07331,-38.2073]],[[145.0712,-38.20894],[145.07269,-38.20777]],[[145.07717,-38.2043],[145.07798,-38.20366]],[[145.07841,-38.2035],[145.0778,-38.20397]],[[145.07733,-38.20434],[145.07655,-38.20495]],[[145.07655,-38.20495],[145.07416,-38.2068]],[[145.07416,-38.2068],[145.07398,-38.20694]],[[145.06816,-38.21146],[145.06637,-38.21284]],[[145.06606,-38.21308],[145.06461,-38.21425]],[[145.07398,-38.20694],[145.07341,-38.20739]],[[145.0778,-38.20397],[145.07733,-38.20434]]]}}