{"b":[{"h":6,"g":[[145.42059,-37.460254],[145.420725,-37.460342],[145.42079,-37.460278],[145.420656,-37.460191],[145.42059,-37.460254]]},{"h":6,"g":[[145.419877,-37.459755],[145.420032,-37.459939],[145.420195,-37.459852],[145.420084,-37.459721],[145.41999,-37.459772],[145.419945,-37.459719],[145.419877,-37.459755]]},{"h":6,"g":[[145.417236,-37.460416],[145.417373,-37.460529],[145.417497,-37.460435],[145.41736,-37.460321],[145.417236,-37.460416]]}]}