{"b":[{"h":6,"g":[[145.419662,-37.716706],[145.419784,-37.716709],[145.419789,-37.716599],[145.419667,-37.716596],[145.419662,-37.716706]]},{"h":6,"g":[[145.419663,-37.716785],[145.419669,-37.716893],[145.419791,-37.716889],[145.419785,-37.716781],[145.419663,-37.716785]]},{"h":6,"g":[[145.419778,-37.71638],[145.41978,-37.716518],[145.42014,-37.716514],[145.420137,-37.716376],[145.419778,-37.71638]]},{"h":6,"g":[[145.421545,-37.718517],[145.421548,-37.718618],[145.421895,-37.718611],[145.421892,-37.718519],[145.421826,-37.718521],[145.421824,-37.718458],[145.42166,-37.718461],[145.421661,-37.718515],[145.421545,-37.718517]]}]}