{"b":[{"h":6,"g":[[145.436849,-37.606952],[145.436886,-37.607126],[145.436963,-37.607116],[145.436977,-37.607179],[145.436993,-37.607177],[145.436995,-37.607187],[145.437068,-37.607178],[145.437051,-37.607094],[145.437045,-37.60707],[145.437165,-37.607054],[145.437135,-37.606914],[145.436849,-37.606952]]},{"h":6,"g":[[145.42701,-37.599621],[145.427331,-37.599817],[145.427414,-37.599731],[145.427093,-37.599536],[145.42701,-37.599621]]},{"h":6,"g":[[145.427648,-37.599511],[145.427817,-37.599531],[145.427835,-37.599439],[145.427666,-37.599418],[145.427648,-37.599511]]},{"h":6,"g":[[145.427693,-37.599613],[145.427838,-37.599628],[145.427852,-37.599546],[145.427707,-37.599531],[145.427693,-37.599613]]}]}