{"b":[{"h":6,"g":[[145.41642,-37.982008],[145.416454,-37.982155],[145.416585,-37.98213],[145.416586,-37.982151],[145.416767,-37.982122],[145.416756,-37.982087],[145.41674,-37.982075],[145.416705,-37.981956],[145.41642,-37.982008]]},{"h":6,"g":[[145.416919,-37.982231],[145.416976,-37.982455],[145.41733,-37.982388],[145.417307,-37.982323],[145.417448,-37.9823],[145.417505,-37.982254],[145.417482,-37.982182],[145.417519,-37.982154],[145.417482,-37.982128],[145.417441,-37.982148],[145.417321,-37.982154],[145.417208,-37.982178],[145.417188,-37.982153],[145.417119,-37.982168],[145.417119,-37.982196],[145.416919,-37.982231]]}]}