{"b":[{"h":6,"g":[[145.426976,-38.152315],[145.427113,-38.152328],[145.427154,-38.152072],[145.427017,-38.152058],[145.426976,-38.152315]]},{"h":6,"g":[[145.426609,-38.152407],[145.426819,-38.152442],[145.426839,-38.15237],[145.426629,-38.152335],[145.426609,-38.152407]]}]}