{"b":[{"h":6,"g":[[145.42215,-38.172466],[145.423138,-38.172623],[145.42322,-38.172359],[145.422837,-38.172295],[145.422883,-38.172061],[145.422577,-38.172021],[145.422679,-38.171536],[145.422389,-38.171487],[145.42215,-38.172466]]},{"h":6,"g":[[145.423106,-38.172034],[145.42325,-38.172052],[145.423312,-38.171713],[145.423175,-38.171693],[145.423106,-38.172034]]}]}