{"b":[{"h":6,"g":[[145.488382,-37.205487],[145.488525,-37.205502],[145.488518,-37.205549],[145.488601,-37.205557],[145.488609,-37.205506],[145.488757,-37.205522],[145.48879,-37.205319],[145.488675,-37.205308],[145.488663,-37.205379],[145.488404,-37.205353],[145.488382,-37.205487]]},{"h":6,"g":[[145.487899,-37.20542],[145.488155,-37.205438],[145.488164,-37.20536],[145.487908,-37.205342],[145.487899,-37.20542]]},{"h":6,"g":[[145.487704,-37.205423],[145.487705,-37.205437],[145.487712,-37.205451],[145.487724,-37.205461],[145.487739,-37.205469],[145.487757,-37.205472],[145.487776,-37.20547],[145.487794,-37.205463],[145.487807,-37.205452],[145.487815,-37.205438],[145.487817,-37.205423],[145.487812,-37.205408],[145.487802,-37.205395],[145.487786,-37.205386],[145.487768,-37.205382],[145.487748,-37.205382],[145.487731,-37.205387],[145.487717,-37.205397],[145.487708,-37.205409],[145.487704,-37.205423]]}]}