{"b":[{"h":6,"g":[[145.501682,-37.327524],[145.501845,-37.327849],[145.502181,-37.327761],[145.501988,-37.327455],[145.501682,-37.327524]]},{"h":6,"g":[[145.502075,-37.32626],[145.502267,-37.326363],[145.50236,-37.326253],[145.502168,-37.32615],[145.502075,-37.32626]]}]}