{"b":[{"h":6,"g":[[145.496643,-37.249068],[145.496675,-37.249217],[145.496758,-37.249206],[145.496726,-37.249057],[145.496643,-37.249068]]},{"h":6,"g":[[145.497404,-37.248974],[145.497415,-37.249089],[145.497663,-37.249075],[145.497652,-37.248959],[145.497404,-37.248974]]},{"h":6,"g":[[145.496959,-37.248773],[145.497099,-37.248773],[145.497099,-37.248573],[145.496959,-37.248573],[145.496959,-37.248773]]},{"h":6,"g":[[145.49631,-37.249388],[145.496492,-37.249388],[145.496492,-37.249145],[145.49631,-37.249145],[145.49631,-37.249388]]}]}