{"b":[{"h":6,"g":[[145.501892,-37.924413],[145.502061,-37.924573],[145.502138,-37.924529],[145.502275,-37.924655],[145.502457,-37.924541],[145.502378,-37.924455],[145.502405,-37.924438],[145.502354,-37.924389],[145.502396,-37.924365],[145.50223,-37.924198],[145.501892,-37.924413]]}]}