{"b":[{"h":6,"g":[[145.492722,-37.988371],[145.492726,-37.988372],[145.49273,-37.988371],[145.49273,-37.988368],[145.492725,-37.988366],[145.492723,-37.988368],[145.492722,-37.988371]]}]}