{"b":[{"h":6,"g":[[145.485075,-37.947884],[145.485136,-37.947934],[145.485188,-37.947894],[145.48527,-37.94796],[145.485353,-37.947897],[145.485211,-37.947781],[145.485075,-37.947884]]}]}