{"b":[{"h":6,"g":[[145.501931,-38.048135],[145.502142,-38.048192],[145.502261,-38.047918],[145.502049,-38.047861],[145.501931,-38.048135]]}]}