{"b":[{"h":6,"g":[[145.487498,-38.150934],[145.487544,-38.150939],[145.487539,-38.150967],[145.487726,-38.150988],[145.487743,-38.150897],[145.487509,-38.150871],[145.487498,-38.150934]]},{"h":6,"g":[[145.487385,-38.150956],[145.487447,-38.150962],[145.487465,-38.15086],[145.487403,-38.150853],[145.487385,-38.150956]]}]}