{"b":[{"h":6,"g":[[145.484629,-38.431653],[145.485219,-38.431742],[145.485345,-38.431169],[145.484762,-38.431076],[145.484629,-38.431653]]},{"h":6,"g":[[145.483995,-38.442835],[145.484132,-38.44286],[145.484142,-38.442828],[145.484249,-38.442847],[145.484239,-38.442882],[145.484371,-38.442905],[145.484383,-38.442866],[145.484313,-38.442854],[145.484353,-38.442717],[145.484284,-38.442705],[145.484277,-38.442731],[145.484221,-38.442721],[145.484229,-38.442695],[145.484046,-38.442662],[145.483995,-38.442835]]},{"h":6,"g":[[145.497627,-38.433194],[145.497888,-38.434054],[145.498005,-38.433985],[145.498619,-38.433544],[145.498671,-38.433481],[145.498644,-38.433262],[145.498539,-38.432925],[145.498606,-38.432851],[145.498536,-38.43274],[145.497627,-38.433194]]},{"h":6,"g":[[145.490245,-38.431325],[145.490793,-38.431397],[145.490856,-38.431142],[145.490737,-38.431123],[145.490675,-38.431094],[145.490693,-38.431184],[145.490659,-38.431242],[145.490563,-38.431265],[145.490429,-38.431236],[145.490278,-38.431192],[145.490245,-38.431325]]}]}