{"b":[{"h":6,"g":[[145.491824,-38.515052],[145.491975,-38.515073],[145.492039,-38.514791],[145.491889,-38.51477],[145.491824,-38.515052]]}]}