{"b":[{"h":6,"g":[[145.547449,-37.687139],[145.547599,-37.687154],[145.54762,-37.687025],[145.54747,-37.68701],[145.547449,-37.687139]]}]}