{"b":[{"h":6,"g":[[145.560258,-37.649169],[145.560436,-37.649353],[145.560453,-37.649343],[145.560488,-37.649379],[145.560545,-37.649344],[145.560512,-37.649309],[145.560551,-37.649285],[145.560386,-37.649115],[145.560352,-37.649135],[145.560337,-37.64912],[145.560258,-37.649169]]}]}