{"b":[{"h":6,"g":[[145.568664,-37.915957],[145.568798,-37.915986],[145.568832,-37.915892],[145.568697,-37.915862],[145.568664,-37.915957]]}]}