{"b":[{"h":6,"g":[[145.548786,-37.839819],[145.549058,-37.839974],[145.549123,-37.839903],[145.549052,-37.839862],[145.549105,-37.839804],[145.549006,-37.839748],[145.548956,-37.839803],[145.548854,-37.839745],[145.548786,-37.839819]]}]}