{"b":[{"h":6,"g":[[145.549513,-37.862683],[145.549661,-37.862687],[145.549675,-37.86241],[145.549527,-37.862405],[145.549521,-37.862527],[145.549513,-37.862683]]}]}