{"b":[{"h":6,"g":[[145.566613,-38.027339],[145.566737,-38.027364],[145.566811,-38.027133],[145.566687,-38.027108],[145.566613,-38.027339]]},{"h":6,"g":[[145.566688,-38.029479],[145.566883,-38.029502],[145.566918,-38.029321],[145.566724,-38.029297],[145.566688,-38.029479]]},{"h":6,"g":[[145.564589,-38.028662],[145.56466,-38.028678],[145.564655,-38.028692],[145.56494,-38.028756],[145.564977,-38.028654],[145.564686,-38.028589],[145.564675,-38.028619],[145.56461,-38.028604],[145.564589,-38.028662]]},{"h":6,"g":[[145.55545,-38.01897],[145.555496,-38.018979],[145.555493,-38.019002],[145.555626,-38.019034],[145.555713,-38.018794],[145.55559,-38.018764],[145.555528,-38.018908],[145.555479,-38.018896],[145.55545,-38.01897]]}]}