{"b":[{"h":6,"g":[[145.567828,-38.03132],[145.568042,-38.031336],[145.568061,-38.031173],[145.567847,-38.031157],[145.567828,-38.03132]]},{"h":6,"g":[[145.566839,-38.031347],[145.56702,-38.031365],[145.56704,-38.031238],[145.566859,-38.031221],[145.566839,-38.031347]]}]}