{"b":[{"h":6,"g":[[145.556723,-37.93655],[145.556914,-37.936777],[145.557041,-37.93671],[145.55685,-37.936484],[145.556818,-37.9365],[145.556723,-37.93655]]},{"h":6,"g":[[145.556804,-37.936484],[145.556818,-37.9365],[145.55685,-37.936484],[145.557041,-37.93671],[145.557071,-37.936694],[145.556866,-37.936451],[145.556804,-37.936484]]},{"h":6,"g":[[145.558129,-37.943093],[145.558258,-37.943232],[145.558385,-37.943158],[145.558255,-37.94302],[145.558129,-37.943093]]},{"h":6,"g":[[145.554237,-37.941709],[145.554262,-37.941712],[145.554245,-37.941805],[145.554393,-37.941821],[145.554436,-37.941573],[145.554294,-37.941558],[145.554286,-37.941602],[145.554256,-37.941598],[145.554237,-37.941709]]}]}