{"b":[{"h":6,"g":[[145.562078,-38.238113],[145.562137,-38.238191],[145.562303,-38.238113],[145.562244,-38.238035],[145.562078,-38.238113]]},{"h":6,"g":[[145.561643,-38.237858],[145.56176,-38.238056],[145.561876,-38.238013],[145.561759,-38.237816],[145.561643,-38.237858]]}]}