{"b":[{"h":6,"g":[[145.772847,-37.531017],[145.7729,-37.531036],[145.772928,-37.530994],[145.772879,-37.530973],[145.772847,-37.531017]]},{"h":6,"g":[[145.772091,-37.529831],[145.772215,-37.529838],[145.772224,-37.529763],[145.772102,-37.529757],[145.772091,-37.529831]]}]}