{"b":[{"h":6,"g":[[145.784533,-37.70253],[145.784609,-37.702658],[145.784825,-37.702578],[145.784833,-37.70259],[145.784934,-37.702553],[145.784846,-37.702404],[145.784697,-37.70246],[145.784701,-37.702467],[145.784533,-37.70253]]},{"h":6,"g":[[145.784868,-37.70239],[145.784903,-37.702449],[145.784993,-37.702415],[145.784958,-37.702357],[145.784868,-37.70239]]},{"h":6,"g":[[145.78414,-37.702722],[145.784206,-37.702833],[145.784454,-37.702741],[145.784388,-37.70263],[145.78414,-37.702722]]},{"h":6,"g":[[145.785179,-37.702214],[145.785245,-37.702325],[145.785337,-37.702291],[145.78531,-37.702246],[145.785367,-37.702225],[145.785328,-37.702158],[145.785179,-37.702214]]}]}