{"b":[{"h":6,"g":[[145.77702,-38.24123],[145.777151,-38.241206],[145.777137,-38.241158],[145.777024,-38.241179],[145.77702,-38.24123]]},{"h":6,"g":[[145.779134,-38.24084],[145.779326,-38.240952],[145.779327,-38.24097],[145.779348,-38.240984],[145.779338,-38.240992],[145.779383,-38.241022],[145.779478,-38.240931],[145.779392,-38.240885],[145.779427,-38.240852],[145.77934,-38.240797],[145.779306,-38.240834],[145.779229,-38.240794],[145.779235,-38.240782],[145.779214,-38.240772],[145.779206,-38.240781],[145.779198,-38.240775],[145.779134,-38.24084]]}]}