{"b":[{"h":6.4,"g":[[145.776866,-38.511231],[145.77691,-38.511324],[145.777102,-38.511267],[145.777058,-38.511175],[145.776866,-38.511231]]},{"h":6,"g":[[145.768762,-38.510443],[145.769052,-38.510477],[145.76907,-38.510381],[145.76878,-38.510348],[145.768762,-38.510443]]},{"h":6,"g":[[145.768797,-38.510528],[145.769029,-38.510561],[145.769039,-38.510517],[145.768807,-38.510484],[145.768797,-38.510528]]},{"h":6,"g":[[145.76903,-38.510609],[145.769182,-38.510631],[145.769188,-38.510602],[145.769265,-38.510613],[145.769277,-38.510562],[145.769048,-38.510529],[145.76903,-38.510609]]}]}