{"b":[{"h":6,"g":[[145.407019,-37.234754],[145.407151,-37.234775],[145.407237,-37.234431],[145.407104,-37.23441],[145.407019,-37.234754]]},{"h":6,"g":[[145.406426,-37.234415],[145.407035,-37.234518],[145.407365,-37.233275],[145.406756,-37.233173],[145.406426,-37.234415]]}]}