{"b":[{"h":6,"g":[[145.406701,-37.508542],[145.406765,-37.508772],[145.406933,-37.508747],[145.406849,-37.508525],[145.406701,-37.508542]]},{"h":6,"g":[[145.408409,-37.509036],[145.408493,-37.50934],[145.408689,-37.509288],[145.408577,-37.509029],[145.408409,-37.509036]]}]}