{"b":[{"h":6,"g":[[145.394253,-37.522028],[145.394371,-37.522073],[145.394493,-37.521821],[145.394363,-37.521795],[145.394253,-37.522028]]},{"h":6,"g":[[145.402951,-37.511989],[145.40311,-37.511992],[145.403092,-37.511835],[145.403018,-37.511838],[145.403018,-37.511885],[145.402965,-37.511888],[145.402951,-37.511989]]},{"h":6,"g":[[145.404087,-37.513135],[145.404253,-37.513216],[145.40432,-37.513132],[145.404157,-37.513045],[145.404087,-37.513135]]},{"h":6,"g":[[145.40713,-37.511095],[145.407259,-37.511172],[145.407312,-37.511035],[145.407441,-37.511086],[145.407538,-37.510976],[145.407291,-37.510891],[145.40713,-37.511095]]}]}