{"b":[{"h":6,"g":[[145.413814,-37.578826],[145.413827,-37.579063],[145.413973,-37.579058],[145.41396,-37.578821],[145.413814,-37.578826]]}]}