{"b":[{"h":6,"g":[[145.39371,-37.532533],[145.393718,-37.532582],[145.39384,-37.532559],[145.393828,-37.532514],[145.39371,-37.532533]]},{"h":6,"g":[[145.393844,-37.533462],[145.393954,-37.533446],[145.393922,-37.533384],[145.393844,-37.533404],[145.393844,-37.533462]]},{"h":6,"g":[[145.393594,-37.531356],[145.393616,-37.531637],[145.393744,-37.531637],[145.393712,-37.531399],[145.393594,-37.531356]]}]}