{"b":[{"h":6,"g":[[145.414065,-37.579476],[145.414191,-37.579494],[145.414218,-37.579375],[145.414092,-37.579357],[145.414065,-37.579476]]},{"h":6,"g":[[145.409793,-37.582977],[145.409821,-37.583053],[145.409846,-37.58305],[145.409876,-37.583121],[145.410105,-37.58307],[145.410041,-37.582922],[145.409793,-37.582977]]}]}