{"b":[{"h":6,"g":[[145.407052,-38.100082],[145.407274,-38.100144],[145.407414,-38.099833],[145.407193,-38.099771],[145.407052,-38.100082]]},{"h":6,"g":[[145.400744,-38.085948],[145.400973,-38.085983],[145.401009,-38.085838],[145.400779,-38.085803],[145.400744,-38.085948]]}]}