{"b":[{"h":6,"g":[[145.400187,-37.970316],[145.40019,-37.970365],[145.400236,-37.970403],[145.400327,-37.970398],[145.400362,-37.97036],[145.400362,-37.97031],[145.400308,-37.970267],[145.400227,-37.970272],[145.400187,-37.970316]]}]}