{"t":[{"r":"TRENTHAM FALLS ROAD","v":1524,"h":7,"c":[[144.2248,-37.3941],[144.23005,-37.39456],[144.23159,-37.39437],[144.23349,-37.39335],[144.23474,-37.3933],[144.2389,-37.39399],[144.2453,-37.39685],[144.24767,-37.39654],[144.24896,-37.39562],[144.25112,-37.39212]]},{"r":"TRENTHAM FALLS ROAD","v":1510,"h":7,"c":[[144.25112,-37.39212],[144.24896,-37.39562],[144.24767,-37.39654],[144.2453,-37.39685],[144.2389,-37.39399],[144.23474,-37.3933],[144.23349,-37.39335],[144.23159,-37.39437],[144.23005,-37.39456],[144.2248,-37.3941]]}]}