{"t":[{"r":"FOREST STREET","v":1560,"h":6,"c":[[144.48536,-37.33373],[144.50079,-37.34598]]},{"r":"TYLDEN-WOODEND ROAD","v":1561,"h":8,"c":[[144.50079,-37.34598],[144.48536,-37.33373]]}]}