{"t":[{"r":"FOREST STREET","v":1560,"h":6,"c":[[144.48536,-37.33373],[144.50079,-37.34598],[144.51149,-37.35075],[144.51776,-37.35313]]},{"r":"TYLDEN-WOODEND ROAD","v":1561,"h":8,"c":[[144.51776,-37.35313],[144.51168,-37.3508],[144.50079,-37.34598],[144.48536,-37.33373]]}]}