{"t":[{"r":"DIGGERS REST-COIMADAI ROAD","v":1312,"h":25,"c":[[144.49043,-37.63407],[144.49368,-37.63387],[144.50204,-37.63237],[144.50403,-37.63119]]},{"r":"DIGGERS REST-COIMADAI ROAD","v":1524,"h":17,"c":[[144.50403,-37.63119],[144.50204,-37.63237],[144.49382,-37.63386],[144.49043,-37.63407]]}]}