{"t":[{"r":"BACCHUS MARSH ROAD","v":4449,"h":15,"c":[[144.48403,-37.68427],[144.49336,-37.6827],[144.49733,-37.68263],[144.4991,-37.68188],[144.50116,-37.68006],[144.50296,-37.67963],[144.5046,-37.68007],[144.51025,-37.68399]]},{"r":"BACCHUS MARSH ROAD","v":4449,"h":15,"c":[[144.51034,-37.68413],[144.50443,-37.68012],[144.50299,-37.67974],[144.50111,-37.68019],[144.49925,-37.68189],[144.49734,-37.68273],[144.494,-37.68274],[144.48832,-37.68337]]}]}