{"t":[{"r":"DIGGERS REST-COIMADAI ROAD","v":1312,"h":25,"c":[[144.50758,-37.61453],[144.50928,-37.61294],[144.51375,-37.61136],[144.51621,-37.61138]]},{"r":"DIGGERS REST-COIMADAI ROAD","v":1524,"h":17,"c":[[144.51621,-37.61138],[144.51375,-37.61136],[144.50928,-37.61294],[144.50758,-37.61453]]}]}