{"t":[{"r":"DIGGERS REST-COIMADAI ROAD","v":1312,"h":25,"c":[[144.50204,-37.63237],[144.50403,-37.63119],[144.50537,-37.62923],[144.50624,-37.62098],[144.50758,-37.61453],[144.50928,-37.61294]]},{"r":"DIGGERS REST-COIMADAI ROAD","v":1524,"h":17,"c":[[144.50928,-37.61294],[144.50758,-37.61453],[144.50624,-37.62098],[144.50537,-37.62923],[144.50403,-37.63119],[144.50204,-37.63237]]}]}