{"t":[{"r":"NEROWIE ROAD","v":3717,"h":6,"c":[[144.50392,-37.74338],[144.52098,-37.74165]]},{"r":"PARWAN-EXFORD ROAD","v":538,"h":6,"c":[[144.50583,-37.72528],[144.52098,-37.74165]]},{"r":"NEROWIE ROAD","v":3717,"h":6,"c":[[144.50392,-37.74338],[144.52098,-37.74165]]},{"r":"PARWAN-EXFORD ROAD","v":572,"h":6,"c":[[144.50583,-37.72528],[144.52098,-37.74165]]}]}