{"t":[{"r":"PARWAN-EXFORD ROAD","v":538,"h":6,"c":[[144.48968,-37.71333],[144.50583,-37.72528],[144.52098,-37.74165]]},{"r":"PARWAN-EXFORD ROAD","v":572,"h":6,"c":[[144.48968,-37.71333],[144.50583,-37.72528],[144.52098,-37.74165]]}]}