{"t":[{"r":"BALLAN ROAD","v":1798,"h":13,"c":[[144.51591,-37.81454],[144.47989,-37.79505]]},{"r":"BALLAN ROAD","v":1842,"h":14,"c":[[144.47989,-37.79505],[144.51591,-37.81454]]}]}