{"t":[{"r":"PRINCES FREEWAY","v":36115,"h":9,"c":[[144.47163,-38.01143],[144.51277,-37.9924]]},{"r":"PRINCES FREEWAY","v":36811,"h":8,"c":[[144.51395,-37.99208],[144.47421,-38.01053]]}]}