{"t":[{"r":"WALLINGTON-OCEAN GROVE ROAD","v":3912,"h":4,"c":[[144.50685,-38.21356],[144.50153,-38.23946]]},{"r":"BELLARINE HIGHWAY","v":10609,"h":10,"c":[[144.50989,-38.20902],[144.54192,-38.22607]]},{"r":"BELLARINE HIGHWAY","v":10378,"h":8,"c":[[144.54192,-38.22608],[144.50981,-38.20919]]},{"r":"WALLINGTON-OCEAN GROVE ROAD","v":4286,"h":3,"c":[[144.50685,-38.21356],[144.50153,-38.23946]]}]}