{"t":[{"r":"WALLINGTON-OCEAN GROVE ROAD","v":3912,"h":4,"c":[[144.50685,-38.21356],[144.50153,-38.23946],[144.50152,-38.24039],[144.50198,-38.24119],[144.50455,-38.24286],[144.50524,-38.24408],[144.50425,-38.24953],[144.50309,-38.25182],[144.50311,-38.2536]]},{"r":"WALLINGTON-OCEAN GROVE ROAD","v":4286,"h":3,"c":[[144.50685,-38.21356],[144.50153,-38.23946],[144.50152,-38.24039],[144.50198,-38.24119],[144.50455,-38.24286],[144.50524,-38.24408],[144.50425,-38.24953],[144.50309,-38.25182],[144.50311,-38.2536]]},{"r":"WALLINGTON ROAD","v":1999,"h":5,"c":[[144.50311,-38.2536],[144.50389,-38.25538],[144.50673,-38.25824]]}]}