{"n":{"tram":[[[145.14082,-37.85121],[145.18121,-37.8563]],[[145.18147,-37.85637],[145.14081,-37.85125]],[[145.18235,-37.85652],[145.18147,-37.85637]],[[145.18147,-37.85633],[145.1812,-37.85633]],[[145.18121,-37.8563],[145.18147,-37.85637]],[[145.18147,-37.85633],[145.18235,-37.85644]],[[145.18121,-37.8563],[145.18147,-37.85633]]],"freeway":[[[145.18114,-37.85644],[145.1806,-37.85614]],[[145.17365,-37.85551],[145.17311,-37.8552]],[[145.17078,-37.85491],[145.17521,-37.85546]],[[145.17521,-37.85546],[145.17543,-37.85549]],[[145.17543,-37.85549],[145.1825,-37.85637]],[[145.1836,-37.85675],[145.1831,-37.85669]],[[145.18383,-37.85655],[145.19307,-37.85795]],[[145.17624,-37.8556],[145.17736,-37.85599]],[[145.1825,-37.85637],[145.18305,-37.85644]],[[145.1833,-37.85647],[145.18355,-37.85651]],[[145.18301,-37.85668],[145.18284,-37.85666]],[[145.18244,-37.8566],[145.1744,-37.85561]],[[145.18365,-37.85652],[145.18383,-37.85655]],[[145.17365,-37.85551],[145.17194,-37.8553]],[[145.18578,-37.85701],[145.1836,-37.85675]],[[145.18982,-37.85766],[145.18578,-37.85701]],[[145.18988,-37.85746],[145.18982,-37.85766]],[[145.1744,-37.85561],[145.17365,-37.85551]],[[145.18355,-37.85651],[145.18365,-37.85652]],[[145.1831,-37.85669],[145.18301,-37.85668]],[[145.18305,-37.85644],[145.18314,-37.85645]],[[145.18284,-37.85666],[145.18244,-37.8566]],[[145.18314,-37.85645],[145.1833,-37.85647]]]}}