{"n":{"rail":[[[145.17492,-37.82053],[145.16589,-37.82185]],[[145.16616,-37.82182],[145.17504,-37.8204]],[[145.17609,-37.82034],[145.17492,-37.82053]],[[145.17504,-37.8204],[145.17612,-37.82024]],[[145.1952,-37.81775],[145.1844,-37.81921]],[[145.17612,-37.82024],[145.1844,-37.81918]],[[145.1844,-37.81918],[145.1952,-37.81771]],[[145.1844,-37.81921],[145.17609,-37.82034]],[[145.1952,-37.81771],[145.20202,-37.81813]],[[145.20201,-37.81818],[145.1952,-37.81775]]],"freeway":[[[145.19233,-37.81663],[145.19027,-37.81692]],[[145.19229,-37.81648],[145.19283,-37.81641]],[[145.17798,-37.80571],[145.17755,-37.80881]],[[145.17687,-37.81221],[145.17716,-37.81022]],[[145.17679,-37.81856],[145.17612,-37.81854]],[[145.1753,-37.82166],[145.17538,-37.82122]],[[145.18729,-37.81719],[145.19024,-37.81678]],[[145.17711,-37.81213],[145.17695,-37.81319]],[[145.18268,-37.81798],[145.18262,-37.81785]],[[145.18489,-37.81753],[145.18507,-37.81765]],[[145.18575,-37.81755],[145.18557,-37.81758]],[[145.18374,-37.81769],[145.18363,-37.81785]],[[145.18237,-37.81788],[145.1824,-37.81802]],[[145.18614,-37.81711],[145.18646,-37.8173]],[[145.18613,-37.81735],[145.18729,-37.81719]],[[145.18055,-37.81812],[145.18065,-37.81827]],[[145.18057,-37.81828],[145.18055,-37.81812]],[[145.17827,-37.81856],[145.17824,-37.81842]],[[145.18055,-37.81812],[145.18237,-37.81788]],[[145.17617,-37.81805],[145.17646,-37.81839]],[[145.17737,-37.81857],[145.17609,-37.81873]],[[145.19471,-37.81614],[145.19884,-37.81567]],[[145.19368,-37.81643],[145.19251,-37.8166]],[[145.17673,-37.8132],[145.17687,-37.81221]],[[145.17748,-37.8095],[145.17711,-37.81213]],[[145.17617,-37.81805],[145.17613,-37.81838]],[[145.17889,-37.8185],[145.17827,-37.81856]],[[145.17588,-37.81874],[145.17591,-37.81853]],[[145.17565,-37.82089],[145.17551,-37.82168]],[[145.1874,-37.81732],[145.18678,-37.81741]],[[145.19024,-37.81678],[145.19229,-37.81648]],[[145.19649,-37.81601],[145.19399,-37.81639]],[[145.19027,-37.81692],[145.1874,-37.81732]],[[145.17613,-37.81838],[145.17646,-37.81839]],[[145.19364,-37.81629],[145.19368,-37.81643]],[[145.19283,-37.81641],[145.1933,-37.81634]],[[145.19251,-37.8166],[145.19233,-37.81663]],[[145.18616,-37.81749],[145.18575,-37.81755]],[[145.18678,-37.81741],[145.18616,-37.81749]],[[145.18588,-37.81739],[145.18613,-37.81735]],[[145.18544,-37.81745],[145.18588,-37.81739]],[[145.18557,-37.81758],[145.18546,-37.81759]],[[145.18537,-37.8176],[145.18507,-37.81765]],[[145.18546,-37.81759],[145.18537,-37.8176]],[[145.18519,-37.81749],[145.18535,-37.81747]],[[145.17695,-37.81319],[145.17673,-37.81466]],[[145.17658,-37.81417],[145.17666,-37.81361]],[[145.17594,-37.81953],[145.17591,-37.81968]],[[145.17572,-37.81965],[145.17574,-37.81953]],[[145.17564,-37.82002],[145.17572,-37.81965]],[[145.1755,-37.82069],[145.17555,-37.82047]],[[145.17582,-37.82012],[145.17574,-37.82052]],[[145.17591,-37.81968],[145.17584,-37.82004]],[[145.17624,-37.8162],[145.17631,-37.81579]],[[145.17637,-37.81542],[145.17643,-37.81508]],[[145.1933,-37.81634],[145.19364,-37.81629]],[[145.19391,-37.8164],[145.19368,-37.81643]],[[145.17767,-37.80657],[145.17782,-37.80569]],[[145.17574,-37.81953],[145.17576,-37.81938]],[[145.17596,-37.81817],[145.17601,-37.81787]],[[145.17609,-37.81873],[145.17604,-37.81904]],[[145.17715,-37.81857],[145.17679,-37.81856]],[[145.17665,-37.81839],[145.17679,-37.81839]],[[145.17622,-37.81775],[145.17617,-37.81805]],[[145.18374,-37.81769],[145.18473,-37.81755]],[[145.19364,-37.81629],[145.19471,-37.81614]],[[145.17604,-37.81904],[145.17602,-37.81915]],[[145.17646,-37.81839],[145.17665,-37.81839]],[[145.17601,-37.81787],[145.17611,-37.81714]],[[145.17641,-37.81659],[145.17636,-37.81687]],[[145.17627,-37.81741],[145.17624,-37.8176]],[[145.17657,-37.81568],[145.17648,-37.81621]],[[145.17587,-37.81882],[145.17588,-37.81874]],[[145.17591,-37.81853],[145.17594,-37.81838]],[[145.17585,-37.81891],[145.17587,-37.81882]],[[145.17594,-37.81838],[145.17596,-37.81817]],[[145.17582,-37.8191],[145.17585,-37.81891]],[[145.17576,-37.81938],[145.17578,-37.81929]],[[145.17578,-37.81929],[145.17582,-37.8191]],[[145.17827,-37.81856],[145.178,-37.81857]],[[145.18507,-37.81765],[145.18363,-37.81785]],[[145.17782,-37.80569],[145.17789,-37.80516]],[[145.17804,-37.80523],[145.17798,-37.80571]],[[145.17759,-37.80716],[145.17767,-37.80657]],[[145.17726,-37.80947],[145.17759,-37.80716]],[[145.17755,-37.80881],[145.17748,-37.8095]],[[145.17716,-37.81022],[145.17726,-37.80947]],[[145.17666,-37.81361],[145.17673,-37.8132]],[[145.17673,-37.81466],[145.17667,-37.81501]],[[145.17643,-37.81508],[145.17658,-37.81417]],[[145.17667,-37.81501],[145.17661,-37.81544]],[[145.17631,-37.81579],[145.17637,-37.81542]],[[145.17661,-37.81544],[145.17657,-37.81568]],[[145.17644,-37.81644],[145.17641,-37.81659]],[[145.17648,-37.81621],[145.17644,-37.81644]],[[145.17617,-37.81673],[145.17624,-37.8162]],[[145.17636,-37.81687],[145.17629,-37.81729]],[[145.17611,-37.81714],[145.17617,-37.81673]],[[145.17629,-37.81729],[145.17627,-37.81741]],[[145.17624,-37.8176],[145.17622,-37.81775]],[[145.17594,-37.81838],[145.17613,-37.81838]],[[145.17612,-37.81854],[145.17591,-37.81853]],[[145.17612,-37.81854],[145.17609,-37.81873]],[[145.17613,-37.81838],[145.17612,-37.81854]],[[145.17679,-37.81839],[145.17756,-37.81841]],[[145.178,-37.81857],[145.17783,-37.81857]],[[145.17783,-37.81857],[145.17756,-37.81857]],[[145.17737,-37.81857],[145.17715,-37.81857]],[[145.17756,-37.81857],[145.17737,-37.81857]],[[145.17602,-37.81915],[145.17594,-37.81953]],[[145.17574,-37.82052],[145.17571,-37.82061]],[[145.17584,-37.82004],[145.17582,-37.82012]],[[145.17555,-37.82047],[145.17564,-37.82002]],[[145.17571,-37.82061],[145.17565,-37.82089]],[[145.17538,-37.82122],[145.1755,-37.82069]],[[145.17551,-37.82168],[145.17546,-37.82191]],[[145.17525,-37.82188],[145.1753,-37.82166]],[[145.17522,-37.82202],[145.17525,-37.82188]],[[145.17546,-37.82191],[145.17541,-37.82218]],[[145.17541,-37.82218],[145.17535,-37.82245]],[[145.17514,-37.82242],[145.17522,-37.82202]],[[145.17535,-37.82245],[145.17533,-37.82252]],[[145.17505,-37.82295],[145.17514,-37.82242]],[[145.17533,-37.82252],[145.17499,-37.82417]],[[145.18535,-37.81747],[145.18544,-37.81745]],[[145.19399,-37.81639],[145.19391,-37.8164]],[[145.17756,-37.81841],[145.17856,-37.8184]],[[145.18033,-37.81831],[145.17889,-37.8185]],[[145.18065,-37.81827],[145.18057,-37.81828]],[[145.18097,-37.81822],[145.18065,-37.81827]],[[145.18057,-37.81828],[145.18037,-37.8183]],[[145.18037,-37.8183],[145.18033,-37.81831]],[[145.18022,-37.81816],[145.18055,-37.81812]],[[145.18211,-37.81806],[145.18097,-37.81822]],[[145.18216,-37.81805],[145.18211,-37.81806]],[[145.1824,-37.81802],[145.18216,-37.81805]],[[145.18268,-37.81798],[145.1824,-37.81802]],[[145.18262,-37.81785],[145.18374,-37.81769]],[[145.18237,-37.81788],[145.18262,-37.81785]],[[145.18302,-37.81793],[145.18268,-37.81798]],[[145.18363,-37.81785],[145.18302,-37.81793]],[[145.17948,-37.81826],[145.18022,-37.81816]],[[145.17856,-37.8184],[145.17948,-37.81826]],[[145.18473,-37.81755],[145.18519,-37.81749]]]}}