{"n":{"rail":[[[145.16813,-37.9604],[145.17957,-37.96903]],[[145.17952,-37.96907],[145.16809,-37.96043]]],"freeway":[[[145.18835,-37.96163],[145.18814,-37.96143]],[[145.17838,-37.95254],[145.17824,-37.95264]],[[145.18189,-37.95565],[145.18255,-37.95645]],[[145.1847,-37.95836],[145.18481,-37.95823]],[[145.1888,-37.96147],[145.18875,-37.96175]],[[145.18481,-37.95823],[145.18788,-37.96091]],[[145.17376,-37.94868],[145.17306,-37.94803]],[[145.18795,-37.96097],[145.18852,-37.96153]],[[145.18814,-37.96143],[145.17955,-37.95379]],[[145.18788,-37.96091],[145.18795,-37.96097]],[[145.17354,-37.94823],[145.1794,-37.95345]],[[145.17293,-37.94769],[145.17354,-37.94823]],[[145.17824,-37.95264],[145.17376,-37.94868]],[[145.17841,-37.95278],[145.17855,-37.95268]],[[145.1794,-37.95345],[145.18481,-37.95823]],[[145.17955,-37.95379],[145.17824,-37.95264]]]}}