{"n":{"rail":[[[145.19641,-37.98143],[145.19246,-37.97875]],[[145.19317,-37.97913],[145.19643,-37.9814]],[[145.19242,-37.97861],[145.19317,-37.97913]]],"freeway":[[[145.19293,-37.97919],[145.19287,-37.98056]],[[145.19262,-37.98124],[145.19257,-37.98029]],[[145.19257,-37.98029],[145.19264,-37.97898]],[[145.19264,-37.97898],[145.19271,-37.97831]],[[145.19287,-37.98056],[145.19294,-37.98143]],[[145.193,-37.97851],[145.19293,-37.97919]],[[145.19331,-37.98462],[145.19283,-37.98833]],[[145.19259,-37.98781],[145.193,-37.9846]],[[145.19278,-37.98936],[145.19224,-37.99201]],[[145.19169,-37.9927],[145.19143,-37.99261]],[[145.192,-37.99222],[145.19191,-37.99282]],[[145.19159,-37.99291],[145.19168,-37.99219]],[[145.19145,-37.99983],[145.19145,-37.995]],[[145.19149,-37.99206],[145.19259,-37.98781]],[[145.19224,-37.99201],[145.1924,-37.99227]],[[145.1924,-37.99227],[145.19262,-37.99231]],[[145.1912,-37.99921],[145.19145,-37.995]],[[145.19143,-37.99261],[145.19149,-37.99206]],[[145.19217,-37.99242],[145.19201,-37.99261]],[[145.19191,-37.99282],[145.1918,-37.9967]],[[145.19224,-37.99201],[145.19217,-37.99242]],[[145.1906,-37.99281],[145.19149,-37.99206]],[[145.19283,-37.98833],[145.19278,-37.98936]],[[145.19168,-37.99219],[145.19259,-37.98781]],[[145.19283,-37.98833],[145.192,-37.99222]],[[145.19145,-37.995],[145.19159,-37.99291]],[[145.193,-37.9846],[145.19296,-37.98395]],[[145.19296,-37.98395],[145.19287,-37.98321]],[[145.19287,-37.98321],[145.19262,-37.98124]],[[145.19325,-37.98386],[145.19329,-37.98424]],[[145.19329,-37.98424],[145.19331,-37.98462]],[[145.19294,-37.98143],[145.19325,-37.98386]]]}}