{"n":{"rail":[[[145.19641,-37.98143],[145.19246,-37.97875]],[[145.19002,-37.97693],[145.19242,-37.97861]],[[145.18831,-37.97585],[145.18304,-37.97194]],[[145.16813,-37.9604],[145.17957,-37.96903]],[[145.17957,-37.96903],[145.1834,-37.9722]],[[145.1834,-37.9722],[145.18833,-37.97581]],[[145.18304,-37.97194],[145.17952,-37.96907]],[[145.17952,-37.96907],[145.16809,-37.96043]],[[145.18988,-37.97688],[145.18831,-37.97585]],[[145.18833,-37.97581],[145.18991,-37.97685]],[[145.19238,-37.9787],[145.19,-37.97697]],[[145.19242,-37.97861],[145.19317,-37.97913]],[[145.19246,-37.97875],[145.19238,-37.9787]],[[145.18991,-37.97685],[145.19002,-37.97693]],[[145.19,-37.97697],[145.18988,-37.97688]]],"freeway":[[[145.19513,-37.96712],[145.19493,-37.96797]],[[145.19426,-37.97168],[145.193,-37.97851]],[[145.19271,-37.97831],[145.19415,-37.97055]],[[145.19468,-37.96775],[145.19491,-37.96691]],[[145.19482,-37.96587],[145.19545,-37.96489]],[[145.19513,-37.96892],[145.19426,-37.97168]],[[145.1942,-37.96702],[145.19435,-37.96669]],[[145.19415,-37.97055],[145.19414,-37.96833]],[[145.19264,-37.97898],[145.19271,-37.97831]],[[145.193,-37.97851],[145.19293,-37.97919]],[[145.19407,-37.96725],[145.19399,-37.96682]],[[145.19576,-37.96844],[145.19529,-37.96842]],[[145.19396,-37.96635],[145.19455,-37.96637]],[[145.19212,-37.96476],[145.19396,-37.96635]],[[145.18835,-37.96163],[145.18814,-37.96143]],[[145.18912,-37.96229],[145.18827,-37.96182]],[[145.19407,-37.96725],[145.1942,-37.96702]],[[145.19414,-37.96833],[145.19407,-37.96725]],[[145.1888,-37.96147],[145.18875,-37.96175]],[[145.19435,-37.96669],[145.19537,-37.9676]],[[145.1905,-37.96354],[145.18912,-37.96229]],[[145.19537,-37.96808],[145.19514,-37.96788]],[[145.18857,-37.96157],[145.1886,-37.9616]],[[145.18852,-37.96153],[145.18857,-37.96157]],[[145.1884,-37.96168],[145.18835,-37.96163]],[[145.18843,-37.96171],[145.1884,-37.96168]],[[145.19435,-37.96669],[145.19455,-37.96637]],[[145.19396,-37.96635],[145.19435,-37.96669]],[[145.19432,-37.96713],[145.1942,-37.96702]],[[145.1886,-37.9616],[145.18875,-37.96175]],[[145.19455,-37.96637],[145.19482,-37.96587]],[[145.19537,-37.96808],[145.19529,-37.96842]],[[145.18795,-37.96097],[145.18852,-37.96153]],[[145.18912,-37.96229],[145.18843,-37.96171]],[[145.19514,-37.96788],[145.19432,-37.96713]],[[145.19399,-37.96682],[145.19328,-37.96608]],[[145.1942,-37.96702],[145.19399,-37.96682]],[[145.19529,-37.96842],[145.19513,-37.96892]],[[145.18875,-37.96175],[145.19069,-37.96349]],[[145.19175,-37.9644],[145.19212,-37.96476]],[[145.19069,-37.96349],[145.19175,-37.9644]],[[145.19328,-37.96608],[145.1905,-37.96354]],[[145.19491,-37.96691],[145.1958,-37.96492]],[[145.1973,-37.96335],[145.19513,-37.96712]],[[145.19415,-37.97055],[145.19468,-37.96775]],[[145.19493,-37.96797],[145.19426,-37.97168]]]}}