{"n":{"rail":[[[145.18178,-38.25357],[145.18863,-38.26316],[145.18936,-38.26538],[145.18934,-38.27249],[145.18795,-38.28562]]],"freeway":[[[145.1914,-38.2711],[145.19019,-38.27202]],[[145.19007,-38.27184],[145.1914,-38.2711]],[[145.19899,-38.26531],[145.1914,-38.2711]]]}}