{"n":{"rail":[[[144.90104,-37.70893],[144.90316,-37.70852],[144.90527,-37.70742],[144.91065,-37.70133]],[[144.89727,-37.70931],[144.90104,-37.70893]],[[144.88754,-37.71121],[144.89112,-37.71],[144.89727,-37.70931]],[[144.89728,-37.70934],[144.90104,-37.70896]],[[144.8716,-37.72048],[144.88794,-37.71107],[144.89121,-37.71003],[144.89728,-37.70934]],[[144.91145,-37.70047],[144.90541,-37.70736],[144.90341,-37.70847],[144.90104,-37.70896]]],"tram":[[[144.89041,-37.71362],[144.89077,-37.71401]],[[144.89077,-37.71401],[144.892,-37.71581],[144.89223,-37.71718],[144.88954,-37.73401]],[[144.8895,-37.73401],[144.89219,-37.71718],[144.89196,-37.71582],[144.89077,-37.71401]]],"freeway":[[[144.88908,-37.70669],[144.88943,-37.70596]],[[144.89044,-37.7093],[144.88953,-37.70768],[144.88785,-37.70651]],[[144.88777,-37.70604],[144.88748,-37.70629]],[[144.88903,-37.70534],[144.88787,-37.70623]],[[144.88984,-37.70442],[144.88897,-37.70509]],[[144.88897,-37.70509],[144.88777,-37.70604]],[[144.88891,-37.70492],[144.8898,-37.70424]],[[144.88932,-37.70265],[144.89001,-37.70242]],[[144.88842,-37.70327],[144.88932,-37.70265]],[[144.88787,-37.70623],[144.88758,-37.70647]],[[144.88991,-37.70467],[144.88903,-37.70534]],[[144.89232,-37.7179],[144.89228,-37.71631],[144.89153,-37.7147]],[[144.89076,-37.71048],[144.89057,-37.70976]],[[144.89062,-37.70894],[144.89083,-37.70971]],[[144.89726,-37.69873],[144.88984,-37.70442]],[[144.8934,-37.702],[144.89145,-37.70349]],[[144.89216,-37.71261],[144.8935,-37.71475],[144.89468,-37.71471]],[[144.89126,-37.71094],[144.89284,-37.7147]],[[144.89309,-37.70132],[144.89661,-37.69863]],[[144.89218,-37.70211],[144.89309,-37.70132]],[[144.88967,-37.7024],[144.89025,-37.70334],[144.88997,-37.70444]],[[144.88901,-37.70523],[144.88783,-37.70615]],[[144.88963,-37.70477],[144.88901,-37.70523]],[[144.89358,-37.7158],[144.89303,-37.71654],[144.89226,-37.71931]],[[144.88819,-37.69917],[144.88922,-37.70167],[144.8902,-37.70211],[144.89169,-37.70204]],[[144.89169,-37.70204],[144.89342,-37.70124],[144.89706,-37.69841]],[[144.8898,-37.70424],[144.89218,-37.70211]],[[144.88768,-37.70573],[144.88864,-37.70449],[144.88871,-37.70323]],[[144.88772,-37.70588],[144.88891,-37.70492]],[[144.88743,-37.70613],[144.88772,-37.70588]],[[144.88872,-37.70131],[144.88967,-37.7024]],[[144.89047,-37.71354],[144.89046,-37.71335]],[[144.88818,-37.69992],[144.88868,-37.7019]],[[144.89001,-37.70242],[144.89292,-37.70166],[144.89727,-37.69853]],[[144.8934,-37.702],[144.89239,-37.70302]],[[144.89232,-37.7179],[144.89213,-37.71471]],[[144.88723,-37.70584],[144.88822,-37.7035]],[[144.89213,-37.71471],[144.89195,-37.71417]],[[144.89195,-37.71417],[144.89076,-37.71048]],[[144.89284,-37.7147],[144.89283,-37.71541]],[[144.89283,-37.71541],[144.89149,-37.72541]],[[144.89137,-37.725],[144.89232,-37.7179]],[[144.88868,-37.7019],[144.88936,-37.70431]],[[144.88884,-37.70326],[144.88861,-37.70235]],[[144.88871,-37.70323],[144.88861,-37.70288]],[[144.88861,-37.70288],[144.88794,-37.69993]],[[144.88936,-37.70431],[144.88964,-37.70535]],[[144.88964,-37.70535],[144.89062,-37.70894]],[[144.88942,-37.7054],[144.88884,-37.70326]],[[144.89044,-37.7093],[144.88942,-37.7054]],[[144.8893,-37.70531],[144.88884,-37.70326]],[[144.88785,-37.70651],[144.88749,-37.70571]],[[144.88749,-37.70571],[144.88822,-37.7035]],[[144.88819,-37.69917],[144.88872,-37.70131]],[[144.88861,-37.70235],[144.88779,-37.69929]],[[144.89504,-37.7007],[144.8934,-37.702]],[[144.88822,-37.7035],[144.88842,-37.70327]],[[144.89047,-37.71354],[144.89035,-37.71341]],[[144.89054,-37.70787],[144.89062,-37.70894]],[[144.89196,-37.70379],[144.89077,-37.70643],[144.89054,-37.70787]],[[144.8911,-37.71423],[144.89047,-37.71354]],[[144.89153,-37.7147],[144.8911,-37.71423]],[[144.8941,-37.71488],[144.89439,-37.71441]],[[144.89083,-37.70971],[144.89107,-37.71044]],[[144.89107,-37.71044],[144.89126,-37.71094]],[[144.89057,-37.70976],[144.89044,-37.7093]],[[144.88783,-37.70615],[144.88754,-37.7064]],[[144.8898,-37.70424],[144.89727,-37.69853]],[[144.88903,-37.70534],[144.88829,-37.70606]],[[144.88829,-37.70606],[144.88844,-37.70658],[144.88908,-37.70669]],[[144.88997,-37.70444],[144.88963,-37.70477]],[[144.89035,-37.71341],[144.89019,-37.71341]],[[144.89035,-37.71341],[144.89025,-37.71321]],[[144.89001,-37.70242],[144.89169,-37.70204]],[[144.89145,-37.70349],[144.88991,-37.70467]],[[144.88943,-37.70596],[144.8893,-37.70531]],[[144.89239,-37.70302],[144.89196,-37.70379]]]}}