{"n":{"rail":[[[144.91145,-37.70047],[144.90541,-37.70736]]],"freeway":[[[144.89727,-37.69853],[144.90126,-37.69521]],[[144.89726,-37.69873],[144.89504,-37.7007]],[[144.89726,-37.69873],[144.88984,-37.70442]],[[144.91087,-37.69397],[144.90757,-37.69374]],[[144.89309,-37.70132],[144.89661,-37.69863]],[[144.89874,-37.697],[144.90235,-37.69421],[144.90562,-37.69335]],[[144.90562,-37.69335],[144.90811,-37.69346]],[[144.88819,-37.69917],[144.88922,-37.70167]],[[144.89706,-37.69841],[144.89874,-37.697]],[[144.89994,-37.69622],[144.90126,-37.69521]],[[144.89342,-37.70124],[144.89706,-37.69841]],[[144.90805,-37.69359],[144.91382,-37.69408]],[[144.90563,-37.69351],[144.90805,-37.69359]],[[144.88818,-37.69992],[144.88868,-37.7019]],[[144.89292,-37.70166],[144.89727,-37.69853]],[[144.91093,-37.69412],[144.90753,-37.69383]],[[144.88573,-37.69437],[144.88789,-37.69816]],[[144.88861,-37.70288],[144.88794,-37.69993]],[[144.88789,-37.69816],[144.88819,-37.69917]],[[144.88819,-37.69917],[144.88872,-37.70131]],[[144.8879,-37.69887],[144.88818,-37.69992]],[[144.88734,-37.69723],[144.8879,-37.69887]],[[144.88779,-37.69929],[144.88758,-37.69856]],[[144.88861,-37.70235],[144.88779,-37.69929]],[[144.89504,-37.7007],[144.8934,-37.702]],[[144.90654,-37.69372],[144.90315,-37.69431]],[[144.90315,-37.69431],[144.89726,-37.69873]],[[144.90811,-37.69346],[144.9126,-37.69379]],[[144.90753,-37.69383],[144.90654,-37.69372]],[[144.90757,-37.69374],[144.90654,-37.69372]],[[144.89706,-37.69841],[144.89994,-37.69622]],[[144.8898,-37.70424],[144.89727,-37.69853]],[[144.89661,-37.69863],[144.89874,-37.697]],[[144.90126,-37.69521],[144.90305,-37.69411],[144.90563,-37.69351]]]}}