{"n":{"tram":[[[144.8893,-37.73607],[144.88941,-37.73454]],[[144.88945,-37.73454],[144.88933,-37.73605]],[[144.88933,-37.73605],[144.90998,-37.7444]],[[144.91001,-37.74445],[144.8893,-37.73607]]],"freeway":[[[144.90477,-37.73598],[144.90465,-37.73592]],[[144.90505,-37.73591],[144.90499,-37.73604]]]}}