{"n":{"rail":[[[144.8716,-37.72048],[144.88794,-37.71107]]],"tram":[[[144.88941,-37.73454],[144.8895,-37.73401]],[[144.88954,-37.73401],[144.88945,-37.73454]],[[144.89223,-37.71718],[144.88954,-37.73401]],[[144.8895,-37.73401],[144.89219,-37.71718]],[[144.8893,-37.73607],[144.88941,-37.73454]],[[144.88945,-37.73454],[144.88933,-37.73605]],[[144.88928,-37.73556],[144.88927,-37.73537]]],"freeway":[[[144.89867,-37.73524],[144.89104,-37.73455]],[[144.90526,-37.73572],[144.90505,-37.73591]],[[144.89198,-37.72109],[144.89192,-37.72377]],[[144.89186,-37.72523],[144.8921,-37.72555]],[[144.8907,-37.73125],[144.8923,-37.73325],[144.89494,-37.73379]],[[144.90428,-37.73479],[144.90463,-37.73479]],[[144.89322,-37.73403],[144.90008,-37.73511]],[[144.89238,-37.73354],[144.89322,-37.73403]],[[144.89293,-37.73409],[144.89212,-37.7336]],[[144.89312,-37.73381],[144.89494,-37.73379]],[[144.90409,-37.7345],[144.90463,-37.73479]],[[144.90383,-37.73493],[144.90393,-37.73453]],[[144.89105,-37.73475],[144.89049,-37.73412]],[[144.90008,-37.73511],[144.90147,-37.73527]],[[144.89455,-37.73385],[144.90008,-37.73511]],[[144.89869,-37.73514],[144.89448,-37.73463],[144.89293,-37.73409]],[[144.8907,-37.73125],[144.89238,-37.73354]],[[144.9077,-37.73469],[144.90618,-37.73535]],[[144.90463,-37.73479],[144.90521,-37.73485]],[[144.91247,-37.73293],[144.90476,-37.7355]],[[144.88426,-37.73362],[144.88899,-37.73419]],[[144.89303,-37.71654],[144.89226,-37.71931]],[[144.89105,-37.72558],[144.89111,-37.72518]],[[144.90526,-37.73572],[144.90489,-37.73587]],[[144.90464,-37.73533],[144.91072,-37.73313]],[[144.89195,-37.7342],[144.89345,-37.73389]],[[144.89128,-37.7343],[144.89195,-37.7342]],[[144.89237,-37.73398],[144.89312,-37.73381]],[[144.89096,-37.73419],[144.89237,-37.73398]],[[144.88899,-37.73419],[144.89047,-37.73433]],[[144.89072,-37.73452],[144.88648,-37.73407]],[[144.89034,-37.73416],[144.89096,-37.73419]],[[144.88767,-37.73403],[144.89034,-37.73416]],[[144.89047,-37.73433],[144.89128,-37.7343]],[[144.89104,-37.73455],[144.89072,-37.73452]],[[144.90476,-37.7355],[144.90442,-37.73555]],[[144.90442,-37.73555],[144.90267,-37.73559]],[[144.90432,-37.73537],[144.90464,-37.73533]],[[144.90147,-37.73527],[144.90432,-37.73537]],[[144.89283,-37.71541],[144.89149,-37.72541]],[[144.89108,-37.72649],[144.89137,-37.725]],[[144.89149,-37.72541],[144.8914,-37.72591]],[[144.89137,-37.725],[144.89232,-37.7179]],[[144.8914,-37.72591],[144.8907,-37.73125]],[[144.90521,-37.73485],[144.90629,-37.73467]],[[144.90454,-37.73516],[144.90872,-37.7336]],[[144.89455,-37.73385],[144.90262,-37.73527]],[[144.90445,-37.73589],[144.89985,-37.73545]],[[144.90297,-37.73576],[144.89985,-37.73545]],[[144.90459,-37.73572],[144.90429,-37.73577]],[[144.89034,-37.72971],[144.89085,-37.72667]],[[144.89023,-37.73348],[144.88997,-37.73209],[144.89034,-37.72971]],[[144.89212,-37.7336],[144.89088,-37.73224],[144.89045,-37.73096],[144.89108,-37.72649]],[[144.89171,-37.72597],[144.89087,-37.72846]],[[144.90003,-37.73488],[144.90262,-37.73527]],[[144.89023,-37.73348],[144.89051,-37.7295]],[[144.90726,-37.7343],[144.91105,-37.73291]],[[144.89345,-37.73389],[144.89455,-37.73385]],[[144.90872,-37.7336],[144.91215,-37.73258]],[[144.90291,-37.73511],[144.90383,-37.73493]],[[144.89049,-37.73412],[144.89023,-37.73348]],[[144.91247,-37.73293],[144.9077,-37.73469]],[[144.90429,-37.73577],[144.90297,-37.73576]],[[144.89985,-37.73545],[144.89688,-37.73517]],[[144.89688,-37.73517],[144.8929,-37.73546],[144.89105,-37.73475]],[[144.89688,-37.73517],[144.89315,-37.73484]],[[144.90465,-37.73592],[144.90444,-37.73579]],[[144.90444,-37.73579],[144.90429,-37.73577]],[[144.89178,-37.72575],[144.89171,-37.72597]],[[144.8919,-37.72481],[144.89182,-37.72555]],[[144.89192,-37.72377],[144.8919,-37.72481]],[[144.90003,-37.73488],[144.90291,-37.73511]],[[144.89099,-37.72594],[144.89102,-37.72574]],[[144.89097,-37.72602],[144.89099,-37.72594]],[[144.89111,-37.72518],[144.89179,-37.72108]],[[144.90726,-37.7343],[144.90872,-37.7336]],[[144.90629,-37.73467],[144.90726,-37.7343]],[[144.90477,-37.73598],[144.90465,-37.73592]],[[144.8923,-37.72578],[144.89171,-37.72597]],[[144.90505,-37.73591],[144.90499,-37.73604]],[[144.89494,-37.73379],[144.90003,-37.73488]],[[144.90267,-37.73559],[144.89867,-37.73524]],[[144.90267,-37.73559],[144.89869,-37.73514]],[[144.89315,-37.73484],[144.89104,-37.73455]],[[144.89085,-37.72667],[144.89097,-37.72602]],[[144.9077,-37.73469],[144.9049,-37.73576]],[[144.9049,-37.73576],[144.90445,-37.73589]],[[144.90462,-37.7357],[144.90459,-37.73572]],[[144.90262,-37.73527],[144.90427,-37.73521]],[[144.90427,-37.73521],[144.90454,-37.73516]],[[144.90618,-37.73535],[144.90526,-37.73572]],[[144.90383,-37.73493],[144.90415,-37.73482]]]}}