{"n":{"rail":[[[144.90029,-37.8041],[144.89851,-37.80599]],[[144.89851,-37.80599],[144.89834,-37.80617]],[[144.89834,-37.80617],[144.89056,-37.81475],[144.8895,-37.8169],[144.88846,-37.82088]],[[144.8985,-37.80594],[144.90025,-37.80407]],[[144.88793,-37.82275],[144.88837,-37.82104]],[[144.88786,-37.82302],[144.88793,-37.82275]],[[144.88837,-37.82104],[144.88841,-37.82087]],[[144.88841,-37.82087],[144.88947,-37.81688],[144.89054,-37.81471],[144.8983,-37.80615]],[[144.8983,-37.80615],[144.8985,-37.80594]],[[144.88797,-37.82276],[144.8879,-37.82303]],[[144.88846,-37.82088],[144.88842,-37.82105]],[[144.88842,-37.82105],[144.88797,-37.82276]],[[144.90965,-37.80773],[144.91297,-37.80769]]],"freeway":[[[144.90275,-37.8119],[144.8986,-37.81549],[144.8933,-37.82117],[144.88998,-37.8233]],[[144.90379,-37.81105],[144.90275,-37.8119]],[[144.90261,-37.81179],[144.90419,-37.81049]],[[144.90483,-37.80992],[144.90759,-37.80762],[144.90971,-37.80684]],[[144.90967,-37.80701],[144.9078,-37.80766],[144.90496,-37.81003]],[[144.8899,-37.82311],[144.89379,-37.82039],[144.89855,-37.8152],[144.90261,-37.81179]],[[144.9066,-37.80972],[144.90514,-37.81014]],[[144.90477,-37.80989],[144.90627,-37.80794],[144.90697,-37.80759]],[[144.90697,-37.80759],[144.90749,-37.80761]],[[144.9069,-37.81004],[144.90687,-37.80981]],[[144.90697,-37.80759],[144.90754,-37.80749]],[[144.90419,-37.81049],[144.90483,-37.80992]],[[144.90496,-37.81003],[144.90379,-37.81105]],[[144.90514,-37.81014],[144.90379,-37.81105]],[[144.90419,-37.81049],[144.90477,-37.80989]],[[144.90754,-37.80749],[144.90771,-37.80736]],[[144.90749,-37.80761],[144.9076,-37.80766]],[[144.90687,-37.80973],[144.9066,-37.80972]],[[144.90687,-37.80981],[144.9066,-37.80972]],[[144.90697,-37.80973],[144.90687,-37.80973]]]}}