{"n":{"rail":[[[144.89241,-37.80256],[144.88509,-37.80165]],[[144.90778,-37.80397],[144.90659,-37.80362]],[[144.90659,-37.80362],[144.90219,-37.80234]],[[144.90778,-37.80397],[144.90894,-37.80432]],[[144.90047,-37.80391],[144.90029,-37.8041]],[[144.90029,-37.8041],[144.89851,-37.80599]],[[144.90203,-37.8022],[144.90185,-37.8024]],[[144.90181,-37.80239],[144.902,-37.80218]],[[144.90185,-37.8024],[144.90047,-37.80391]],[[144.89255,-37.80263],[144.89949,-37.80247],[144.90864,-37.79841],[144.91249,-37.79784]],[[144.91238,-37.79788],[144.90858,-37.79847],[144.89946,-37.80252],[144.89254,-37.80269]],[[144.902,-37.80218],[144.90486,-37.80004],[144.90757,-37.79891],[144.91322,-37.79794]],[[144.8985,-37.80594],[144.90025,-37.80407]],[[144.90025,-37.80407],[144.90042,-37.80388]],[[144.90661,-37.80359],[144.9022,-37.8023]],[[144.90779,-37.80394],[144.90661,-37.80359]],[[144.90895,-37.80429],[144.90779,-37.80394]],[[144.90919,-37.80439],[144.91023,-37.8046]],[[144.90912,-37.80433],[144.91237,-37.80486]],[[144.89242,-37.80252],[144.88503,-37.80161]],[[144.9022,-37.8023],[144.90118,-37.80215]],[[144.89256,-37.80258],[144.89241,-37.80256]],[[144.91299,-37.79803],[144.90737,-37.79902],[144.90466,-37.80021],[144.90203,-37.8022]],[[144.90919,-37.80439],[144.90894,-37.80432]],[[144.90042,-37.80388],[144.90181,-37.80239]],[[144.90912,-37.80433],[144.90895,-37.80429]],[[144.90219,-37.80234],[144.90107,-37.80219]],[[144.91098,-37.7982],[144.90695,-37.79907],[144.89988,-37.8025],[144.89252,-37.80278]],[[144.89253,-37.80274],[144.89973,-37.80249],[144.90693,-37.79904],[144.91097,-37.79817]],[[144.8924,-37.80261],[144.89255,-37.80263]],[[144.89252,-37.80278],[144.89237,-37.80277]],[[144.89238,-37.80273],[144.89253,-37.80274]],[[144.89256,-37.80254],[144.89242,-37.80252]],[[144.89254,-37.80269],[144.89239,-37.80268]],[[144.91023,-37.8046],[144.90912,-37.80433]],[[144.89237,-37.80277],[144.88389,-37.80193]],[[144.8839,-37.8019],[144.89238,-37.80273]],[[144.90021,-37.80224],[144.89508,-37.80275],[144.89256,-37.80258]],[[144.90107,-37.80219],[144.90021,-37.80224]],[[144.90118,-37.80215],[144.9002,-37.8022]],[[144.9002,-37.8022],[144.89481,-37.80273],[144.89256,-37.80254]],[[144.88579,-37.8019],[144.8924,-37.80261]],[[144.91173,-37.80488],[144.90919,-37.80439]],[[144.89239,-37.80268],[144.88546,-37.80195]],[[144.88751,-37.80212],[144.88824,-37.80217]],[[144.89576,-37.80275],[144.8967,-37.80274]],[[144.90781,-37.78713],[144.90644,-37.78817]]],"tram":[[[144.90089,-37.80146],[144.90095,-37.80115]],[[144.90115,-37.79998],[144.90095,-37.80115]],[[144.90095,-37.80115],[144.90109,-37.79999]],[[144.88961,-37.79115],[144.89353,-37.79239]],[[144.89349,-37.79241],[144.88956,-37.79117]],[[144.89353,-37.79239],[144.8997,-37.79974]],[[144.89966,-37.79977],[144.89349,-37.79241]],[[144.89159,-37.78007],[144.88961,-37.79115]],[[144.88956,-37.79117],[144.89154,-37.78009]],[[144.8997,-37.79974],[144.90115,-37.79998]],[[144.90109,-37.79999],[144.89966,-37.79977]]],"freeway":[[[144.90092,-37.79443],[144.90109,-37.79446]],[[144.89877,-37.79399],[144.89997,-37.7943]],[[144.90533,-37.79504],[144.9045,-37.79496]],[[144.89688,-37.79341],[144.89446,-37.79268]],[[144.88806,-37.80126],[144.88769,-37.80145]],[[144.88799,-37.80116],[144.89148,-37.79928]],[[144.90163,-37.79463],[144.90059,-37.79467]],[[144.90341,-37.79471],[144.90433,-37.7948]],[[144.90433,-37.7948],[144.90431,-37.79494]],[[144.90163,-37.79463],[144.90077,-37.79454]],[[144.8905,-37.79148],[144.89007,-37.79136]],[[144.902,-37.79456],[144.90341,-37.79471]],[[144.892,-37.79922],[144.88806,-37.80126]],[[144.89351,-37.7984],[144.89266,-37.79888]],[[144.89351,-37.7984],[144.8931,-37.79844]],[[144.89244,-37.79878],[144.89604,-37.79688]],[[144.89266,-37.79888],[144.89248,-37.79897]],[[144.89148,-37.79928],[144.89214,-37.79894]],[[144.89604,-37.79688],[144.89627,-37.79694]],[[144.89248,-37.79897],[144.892,-37.79922]],[[144.89436,-37.79265],[144.89353,-37.79239]],[[144.88744,-37.80145],[144.88799,-37.80116]],[[144.90846,-37.79554],[144.90831,-37.79538]],[[144.90218,-37.7947],[144.90163,-37.79463]],[[144.89248,-37.79897],[144.89214,-37.79894]],[[144.89232,-37.79884],[144.89266,-37.79888]],[[144.89214,-37.79894],[144.89232,-37.79884]],[[144.89701,-37.79654],[144.89673,-37.7967]],[[144.90463,-37.79482],[144.90472,-37.79483]],[[144.90055,-37.79451],[144.90066,-37.79446]],[[144.90018,-37.79445],[144.89877,-37.79399]],[[144.90061,-37.79439],[144.90085,-37.79442]],[[144.89739,-37.79357],[144.89688,-37.79341]],[[144.89877,-37.79399],[144.89739,-37.79357]],[[144.89691,-37.79643],[144.8972,-37.79627]],[[144.8972,-37.79627],[144.89911,-37.79528]],[[144.89701,-37.79654],[144.89691,-37.79643]],[[144.89753,-37.79628],[144.89701,-37.79654]],[[144.89982,-37.79503],[144.89967,-37.79513]],[[144.89446,-37.79268],[144.89436,-37.79265]],[[144.90109,-37.79446],[144.90136,-37.79449]],[[144.90077,-37.79454],[144.90055,-37.79451]],[[144.90003,-37.79479],[144.90055,-37.79451]],[[144.89958,-37.79503],[144.90003,-37.79479]],[[144.89952,-37.79521],[144.89782,-37.79613]],[[144.88821,-37.79067],[144.88742,-37.79035]],[[144.88952,-37.79119],[144.8884,-37.79075]],[[144.89689,-37.79644],[144.89691,-37.79643]],[[144.89642,-37.79668],[144.89689,-37.79644]],[[144.90433,-37.7948],[144.90463,-37.79482]],[[144.89782,-37.79613],[144.89753,-37.79628]],[[144.89604,-37.79688],[144.89642,-37.79668]],[[144.89627,-37.79694],[144.89351,-37.7984]],[[144.89673,-37.7967],[144.89627,-37.79694]],[[144.89967,-37.79513],[144.89952,-37.79521]],[[144.89911,-37.79528],[144.89958,-37.79503]],[[144.90405,-37.79491],[144.90218,-37.7947]],[[144.90055,-37.79451],[144.90018,-37.79445]],[[144.90059,-37.79467],[144.89982,-37.79503]],[[144.89997,-37.7943],[144.90061,-37.79439]],[[144.89232,-37.79884],[144.89244,-37.79878]],[[144.8884,-37.79075],[144.88821,-37.79067]],[[144.88988,-37.7913],[144.88952,-37.79119]],[[144.89353,-37.79239],[144.8905,-37.79148]],[[144.89007,-37.79136],[144.88988,-37.7913]],[[144.91099,-37.79566],[144.90661,-37.79518]],[[144.90472,-37.79483],[144.90662,-37.79506]],[[144.9045,-37.79496],[144.90431,-37.79494]],[[144.90431,-37.79494],[144.90405,-37.79491]],[[144.90136,-37.79449],[144.902,-37.79456]],[[144.90473,-37.79498],[144.90476,-37.79484]],[[144.90341,-37.79471],[144.90339,-37.79483]],[[144.90887,-37.79531],[144.91063,-37.7955]],[[144.90768,-37.79518],[144.90887,-37.79531]],[[144.90662,-37.79506],[144.90768,-37.79518]],[[144.90661,-37.79518],[144.90533,-37.79504]],[[144.90077,-37.79454],[144.90066,-37.79446]],[[144.90066,-37.79446],[144.90092,-37.79443]],[[144.90066,-37.79446],[144.90061,-37.79439]],[[144.90085,-37.79442],[144.90092,-37.79443]],[[144.89084,-37.79981],[144.89073,-37.79969]]]}}