{"n":{"rail":[[[144.90931,-37.78541],[144.90954,-37.78512]],[[144.91111,-37.7839],[144.90954,-37.78512]],[[144.90931,-37.78541],[144.91118,-37.78384]],[[144.90633,-37.78808],[144.90931,-37.78541]],[[144.90954,-37.78512],[144.90781,-37.78713]],[[144.90931,-37.78541],[144.90781,-37.78713]],[[144.90925,-37.78547],[144.90935,-37.78534]],[[144.90936,-37.78534],[144.90926,-37.78548]],[[144.90781,-37.78713],[144.90644,-37.78817]]],"tram":[[[144.89027,-37.77984],[144.89,-37.77984]],[[144.91589,-37.77172],[144.9016,-37.77012]],[[144.90161,-37.77009],[144.91597,-37.77171]],[[144.89159,-37.78007],[144.88961,-37.79115]],[[144.88956,-37.79117],[144.89154,-37.78009]],[[144.89154,-37.78009],[144.88522,-37.77915]],[[144.88526,-37.77913],[144.89159,-37.78007]]]}}