{"n":{"rail":[[[144.8879,-37.82303],[144.88405,-37.83805]],[[144.88786,-37.82302],[144.88793,-37.82275]],[[144.88398,-37.83814],[144.88786,-37.82302]],[[144.88797,-37.82276],[144.8879,-37.82303]]],"freeway":[[[144.88701,-37.82523],[144.88814,-37.82532]],[[144.88703,-37.82515],[144.88814,-37.82532]],[[144.88814,-37.82532],[144.89378,-37.82694],[144.9035,-37.83254]],[[144.8933,-37.82117],[144.88998,-37.8233],[144.88697,-37.82447]],[[144.88399,-37.82493],[144.8899,-37.82311],[144.89379,-37.82039]],[[144.9131,-37.83314],[144.90887,-37.8339],[144.90475,-37.83324],[144.89368,-37.82708],[144.8881,-37.82548]],[[144.8881,-37.82548],[144.88698,-37.82535]],[[144.8881,-37.82548],[144.88696,-37.82543]],[[144.89228,-37.82763],[144.89164,-37.8266],[144.88783,-37.82574]],[[144.88783,-37.82574],[144.88281,-37.8257]],[[144.88597,-37.82494],[144.8887,-37.82507],[144.89232,-37.82585]],[[144.89232,-37.82585],[144.89306,-37.82602]],[[144.89212,-37.82843],[144.89228,-37.82763]],[[144.9035,-37.83254],[144.90811,-37.83373],[144.91035,-37.83365]],[[144.89417,-37.82628],[144.89504,-37.82645]],[[144.89344,-37.82611],[144.89417,-37.82628]],[[144.89306,-37.82602],[144.89344,-37.82611]]]}}