{"b":[{"h":6,"g":[[144.405463,-37.578784],[144.405553,-37.578875],[144.405909,-37.57866],[144.405802,-37.578548],[144.405763,-37.578508],[144.405722,-37.578532],[144.405792,-37.578609],[144.405463,-37.578784]]}]}