{"b":[{"h":6,"g":[[144.405587,-37.413113],[144.405788,-37.413305],[144.40593,-37.413211],[144.405729,-37.413019],[144.405587,-37.413113]]}]}