{"b":[{"h":6,"g":[[144.408285,-37.630379],[144.408425,-37.630414],[144.408506,-37.63021],[144.408366,-37.630175],[144.408285,-37.630379]]},{"h":6,"g":[[144.408061,-37.629995],[144.408211,-37.630086],[144.408277,-37.630018],[144.408127,-37.629927],[144.408061,-37.629995]]}]}