{"b":[{"h":6,"g":[[144.415595,-37.701551],[144.415633,-37.701579],[144.41562,-37.701598],[144.415652,-37.701623],[144.415874,-37.701345],[144.4158,-37.701306],[144.415595,-37.701551]]}]}