{"b":[{"h":6,"g":[[144.410005,-37.741925],[144.41021,-37.741948],[144.41023,-37.741836],[144.410024,-37.741814],[144.410005,-37.741925]]},{"h":6,"g":[[144.410211,-37.742298],[144.410324,-37.742312],[144.410352,-37.742166],[144.410239,-37.742152],[144.410211,-37.742298]]},{"h":6,"g":[[144.408713,-37.741569],[144.408734,-37.741646],[144.408888,-37.741619],[144.408892,-37.741634],[144.408969,-37.741621],[144.408964,-37.741601],[144.409013,-37.741592],[144.408963,-37.741411],[144.408775,-37.741443],[144.408785,-37.741479],[144.408837,-37.74147],[144.408858,-37.741544],[144.408713,-37.741569]]},{"h":6,"g":[[144.408449,-37.741936],[144.408567,-37.741955],[144.408597,-37.741838],[144.408479,-37.741819],[144.408449,-37.741936]]}]}