{"b":[{"h":6,"g":[[144.413646,-37.794091],[144.413892,-37.79428],[144.413932,-37.79425],[144.413976,-37.794217],[144.413729,-37.794023],[144.413646,-37.794091]]}]}