{"b":[{"h":3.382,"g":[[144.425149,-37.877339],[144.425254,-37.877356],[144.425269,-37.877301],[144.425164,-37.877283],[144.425149,-37.877339]]}]}