{"b":[{"h":4.432,"g":[[144.404782,-37.832415],[144.404893,-37.832427],[144.404908,-37.83234],[144.404804,-37.832329],[144.404802,-37.832341],[144.404795,-37.83234],[144.404782,-37.832415]]}]}