{"b":[{"h":4.324,"g":[[144.423772,-37.926375],[144.423822,-37.926431],[144.423937,-37.926366],[144.423887,-37.92631],[144.423772,-37.926375]]}]}