{"b":[{"h":6,"g":[[144.419588,-37.765683],[144.419673,-37.765697],[144.41968,-37.765648],[144.419786,-37.765661],[144.419816,-37.765535],[144.419628,-37.765509],[144.419588,-37.765683]]},{"h":6,"g":[[144.420533,-37.765773],[144.420756,-37.765815],[144.420773,-37.765721],[144.420557,-37.765689],[144.420533,-37.765773]]},{"h":6,"g":[[144.410929,-37.76589],[144.411203,-37.765946],[144.411232,-37.765833],[144.410967,-37.765783],[144.410929,-37.76589]]},{"h":6,"g":[[144.409857,-37.765214],[144.409887,-37.765221],[144.40988,-37.765233],[144.410028,-37.765267],[144.410095,-37.765087],[144.409936,-37.765049],[144.409914,-37.765094],[144.409902,-37.765094],[144.409857,-37.765214]]}]}