{"b":[{"h":6,"g":[[144.420153,-37.960417],[144.420182,-37.960448],[144.420251,-37.960417],[144.420215,-37.960381],[144.420153,-37.960417]]},{"h":6,"g":[[144.421298,-37.960067],[144.421355,-37.96015],[144.421407,-37.960132],[144.421343,-37.960052],[144.421298,-37.960067]]},{"h":2.761,"g":[[144.414862,-37.955496],[144.414976,-37.955502],[144.414981,-37.955451],[144.414867,-37.955445],[144.414862,-37.955496]]},{"h":6,"g":[[144.425929,-37.958965],[144.425988,-37.958969],[144.425994,-37.958948],[144.426071,-37.958954],[144.426072,-37.958941],[144.426074,-37.958921],[144.425971,-37.958911],[144.425968,-37.958934],[144.425935,-37.958932],[144.425929,-37.958965]]}]}