{"b":[{"h":3.414,"g":[[144.406161,-37.935409],[144.406282,-37.93542],[144.406298,-37.935311],[144.406177,-37.9353],[144.406161,-37.935409]]},{"h":3.262,"g":[[144.41704,-37.929463],[144.417182,-37.929479],[144.417189,-37.929438],[144.417048,-37.929422],[144.41704,-37.929463]]},{"h":4.13,"g":[[144.413764,-37.927292],[144.413848,-37.927325],[144.413921,-37.927212],[144.413837,-37.927178],[144.413764,-37.927292]]},{"h":3.118,"g":[[144.417127,-37.933152],[144.417247,-37.933224],[144.417446,-37.933016],[144.417326,-37.932944],[144.417127,-37.933152]]}]}