{"b":[{"h":2.745,"g":[[144.421707,-38.137146],[144.421747,-38.137219],[144.421815,-38.137196],[144.421776,-38.137122],[144.421707,-38.137146]]},{"h":4.055,"g":[[144.421803,-38.136785],[144.422057,-38.137239],[144.422241,-38.137175],[144.421986,-38.136721],[144.421803,-38.136785]]},{"h":2.837,"g":[[144.421712,-38.137059],[144.421749,-38.137128],[144.42178,-38.137118],[144.421815,-38.137182],[144.421959,-38.137133],[144.421929,-38.137077],[144.421921,-38.13708],[144.421878,-38.137003],[144.421712,-38.137059]]}]}