{"n":{"rail":[[[144.99635,-37.76726],[144.99943,-37.75017]],[[144.99951,-37.75018],[144.99639,-37.76731]],[[145.0041,-37.72243],[145.00111,-37.73651]],[[145.00096,-37.73649],[145.00406,-37.72241]],[[145.00111,-37.73651],[145.00006,-37.74168],[145.00047,-37.74478],[144.99951,-37.75018]],[[144.99943,-37.75017],[145.00038,-37.74477],[144.99991,-37.74137],[145.00096,-37.73649]]],"tram":[[[144.99872,-37.75197],[144.99914,-37.75201]],[[144.99914,-37.75204],[144.99871,-37.752]],[[144.99965,-37.75209],[144.99914,-37.75204]],[[144.99914,-37.75201],[144.99966,-37.75206]],[[144.99871,-37.752],[144.99742,-37.75186]],[[144.99749,-37.75184],[144.99872,-37.75197]],[[144.99861,-37.75406],[144.99926,-37.7499],[144.99616,-37.74957]],[[145.00165,-37.75245],[144.99923,-37.76677]],[[145.00143,-37.75223],[145.0018,-37.75209]],[[145.00181,-37.75213],[145.00138,-37.75226]],[[145.01374,-37.7343],[145.01155,-37.7388],[145.00618,-37.74563],[145.0019,-37.75201]],[[145.0018,-37.75209],[145.00614,-37.74563],[145.01151,-37.7388],[145.01398,-37.7336]],[[144.99602,-37.74986],[144.99781,-37.74995]],[[144.9976,-37.74993],[144.99719,-37.74998]],[[144.99897,-37.75011],[144.99707,-37.74974]],[[144.99966,-37.75206],[145.00143,-37.75223]],[[145.00138,-37.75226],[144.99965,-37.75209]],[[145.00143,-37.75223],[145.00165,-37.75245]],[[145.00181,-37.75213],[145.00165,-37.75245]],[[145.00161,-37.75246],[145.0018,-37.75209]],[[145.00161,-37.75246],[145.00138,-37.75226]],[[144.99704,-37.74978],[144.99897,-37.75013],[144.99864,-37.75181],[144.99695,-37.75177]],[[144.99873,-37.75165],[144.99751,-37.75137]],[[144.9985,-37.75089],[144.9986,-37.75028]],[[144.99857,-37.7509],[144.99867,-37.75028]],[[144.99864,-37.7509],[144.99873,-37.75029]],[[144.9988,-37.7503],[144.99871,-37.75091]],[[144.99887,-37.7503],[144.99871,-37.74996]],[[144.99849,-37.75139],[144.99753,-37.7513]],[[144.99877,-37.75092],[144.99881,-37.75119]],[[144.99877,-37.75092],[144.99887,-37.7503]],[[144.99755,-37.75116],[144.9982,-37.75123]],[[145.00677,-37.74489],[145.0061,-37.7443]],[[145.00606,-37.74418],[145.00607,-37.74401]],[[145.00608,-37.74425],[145.00611,-37.74401]],[[145.0067,-37.74491],[145.00603,-37.744]],[[145.00603,-37.744],[145.00621,-37.74304]],[[145.00607,-37.74401],[145.00625,-37.74304]],[[145.00611,-37.74401],[145.00629,-37.74305]],[[145.00634,-37.7445],[145.00618,-37.74402]],[[145.00618,-37.74402],[145.00636,-37.74306]],[[145.00619,-37.74425],[145.00622,-37.74402]],[[145.00622,-37.74402],[145.00639,-37.74306]],[[145.00626,-37.74403],[145.00643,-37.74307]],[[145.00622,-37.74433],[145.00626,-37.74403]],[[145.00633,-37.74446],[145.00623,-37.74436]],[[145.00647,-37.74456],[145.00632,-37.74403]],[[145.00645,-37.74452],[145.00636,-37.74441]],[[145.00636,-37.74439],[145.0064,-37.74404]],[[145.00633,-37.74431],[145.00636,-37.74404]],[[145.00632,-37.74403],[145.00649,-37.74307]],[[145.00636,-37.74404],[145.00653,-37.74308]],[[145.0064,-37.74404],[145.00657,-37.74308]],[[145.00636,-37.74426],[145.00647,-37.74405]],[[145.00647,-37.74405],[145.00664,-37.7431]],[[145.0066,-37.74461],[145.00681,-37.74309]],[[145.00649,-37.74447],[145.00659,-37.74458]],[[145.00656,-37.74409],[145.00677,-37.74308]],[[145.00651,-37.74415],[145.00674,-37.74308]],[[144.99707,-37.74971],[144.99897,-37.75015]],[[144.99918,-37.76849],[145.0016,-37.75248]],[[144.99624,-37.7498],[144.99781,-37.7499]],[[144.99853,-37.75027],[144.99844,-37.75088]],[[144.9986,-37.75028],[144.99825,-37.74989]],[[144.99839,-37.74993],[144.99853,-37.75027]],[[144.99867,-37.75028],[144.99841,-37.74991]],[[144.99873,-37.75029],[144.99855,-37.74995]],[[144.99857,-37.74992],[144.9988,-37.7503]],[[144.99868,-37.75147],[144.99819,-37.75132]],[[144.99819,-37.75132],[144.99753,-37.75125]],[[144.9982,-37.75128],[144.9987,-37.75151]],[[144.99754,-37.75121],[144.9982,-37.75128]],[[144.9982,-37.75123],[144.99875,-37.75152]],[[144.99869,-37.75135],[144.99821,-37.75119]],[[144.99821,-37.75119],[144.99756,-37.75112]],[[144.99756,-37.75112],[144.99728,-37.75109]],[[144.99866,-37.75132],[144.99822,-37.75114]],[[144.99822,-37.75114],[144.99756,-37.75108]],[[144.99756,-37.75108],[144.99728,-37.75105]],[[144.99822,-37.7511],[144.99869,-37.75123]],[[144.99757,-37.75104],[144.99822,-37.7511]],[[144.99729,-37.75101],[144.99757,-37.75104]],[[144.99877,-37.75143],[144.99823,-37.75106]],[[144.99823,-37.75106],[144.99758,-37.75099]],[[144.99758,-37.75099],[144.9973,-37.75096]],[[144.99867,-37.7512],[144.99824,-37.75101]],[[144.99824,-37.75101],[144.99758,-37.75095]],[[144.99758,-37.75095],[144.99731,-37.75092]],[[144.99825,-37.75097],[144.99871,-37.75112]],[[144.99759,-37.7509],[144.99825,-37.75097]],[[144.99731,-37.75088],[144.99759,-37.7509]],[[144.99878,-37.75132],[144.99825,-37.75093]],[[144.99825,-37.75093],[144.9976,-37.75086]],[[144.9976,-37.75086],[144.99732,-37.75083]],[[144.99868,-37.75109],[144.99826,-37.75088]],[[144.99826,-37.75088],[144.9976,-37.75082]],[[144.9976,-37.75082],[144.99733,-37.75079]],[[144.99781,-37.74995],[144.99826,-37.74999]],[[144.99781,-37.7499],[144.99826,-37.74995]],[[145.00102,-37.7522],[145.00077,-37.75221]],[[145.00244,-37.75115],[145.00234,-37.75136]],[[145.0019,-37.75201],[145.00181,-37.75213]],[[145.0016,-37.75248],[145.00161,-37.75246]]],"freeway":[[[144.99816,-37.74473],[144.99763,-37.74505]],[[145.00079,-37.74493],[145.0003,-37.74487]],[[145.01295,-37.74614],[145.0139,-37.74625]],[[144.99756,-37.74524],[144.99591,-37.74938]],[[145.00031,-37.74478],[145.00048,-37.7448]],[[145.00347,-37.74518],[145.00411,-37.74526]],[[145.00754,-37.74574],[145.00671,-37.7457]],[[145.00616,-37.74563],[145.00548,-37.74555]],[[145.00625,-37.74551],[145.00679,-37.74557]],[[145.01683,-37.74674],[145.0101,-37.74597]],[[145.00241,-37.74506],[145.00282,-37.74511]],[[145.0101,-37.74597],[145.00932,-37.74587]],[[145.00935,-37.74573],[145.01014,-37.74582]],[[145.00791,-37.74574],[145.00754,-37.74574]],[[145.00932,-37.74587],[145.00791,-37.74574]],[[145.00803,-37.74563],[145.00935,-37.74573]],[[145.00756,-37.74562],[145.00803,-37.74563]],[[145.00151,-37.74505],[145.00079,-37.74493]],[[145.0028,-37.74522],[145.00269,-37.74521]],[[145.00153,-37.74494],[145.00241,-37.74506]],[[145.00048,-37.7448],[145.00153,-37.74494]],[[144.99983,-37.74474],[145.00031,-37.74478]],[[144.99789,-37.74457],[144.99983,-37.74474]],[[144.99947,-37.74481],[144.99877,-37.74478]],[[145.0003,-37.74487],[144.99981,-37.74484]],[[144.99778,-37.74456],[144.99789,-37.74457]],[[144.99787,-37.74469],[144.99774,-37.74468]],[[144.9975,-37.74453],[144.99778,-37.74456]],[[144.99774,-37.74468],[144.99747,-37.74465]],[[144.99778,-37.74456],[144.99774,-37.74468]],[[145.00269,-37.74521],[145.0022,-37.74515]],[[145.00295,-37.74524],[145.0028,-37.74522]],[[145.00282,-37.74511],[145.00297,-37.74513]],[[144.99816,-37.74473],[144.99787,-37.74469]],[[145.01697,-37.74659],[145.02006,-37.74696]],[[145.01485,-37.74635],[145.01697,-37.74659]],[[145.02078,-37.74721],[145.01683,-37.74674]],[[144.99774,-37.74468],[144.99763,-37.74505]],[[144.99763,-37.74505],[144.99756,-37.74524]],[[144.99877,-37.74478],[144.99816,-37.74473]],[[144.99981,-37.74484],[144.99947,-37.74481]],[[145.00671,-37.7457],[145.00616,-37.74563]],[[145.00548,-37.74555],[145.00345,-37.7453]],[[145.00679,-37.74557],[145.00756,-37.74562]],[[145.00411,-37.74526],[145.00625,-37.74551]],[[145.00297,-37.74513],[145.00347,-37.74518]],[[145.0139,-37.74625],[145.01485,-37.74635]],[[145.01014,-37.74582],[145.01295,-37.74614]],[[145.00345,-37.7453],[145.00295,-37.74524]],[[145.0022,-37.74515],[145.00151,-37.74505]]]}}