{"n":{"rail":[[[145.00808,-37.7151],[145.00586,-37.71892]],[[145.00586,-37.71892],[145.0041,-37.72243],[145.00111,-37.73651]],[[145.00571,-37.71885],[145.00788,-37.71509]],[[145.00096,-37.73649],[145.00406,-37.72241],[145.00571,-37.71885]],[[145.00512,-37.71995],[145.00477,-37.72071]],[[145.00172,-37.73336],[145.00186,-37.7325]]],"tram":[[[145.02257,-37.72565],[145.01461,-37.73103],[145.01374,-37.7343],[145.01155,-37.7388]],[[145.01151,-37.7388],[145.01398,-37.7336],[145.01456,-37.73103],[145.02254,-37.72562]]]}}