{"n":{"rail":[[[145.01605,-37.67002],[145.0124,-37.69053],[145.01215,-37.69357]],[[145.01198,-37.69356],[145.01602,-37.66989]],[[145.0115,-37.69655],[145.01173,-37.69512]],[[145.0119,-37.69514],[145.01167,-37.69653]],[[145.01144,-37.69784],[145.00848,-37.71367]],[[145.0083,-37.71368],[145.01128,-37.69781]],[[145.01215,-37.69357],[145.01191,-37.69508]],[[145.01174,-37.69507],[145.01198,-37.69356]],[[145.01128,-37.69781],[145.01149,-37.69661]],[[145.01166,-37.69657],[145.01144,-37.69784]],[[145.01149,-37.69661],[145.0115,-37.69655]],[[145.01167,-37.69653],[145.01166,-37.69657]],[[145.01191,-37.69508],[145.0119,-37.69514]],[[145.01173,-37.69512],[145.01174,-37.69507]]],"freeway":[[[145.01329,-37.68579],[145.02002,-37.68592]],[[145.00626,-37.68668],[145.00415,-37.68718]],[[145.0031,-37.68752],[145.00256,-37.68788]],[[145.00255,-37.68593],[145.00269,-37.68627]],[[145.0017,-37.68652],[145.00223,-37.68614]],[[145.00234,-37.68799],[145.00209,-37.68762]],[[144.99541,-37.68822],[144.99781,-37.68786]],[[145.02027,-37.68609],[145.01327,-37.68594]],[[144.99783,-37.688],[144.99446,-37.68848]],[[145.0046,-37.68667],[145.00936,-37.68601]],[[145.01269,-37.68596],[145.00461,-37.68682]],[[145.01327,-37.68594],[145.01269,-37.68596]],[[145.00276,-37.6864],[145.00738,-37.68608]],[[145.01271,-37.68581],[145.01329,-37.68579]],[[145.00936,-37.68601],[145.01271,-37.68581]],[[145.00292,-37.68711],[145.00191,-37.68729]],[[145.00191,-37.68729],[144.99783,-37.688]],[[144.99921,-37.68764],[145.0046,-37.68667]],[[144.99781,-37.68786],[144.99921,-37.68764]],[[145.0031,-37.68752],[145.00256,-37.6876]],[[145.00256,-37.6864],[145.00276,-37.6864]],[[145.0017,-37.68652],[145.00233,-37.68637]],[[145.0079,-37.68634],[145.00626,-37.68668]],[[144.99876,-37.68803],[144.98982,-37.68913]],[[144.99111,-37.68854],[145.00095,-37.68734]],[[145.00415,-37.68718],[145.0031,-37.68752]],[[145.00738,-37.68608],[145.00936,-37.68601]],[[144.99744,-37.68774],[144.99829,-37.68752]],[[144.99829,-37.68752],[145.00123,-37.68676]],[[145.00019,-37.68789],[144.99876,-37.68803]],[[144.99876,-37.68803],[144.99133,-37.68907]],[[145.00234,-37.68759],[145.00019,-37.68789]],[[145.00123,-37.68676],[145.0017,-37.68652]],[[145.00269,-37.68627],[145.00276,-37.6864]],[[145.00223,-37.68614],[145.00232,-37.686]],[[145.00461,-37.68682],[145.00292,-37.68711]],[[145.00191,-37.68729],[144.99711,-37.68836]]]}}