{"n":{"rail":[[[145.02439,-37.86175],[145.01155,-37.84868]],[[145.02478,-37.86202],[145.01161,-37.84862]],[[145.01164,-37.84859],[145.02485,-37.86202]],[[145.01157,-37.84865],[145.0247,-37.86201]]],"tram":[[[144.9874,-37.86796],[144.99945,-37.86949]],[[144.99945,-37.86952],[144.98741,-37.86799]],[[144.99396,-37.85798],[145.0115,-37.86034]],[[145.02579,-37.8655],[145.01519,-37.86092]],[[145.01522,-37.86088],[145.02585,-37.86548]],[[145.02448,-37.87265],[144.99945,-37.86952]],[[145.01522,-37.86088],[145.02444,-37.86185]],[[145.02447,-37.86188],[145.01519,-37.86092]],[[145.01079,-37.86029],[144.99399,-37.85801]],[[145.0115,-37.86034],[145.0112,-37.86034]],[[144.99945,-37.86949],[145.0245,-37.87261]],[[145.0112,-37.86034],[145.01079,-37.86029]],[[145.0115,-37.86034],[145.01515,-37.86086]],[[145.0145,-37.86077],[145.0112,-37.86034]],[[145.01515,-37.86086],[145.01522,-37.86088]],[[145.01519,-37.86092],[145.0145,-37.86077]]],"freeway":[[[145.00696,-37.85961],[145.00701,-37.85993]],[[145.01513,-37.86071],[145.01567,-37.8609]],[[145.01577,-37.86128],[145.01508,-37.86102]],[[145.01508,-37.86102],[145.01501,-37.861]],[[145.01016,-37.86003],[145.01056,-37.86009]],[[145.01094,-37.86045],[145.0105,-37.86039]],[[144.99857,-37.85848],[144.99855,-37.85879]],[[145.00139,-37.85886],[145.0021,-37.85897]],[[145.0195,-37.86256],[145.02277,-37.86399]],[[145.0041,-37.85955],[145.00409,-37.85924]],[[145.00174,-37.85923],[145.00133,-37.85918]],[[145.01365,-37.86049],[145.0147,-37.86062]],[[145.02003,-37.86314],[145.01943,-37.86287]],[[145.00089,-37.8588],[145.00139,-37.85886]],[[145.00133,-37.85918],[145.00039,-37.85905]],[[145.01873,-37.86221],[145.0195,-37.86256]],[[145.01567,-37.8609],[145.01802,-37.86191]],[[145.01501,-37.861],[145.01461,-37.86092]],[[145.01056,-37.86009],[145.01365,-37.86049]],[[144.99387,-37.85784],[144.99811,-37.85842]],[[145.0105,-37.86039],[145.00456,-37.85961]],[[145.00696,-37.85961],[145.00882,-37.85986]],[[144.99855,-37.85879],[144.99529,-37.85835]],[[145.00408,-37.85954],[145.0027,-37.85936]],[[145.00637,-37.85953],[145.00696,-37.85961]],[[145.00418,-37.85925],[145.00637,-37.85953]],[[145.00456,-37.85961],[145.0041,-37.85955]],[[145.00368,-37.85918],[145.00418,-37.85925]],[[145.0021,-37.85897],[145.00368,-37.85918]],[[145.0027,-37.85936],[145.00174,-37.85923]],[[145.00044,-37.85874],[145.00089,-37.8588]],[[145.00039,-37.85905],[144.99855,-37.85879]],[[144.99857,-37.85848],[145.00044,-37.85874]],[[144.99811,-37.85842],[144.99857,-37.85848]],[[145.01802,-37.86191],[145.01873,-37.86221]],[[145.01943,-37.86287],[145.01577,-37.86128]],[[145.01507,-37.86069],[145.01513,-37.86071]],[[145.0147,-37.86062],[145.01507,-37.86069]],[[145.01149,-37.86052],[145.01094,-37.86045]],[[145.00981,-37.85999],[145.01016,-37.86003]],[[145.01461,-37.86092],[145.01149,-37.86052]],[[145.00882,-37.85986],[145.00981,-37.85999]],[[145.0041,-37.85955],[145.00408,-37.85954]]]}}