{"n":{"rail":[[[144.99708,-37.78423],[144.99931,-37.78053],[145.00147,-37.77927],[145.02178,-37.77915]],[[144.99724,-37.78398],[144.99761,-37.78348]],[[145.02178,-37.77919],[145.00148,-37.7793],[144.99925,-37.78066],[144.99716,-37.78426]]],"tram":[[[144.99922,-37.7685],[144.99738,-37.77752]],[[144.99734,-37.77752],[144.99918,-37.76849]]]}}