{"n":{"rail":[[[145.00156,-37.90962],[145.00202,-37.90788]],[[145.00204,-37.90776],[145.0036,-37.89956]],[[145.00202,-37.90788],[145.00204,-37.90776]],[[145.00364,-37.89956],[145.00208,-37.90779]],[[145.00205,-37.90791],[145.00156,-37.90971]],[[145.00208,-37.90779],[145.00205,-37.90791]],[[145.00451,-37.89083],[145.00456,-37.89478]],[[145.00437,-37.89578],[145.00408,-37.89728]],[[145.00456,-37.89478],[145.00437,-37.89576]],[[145.00404,-37.8975],[145.00368,-37.89938]],[[145.00408,-37.8973],[145.00404,-37.8975]],[[145.00368,-37.89938],[145.00364,-37.89956]],[[145.00364,-37.89937],[145.004,-37.89749]],[[145.0036,-37.89956],[145.00364,-37.89937]],[[145.00404,-37.89728],[145.00432,-37.89569]],[[145.004,-37.89749],[145.00403,-37.8973]],[[145.00451,-37.8947],[145.00449,-37.89089]],[[145.00433,-37.89568],[145.00451,-37.8947]],[[145.00403,-37.8973],[145.00404,-37.89728]],[[145.00408,-37.89728],[145.00408,-37.8973]],[[145.00432,-37.89569],[145.00433,-37.89568]],[[145.00437,-37.89576],[145.00437,-37.89578]]],"tram":[[[145.02196,-37.88708],[145.0169,-37.91412]],[[145.0169,-37.91412],[145.02192,-37.88708]],[[145.01934,-37.90086],[145.01934,-37.90065]]],"freeway":[[[145.01919,-37.90142],[145.01849,-37.90133]],[[145.00679,-37.89995],[145.00651,-37.90014]],[[145.00881,-37.90672],[145.0089,-37.90661]],[[145.0098,-37.90785],[145.00988,-37.90764]],[[145.00719,-37.90315],[145.0074,-37.90311]],[[145.00485,-37.89597],[145.00525,-37.89672]],[[145.02027,-37.90155],[145.01919,-37.90142]],[[145.00388,-37.89415],[145.00369,-37.89422]],[[145.00627,-37.89909],[145.00606,-37.89912]],[[145.00679,-37.89995],[145.00644,-37.89991]],[[145.00878,-37.90645],[145.0089,-37.90661]],[[145.00686,-37.90209],[145.0065,-37.90086]],[[145.00651,-37.90014],[145.00656,-37.90032]],[[145.00606,-37.89912],[145.00587,-37.8984]],[[145.01223,-37.90046],[145.01379,-37.90065]],[[145.00661,-37.89976],[145.0073,-37.89984]],[[145.00589,-37.89793],[145.00622,-37.89886]],[[145.00631,-37.89929],[145.0064,-37.89975]],[[145.0122,-37.90057],[145.00964,-37.90026]],[[145.0064,-37.89975],[145.00661,-37.89976]],[[145.00644,-37.89991],[145.00651,-37.90014]],[[145.00621,-37.89988],[145.00618,-37.89973]],[[145.00808,-37.90555],[145.00833,-37.90605]],[[145.00992,-37.90796],[145.00935,-37.90738]],[[145.0064,-37.89975],[145.00644,-37.89991]],[[145.0143,-37.90071],[145.01428,-37.90081]],[[145.00921,-37.9001],[145.00919,-37.90021]],[[145.00796,-37.90007],[145.00806,-37.89996]],[[145.00868,-37.90004],[145.00921,-37.9001]],[[145.00964,-37.90026],[145.00919,-37.90021]],[[145.00919,-37.90021],[145.00796,-37.90007]],[[145.00815,-37.89997],[145.00868,-37.90004]],[[145.00921,-37.9001],[145.01223,-37.90046]],[[145.01501,-37.9009],[145.01428,-37.90081]],[[145.01379,-37.90065],[145.0143,-37.90071]],[[145.01343,-37.90072],[145.0122,-37.90057]],[[145.01762,-37.90121],[145.01501,-37.9009]],[[145.0143,-37.90071],[145.01757,-37.9011]],[[145.00748,-37.90412],[145.00732,-37.90358]],[[145.00708,-37.90209],[145.00727,-37.90269]],[[145.00768,-37.90402],[145.00794,-37.90484]],[[145.00805,-37.90582],[145.00748,-37.90412]],[[145.01849,-37.90133],[145.01762,-37.90121]],[[145.00233,-37.89117],[145.00357,-37.89353]],[[145.00495,-37.89661],[145.0042,-37.89521]],[[145.00521,-37.89708],[145.00495,-37.89661]],[[145.00417,-37.89471],[145.00453,-37.89542]],[[145.00453,-37.89542],[145.00485,-37.89597]],[[145.01923,-37.90128],[145.02059,-37.90145]],[[145.00554,-37.89728],[145.00574,-37.89761]],[[145.00547,-37.89758],[145.00521,-37.89708]],[[145.00825,-37.90618],[145.00818,-37.90607]],[[145.00855,-37.90658],[145.00825,-37.90618]],[[145.00855,-37.9061],[145.00874,-37.90639]],[[145.00806,-37.90518],[145.0084,-37.90587]],[[145.00833,-37.90605],[145.00852,-37.90607]],[[145.00818,-37.90607],[145.00833,-37.90605]],[[145.00818,-37.90607],[145.00808,-37.90589]],[[145.01428,-37.90081],[145.01343,-37.90072]],[[145.01873,-37.90122],[145.01871,-37.90136]],[[145.0084,-37.90587],[145.00852,-37.90607]],[[145.00363,-37.8941],[145.00254,-37.89201]],[[145.00618,-37.89973],[145.00606,-37.89912]],[[145.00935,-37.90738],[145.00904,-37.90707]],[[145.00833,-37.90605],[145.00855,-37.90658]],[[145.0074,-37.90311],[145.00768,-37.90402]],[[145.0054,-37.89702],[145.00521,-37.89708]],[[145.00631,-37.89929],[145.00661,-37.89976]],[[145.01757,-37.9011],[145.01923,-37.90128]],[[145.00892,-37.90695],[145.00871,-37.90649]],[[145.00871,-37.90649],[145.00855,-37.90658]],[[145.00525,-37.89672],[145.00536,-37.89693]],[[145.00569,-37.89799],[145.00547,-37.89758]],[[145.0063,-37.89926],[145.00631,-37.89929]],[[145.00716,-37.89999],[145.00679,-37.89995]],[[145.00719,-37.90315],[145.00686,-37.90209]],[[145.0063,-37.90018],[145.00621,-37.89988]],[[145.00627,-37.89909],[145.0063,-37.89926]],[[145.00661,-37.90052],[145.00669,-37.9008]],[[145.0073,-37.89984],[145.00815,-37.89997]],[[145.00622,-37.89886],[145.00627,-37.89909]],[[145.0055,-37.8972],[145.00554,-37.89728]],[[145.00852,-37.90607],[145.00855,-37.9061]],[[145.0089,-37.90661],[145.00988,-37.90764]],[[145.00794,-37.90484],[145.00806,-37.90518]],[[145.00587,-37.89788],[145.00589,-37.89793]],[[145.00574,-37.89761],[145.00587,-37.89788]],[[145.00878,-37.90645],[145.00871,-37.90649]],[[145.00874,-37.90639],[145.00878,-37.90645]],[[145.0042,-37.89521],[145.00408,-37.89498]],[[145.00403,-37.89489],[145.00391,-37.89465]],[[145.00408,-37.89498],[145.00403,-37.89489]],[[145.00369,-37.89422],[145.00363,-37.8941]],[[145.00391,-37.89465],[145.00369,-37.89422]],[[145.00357,-37.89353],[145.00367,-37.89371]],[[145.00367,-37.89371],[145.00388,-37.89415]],[[145.00388,-37.89415],[145.00417,-37.89471]],[[145.00536,-37.89693],[145.0055,-37.8972]],[[145.00587,-37.8984],[145.00579,-37.89818]],[[145.00579,-37.89818],[145.00569,-37.89799]],[[145.00569,-37.89799],[145.00589,-37.89793]],[[145.00639,-37.90049],[145.0063,-37.90018]],[[145.00641,-37.90055],[145.00639,-37.90049]],[[145.0065,-37.90086],[145.00641,-37.90055]],[[145.00754,-37.90003],[145.00716,-37.89999]],[[145.00796,-37.90007],[145.00754,-37.90003]],[[145.00696,-37.89997],[145.00699,-37.8998]],[[145.00732,-37.90358],[145.00719,-37.90315]],[[145.00727,-37.90269],[145.0074,-37.90311]],[[145.00669,-37.9008],[145.00708,-37.90209]],[[145.00656,-37.90032],[145.00661,-37.90052]],[[145.00904,-37.90707],[145.00902,-37.90706]],[[145.00902,-37.90706],[145.00892,-37.90695]],[[145.00892,-37.90695],[145.00855,-37.90658]],[[145.00871,-37.90649],[145.00874,-37.90639]],[[145.00806,-37.90518],[145.00808,-37.90555]],[[145.01298,-37.91106],[145.01022,-37.90827]],[[145.00988,-37.90764],[145.01273,-37.9105]],[[145.01022,-37.90827],[145.00992,-37.90796]],[[145.00808,-37.90589],[145.00805,-37.90582]]]}}