{"n":{"rail":[[[144.99635,-37.76726],[144.99943,-37.75017]],[[144.99951,-37.75018],[144.99639,-37.76731]]],"tram":[[[144.99861,-37.75406],[144.99926,-37.7499]],[[145.00165,-37.75245],[144.99923,-37.76677],[144.99922,-37.7685],[144.99738,-37.77752]],[[144.99734,-37.77752],[144.99918,-37.76849],[145.0016,-37.75248]]]}}