{"n":{"rail":[[[145.02439,-37.86175],[145.01155,-37.84868],[145.0096,-37.84757],[144.99883,-37.84338]],[[144.99865,-37.8433],[144.99565,-37.84204]],[[145.02478,-37.86202],[145.01161,-37.84862],[145.00964,-37.8475],[144.99885,-37.8433]],[[144.99566,-37.842],[144.99865,-37.84326]],[[144.99885,-37.84326],[145.00967,-37.84747],[145.01164,-37.84859],[145.02485,-37.86202]],[[144.99866,-37.84322],[144.99566,-37.84196]],[[144.99884,-37.84335],[145.00962,-37.84754],[145.01157,-37.84865],[145.0247,-37.86201]],[[144.99567,-37.84192],[144.99867,-37.84318]],[[144.99865,-37.84326],[144.99884,-37.84335]],[[144.99883,-37.84338],[144.99865,-37.8433]],[[144.99867,-37.84318],[144.99885,-37.84326]],[[144.99885,-37.8433],[144.99866,-37.84322]],[[144.99773,-37.84276],[144.99817,-37.843]],[[144.99919,-37.84345],[144.9997,-37.84365]]],"tram":[[[144.99242,-37.83908],[145.02964,-37.84356]],[[145.02964,-37.84356],[144.99241,-37.8391]],[[144.99414,-37.84685],[145.01219,-37.84925]],[[145.01798,-37.85512],[145.01828,-37.85516]],[[145.01801,-37.85516],[144.98964,-37.85138]],[[144.98964,-37.85135],[145.01798,-37.85512]],[[145.01831,-37.8552],[145.01801,-37.85516]],[[145.02904,-37.8566],[145.01831,-37.8552]],[[145.01828,-37.85516],[145.02902,-37.85656]],[[145.01223,-37.84929],[144.99413,-37.84688]],[[145.01502,-37.84182],[145.0153,-37.84182]],[[145.02979,-37.85161],[145.01257,-37.84933]],[[145.01257,-37.84933],[145.01223,-37.84929]],[[145.01253,-37.8493],[145.02976,-37.85158]],[[145.01219,-37.84925],[145.01253,-37.8493]]]}}