{"n":{"rail":[[[144.99521,-37.91618],[145.00056,-37.91129],[145.00156,-37.90962],[145.00202,-37.90788]],[[145.00205,-37.90791],[145.00156,-37.90971],[145.00062,-37.91128],[144.99524,-37.91621]]],"tram":[[[145.02196,-37.88708],[145.0169,-37.91412]],[[145.0169,-37.91412],[145.02192,-37.88708]],[[145.0169,-37.91412],[145.01678,-37.91441]]],"freeway":[[[145.01298,-37.91106],[145.01316,-37.91095]],[[145.01764,-37.91579],[145.01796,-37.91581]],[[145.01616,-37.91399],[145.01608,-37.91422]],[[145.01687,-37.9147],[145.01744,-37.91528]],[[145.01345,-37.91154],[145.01324,-37.91132]],[[145.01656,-37.91471],[145.01345,-37.91154]],[[145.01851,-37.91636],[145.02162,-37.91961]],[[145.01775,-37.91589],[145.01764,-37.91579]],[[145.01807,-37.91592],[145.01775,-37.91589]],[[145.01761,-37.91546],[145.01796,-37.91581]],[[145.0166,-37.91444],[145.01687,-37.9147]],[[145.02177,-37.92013],[145.01871,-37.91686]],[[145.01764,-37.91579],[145.01722,-37.91537]],[[145.01796,-37.91581],[145.01807,-37.91592]],[[145.01834,-37.91646],[145.01851,-37.91636]],[[145.01616,-37.91399],[145.01637,-37.9142]],[[145.01637,-37.9142],[145.0166,-37.91444]],[[145.01324,-37.91132],[145.01298,-37.91106]],[[145.01615,-37.91398],[145.01616,-37.91399]],[[145.01845,-37.9163],[145.01851,-37.91636]],[[145.01807,-37.91592],[145.01845,-37.9163]],[[145.01815,-37.91626],[145.01775,-37.91589]],[[145.01298,-37.91106],[145.01022,-37.90827]],[[145.01287,-37.91065],[145.01316,-37.91095]],[[145.01273,-37.9105],[145.01287,-37.91065]],[[145.00988,-37.90764],[145.01273,-37.9105]],[[145.01656,-37.91471],[145.0166,-37.91444]],[[145.01662,-37.91478],[145.01656,-37.91471]],[[145.01722,-37.91537],[145.01693,-37.91506]],[[145.01693,-37.91506],[145.01662,-37.91478]],[[145.01586,-37.91369],[145.01615,-37.91398]],[[145.01316,-37.91095],[145.01586,-37.91369]],[[145.01834,-37.91646],[145.01815,-37.91626]],[[145.01871,-37.91686],[145.01834,-37.91646]],[[145.01744,-37.91529],[145.01761,-37.91546]],[[145.01744,-37.91528],[145.01744,-37.91529]]]}}