{"n":{"rail":[[[145.01379,-37.82762],[145.01826,-37.82802],[145.01971,-37.82898]],[[145.0176,-37.82553],[145.01679,-37.82599]],[[145.01258,-37.82769],[145.01379,-37.82762]],[[145.01623,-37.82767],[145.01539,-37.82772]],[[145.01011,-37.82786],[145.00929,-37.82777]],[[145.01719,-37.82775],[145.01904,-37.82827],[145.02062,-37.83015]],[[145.01757,-37.8255],[145.0222,-37.82247]],[[145.01677,-37.82596],[145.01757,-37.8255]],[[145.01763,-37.82556],[145.01683,-37.82603]],[[145.01679,-37.82599],[145.01347,-37.82758],[145.01034,-37.82785]],[[145.02048,-37.83032],[145.01941,-37.82878],[145.01749,-37.82785],[145.00908,-37.82785]],[[145.00914,-37.82759],[145.01359,-37.82746],[145.01677,-37.82596]],[[145.01683,-37.82603],[145.01352,-37.8276],[145.01011,-37.82786]],[[145.00914,-37.82759],[145.01034,-37.82778]],[[145.00956,-37.82767],[145.01034,-37.82785]],[[145.00908,-37.82785],[144.99562,-37.82634]],[[145.00906,-37.82771],[145.01034,-37.82778]],[[145.00646,-37.82736],[145.00399,-37.8271]],[[145.00374,-37.82721],[145.00273,-37.82713]],[[145.0059,-37.82737],[145.00679,-37.82739]],[[145.00991,-37.82781],[145.00929,-37.82777]],[[145.01011,-37.82786],[145.00908,-37.82785]],[[145.01761,-37.82779],[145.01943,-37.8285],[145.02068,-37.83014]],[[145.01964,-37.8288],[145.01784,-37.82783]],[[144.99504,-37.8262],[145.0059,-37.82737]],[[144.99566,-37.82623],[145.00679,-37.82739]],[[145.00679,-37.82739],[145.00914,-37.82759]],[[145.00929,-37.82777],[144.995,-37.82624]],[[145.01034,-37.82785],[145.00991,-37.82781]],[[145.01034,-37.82778],[145.01258,-37.82769]],[[145.00906,-37.82771],[145.00991,-37.82781]],[[145.02231,-37.82254],[145.01763,-37.82556]],[[145.0059,-37.82737],[145.00906,-37.82771]],[[145.0176,-37.82553],[145.02234,-37.82247]]],"tram":[[[144.98684,-37.82432],[145.01368,-37.82739]],[[144.99787,-37.82586],[144.99765,-37.82566]],[[144.99766,-37.82563],[144.99791,-37.82587]],[[145.00057,-37.81108],[144.99781,-37.82643]],[[144.99773,-37.82663],[144.99777,-37.82643]],[[144.99662,-37.83372],[144.99773,-37.82663]],[[144.99781,-37.82643],[144.99777,-37.82663]],[[144.99777,-37.82643],[145.00057,-37.81108]],[[144.99777,-37.82663],[144.99666,-37.83372]],[[145.01368,-37.82739],[145.01412,-37.82744]],[[145.01409,-37.82746],[145.01361,-37.82741]],[[145.01361,-37.82741],[144.98907,-37.82466]],[[145.01412,-37.82744],[145.01603,-37.82749],[145.02012,-37.82649]],[[145.02013,-37.82652],[145.01604,-37.82751],[145.01409,-37.82746]],[[144.99242,-37.83908],[145.02964,-37.84356]],[[145.02964,-37.84356],[144.99241,-37.8391]],[[144.99782,-37.82639],[144.99781,-37.82618]]],"freeway":[[[144.99755,-37.83379],[145.0013,-37.83256]],[[145.00397,-37.82996],[145.00775,-37.83088]],[[144.99333,-37.82568],[144.99896,-37.82855],[145.00397,-37.82996]],[[145.00221,-37.8295],[145.00401,-37.82986]],[[145.00991,-37.83152],[145.0087,-37.83135]],[[145.00287,-37.83158],[145.00366,-37.83098]],[[145.00401,-37.82986],[145.00541,-37.83008]],[[145.00133,-37.83268],[144.99819,-37.83379],[144.9964,-37.83385]],[[145.00419,-37.831],[145.00133,-37.83268]],[[145.00372,-37.83107],[145.00502,-37.8307]],[[145.00565,-37.83056],[145.00615,-37.83044]],[[145.00618,-37.83041],[145.00635,-37.83031]],[[145.00366,-37.83098],[145.00489,-37.83057]],[[145.0013,-37.83256],[145.00287,-37.83158]],[[145.00287,-37.83158],[145.00372,-37.83107]],[[145.0169,-37.83076],[145.01527,-37.83063]],[[145.00775,-37.83088],[145.01025,-37.83078]],[[145.01527,-37.83063],[145.01517,-37.83087]],[[145.00558,-37.83066],[145.00871,-37.83102],[145.01025,-37.83078]],[[145.00502,-37.8307],[145.00558,-37.83066]],[[145.01341,-37.82955],[145.01652,-37.83018]],[[145.00541,-37.83008],[145.00634,-37.83003]],[[145.00541,-37.83008],[145.0063,-37.83023]],[[145.00489,-37.83057],[145.00565,-37.83056]],[[145.01652,-37.83018],[145.01906,-37.83079]],[[145.0087,-37.83135],[145.00592,-37.83079]],[[145.01028,-37.83094],[145.00419,-37.831]],[[145.01427,-37.82993],[145.01969,-37.83091]],[[145.02104,-37.83142],[145.01902,-37.831]],[[145.01056,-37.83085],[145.01028,-37.83094]],[[145.01253,-37.83017],[145.01056,-37.83085]],[[145.01025,-37.83078],[145.01061,-37.83067]],[[145.01361,-37.83006],[145.01301,-37.8301]],[[145.01442,-37.8301],[145.01361,-37.83006]],[[145.01307,-37.82992],[145.01427,-37.82993]],[[145.01301,-37.8301],[145.01253,-37.83017]],[[145.01902,-37.831],[145.01442,-37.8301]],[[145.01255,-37.83],[145.01307,-37.82992]],[[145.01061,-37.83067],[145.01255,-37.83]],[[145.01527,-37.83063],[145.01494,-37.83078]],[[145.01906,-37.83079],[145.01969,-37.83091]],[[145.01902,-37.831],[145.0169,-37.83076]],[[145.00618,-37.83041],[145.0063,-37.83023]],[[145.00615,-37.83044],[145.00618,-37.83041]]]}}