{"n":{"rail":[[[144.99878,-37.88188],[145.00043,-37.88412]],[[145.00065,-37.8844],[145.00234,-37.88669]],[[145.00043,-37.88412],[145.00065,-37.8844]],[[145.00241,-37.88679],[145.00382,-37.88886],[145.00451,-37.89083],[145.00456,-37.89478]],[[145.00451,-37.8947],[145.00449,-37.89089],[145.0038,-37.88891],[145.00237,-37.8868]],[[145.00232,-37.88673],[145.00057,-37.88442]],[[145.00036,-37.88411],[144.99874,-37.8819]],[[145.00057,-37.88442],[145.00036,-37.88411]],[[145.00328,-37.88802],[145.00303,-37.88772]],[[144.99872,-37.8818],[144.99878,-37.88188]],[[144.99874,-37.8819],[144.99746,-37.88014]],[[144.99747,-37.88009],[144.99872,-37.8818]],[[145.00237,-37.8868],[145.00232,-37.88673]],[[145.00234,-37.88669],[145.00241,-37.88679]]],"tram":[[[145.02196,-37.88708],[145.0169,-37.91412]],[[145.02221,-37.88694],[145.00057,-37.88425]],[[145.0169,-37.91412],[145.02192,-37.88708]],[[145.00057,-37.88425],[145.00026,-37.88421]],[[145.00054,-37.88422],[145.02219,-37.88691]],[[145.00023,-37.88417],[145.00054,-37.88422]],[[145.00026,-37.88421],[144.9973,-37.88381]],[[144.99726,-37.88378],[145.00023,-37.88417]]],"freeway":[[[144.99877,-37.88567],[144.99911,-37.88622]],[[144.99911,-37.88622],[144.999,-37.88628]],[[144.999,-37.88628],[144.99805,-37.8851]],[[144.99877,-37.88567],[144.9992,-37.88617]],[[144.99756,-37.88422],[144.99785,-37.88458]],[[144.99785,-37.88458],[144.99829,-37.8851]],[[145.00233,-37.89117],[145.00213,-37.89123]],[[145.00165,-37.88984],[145.00146,-37.88993]],[[145.00089,-37.88884],[144.99954,-37.88691]],[[145.00233,-37.89117],[145.00357,-37.89353]],[[144.9992,-37.88617],[144.9998,-37.88689]],[[145.00137,-37.88977],[145.00105,-37.88917]],[[145.00146,-37.88993],[145.00137,-37.88977]],[[145.00363,-37.8941],[145.00254,-37.89201]],[[145.00105,-37.88917],[145.00089,-37.88884]],[[144.99742,-37.88406],[144.99756,-37.88422]],[[144.99778,-37.8848],[144.99772,-37.88473]],[[144.99805,-37.8851],[144.99778,-37.8848]],[[144.9992,-37.88617],[144.99911,-37.88622]],[[144.99859,-37.88546],[144.99877,-37.88567]],[[144.99829,-37.8851],[144.99859,-37.88546]],[[144.99772,-37.88473],[144.99755,-37.88454]],[[145.00144,-37.88945],[145.00165,-37.88984]],[[145.00127,-37.88912],[145.00144,-37.88945]],[[145.00169,-37.89038],[145.00146,-37.88993]],[[145.00179,-37.89059],[145.00169,-37.89038]],[[144.9998,-37.88689],[145.00127,-37.88912]],[[144.99954,-37.88691],[144.99927,-37.8866]],[[144.99927,-37.8866],[144.999,-37.88628]],[[145.00234,-37.89165],[145.00213,-37.89123]],[[145.00214,-37.89079],[145.00233,-37.89117]],[[145.00213,-37.89123],[145.00179,-37.89059]],[[145.00254,-37.89201],[145.00234,-37.89165]],[[145.00204,-37.89061],[145.00214,-37.89079]],[[145.00165,-37.88984],[145.00204,-37.89061]]]}}