{"n":{"rail":[[[145.01757,-37.8255],[145.0222,-37.82247]],[[145.02231,-37.82254],[145.01763,-37.82556]],[[145.0176,-37.82553],[145.02234,-37.82247]]],"tram":[[[144.99006,-37.81745],[145.01312,-37.82]],[[145.0158,-37.82],[145.01643,-37.81996]],[[145.01314,-37.82003],[144.98988,-37.81746]],[[145.01581,-37.82003],[145.01473,-37.82021]],[[145.01726,-37.82037],[145.017,-37.82028]],[[145.01641,-37.81999],[145.01581,-37.82003]],[[145.01472,-37.82018],[145.0158,-37.82]],[[145.01221,-37.8199],[145.01194,-37.8199]],[[145.00175,-37.81066],[145.01037,-37.81146]],[[145.00062,-37.81076],[145.00088,-37.81057]],[[145.00089,-37.8106],[145.00062,-37.81076]],[[145.01014,-37.81148],[145.00175,-37.81069]],[[145.00062,-37.81076],[145.00057,-37.81108]],[[145.01597,-37.81222],[145.0148,-37.81208]],[[145.01481,-37.81205],[145.01597,-37.81219]],[[145.01597,-37.81219],[145.0206,-37.81276]],[[145.01643,-37.81996],[145.02336,-37.81326]],[[145.02354,-37.81313],[145.01641,-37.81999]],[[145.00057,-37.81108],[144.99781,-37.82643]],[[144.99777,-37.82643],[145.00057,-37.81108]],[[145.01643,-37.81996],[145.01758,-37.82046],[145.02381,-37.82124]],[[145.02376,-37.82127],[145.01765,-37.82051],[145.01641,-37.81999]],[[145.01191,-37.81163],[145.01231,-37.81164]],[[145.01231,-37.81171],[145.0126,-37.81171]],[[145.01273,-37.8117],[145.01231,-37.81164]],[[145.01231,-37.81164],[145.01185,-37.81166]],[[145.02077,-37.81281],[145.01597,-37.81222]],[[145.01465,-37.81207],[145.01185,-37.81166]],[[145.0126,-37.81171],[145.01459,-37.81202]],[[145.01344,-37.82005],[145.01472,-37.82018]],[[145.01312,-37.82],[145.01344,-37.82005]],[[145.00175,-37.81069],[144.99134,-37.80976]],[[144.99134,-37.80973],[145.00175,-37.81066]],[[145.01473,-37.82021],[145.0133,-37.82006]],[[145.0133,-37.82006],[145.01314,-37.82003]],[[145.0148,-37.81208],[145.01465,-37.81207]],[[145.01459,-37.81202],[145.01481,-37.81205]],[[145.01191,-37.81163],[145.0126,-37.81171]],[[145.01185,-37.81166],[145.01014,-37.81148]],[[145.01037,-37.81146],[145.01191,-37.81163]]]}}