{"n":{"rail":[[[145.50216,-37.65499],[145.50475,-37.65501]],[[145.50496,-37.65501],[145.51142,-37.6547]],[[145.50974,-37.65505],[145.50614,-37.65501]],[[145.5106,-37.65478],[145.51092,-37.65479]],[[145.50858,-37.65466],[145.50783,-37.65492]],[[145.50667,-37.65502],[145.50886,-37.65483]],[[145.51092,-37.65471],[145.50892,-37.65499]],[[145.51091,-37.65467],[145.51009,-37.65485]],[[145.50871,-37.65503],[145.51106,-37.65478]],[[145.50882,-37.65487],[145.50802,-37.65491]],[[145.50475,-37.65501],[145.50496,-37.65501]],[[145.50878,-37.65457],[145.50858,-37.65466]],[[145.50884,-37.65455],[145.50878,-37.65457]]],"freeway":[[[145.5116,-37.66023],[145.51008,-37.65817],[145.51037,-37.6575]],[[145.51338,-37.65446],[145.51607,-37.65414]],[[145.51174,-37.65596],[145.5118,-37.65586]],[[145.51674,-37.65405],[145.51811,-37.65354]],[[145.51233,-37.65497],[145.51298,-37.65453]],[[145.5118,-37.65586],[145.51198,-37.65552]],[[145.51811,-37.65354],[145.51871,-37.6533]],[[145.51037,-37.6575],[145.51153,-37.65632]],[[145.51871,-37.6533],[145.51936,-37.65304]],[[145.51607,-37.65414],[145.51674,-37.65405]],[[145.51298,-37.65453],[145.51338,-37.65446]],[[145.51198,-37.65552],[145.51233,-37.65497]],[[145.51153,-37.65632],[145.51174,-37.65596]],[[145.51297,-37.66213],[145.5116,-37.66023]],[[145.51337,-37.66318],[145.51297,-37.66213]],[[145.51326,-37.66411],[145.51337,-37.66318]],[[145.5117,-37.66823],[145.51306,-37.66549],[145.51326,-37.66411]]]}}