{"n":{"rail":[[[145.50454,-38.08398],[145.49739,-38.08265]],[[145.52307,-38.08389],[145.52872,-38.08265]],[[145.52872,-38.08265],[145.51873,-38.08457]],[[145.51261,-38.08526],[145.49739,-38.08265]]],"freeway":[[[145.51324,-38.08518],[145.52616,-38.07872]],[[145.52609,-38.07897],[145.51371,-38.08517]]]}}