{"n":{"rail":[[[145.50454,-38.08398],[145.49739,-38.08265]],[[145.5016,-38.08329],[145.50675,-38.08427]],[[145.51831,-38.08463],[145.5172,-38.08484]],[[145.52247,-38.08399],[145.52136,-38.0842]],[[145.51999,-38.08432],[145.52436,-38.08352]],[[145.52436,-38.08352],[145.52507,-38.08337]],[[145.52307,-38.08389],[145.52872,-38.08265]],[[145.52872,-38.08265],[145.51873,-38.08457]],[[145.51181,-38.08515],[145.51831,-38.08463]],[[145.52271,-38.08399],[145.51261,-38.08526]],[[145.52711,-38.0833],[145.52284,-38.08397]],[[145.52284,-38.08397],[145.52271,-38.08399]],[[145.52283,-38.08393],[145.5271,-38.08327]],[[145.5227,-38.08395],[145.52283,-38.08393]],[[145.51261,-38.08526],[145.49739,-38.08265]],[[145.49956,-38.08287],[145.51181,-38.08515]],[[145.5096,-38.08477],[145.51193,-38.08507]],[[145.50824,-38.08456],[145.50906,-38.08467]],[[145.50805,-38.08464],[145.50894,-38.08485]],[[145.50824,-38.08456],[145.51065,-38.08501]],[[145.51063,-38.08508],[145.50805,-38.08464]],[[145.51831,-38.08463],[145.5227,-38.08395]],[[145.50672,-38.08439],[145.50454,-38.08398]],[[145.52586,-38.0835],[145.52482,-38.08362]],[[145.50212,-38.08339],[145.50454,-38.08398]],[[145.50475,-38.08389],[145.50374,-38.08374]],[[145.50805,-38.08464],[145.50672,-38.08439]],[[145.50675,-38.08427],[145.50824,-38.08456]]],"freeway":[[[145.51335,-38.08535],[145.50675,-38.08839]],[[145.51291,-38.08535],[145.51324,-38.08518]],[[145.51324,-38.08518],[145.52616,-38.07872]],[[145.50473,-38.08912],[145.50443,-38.08922]],[[145.50443,-38.08922],[145.49592,-38.09129]],[[145.50446,-38.08901],[145.50543,-38.08867]],[[145.50416,-38.0891],[145.50446,-38.08901]],[[145.52609,-38.07897],[145.51371,-38.08517]],[[145.50542,-38.08888],[145.50473,-38.08912]],[[145.50543,-38.08867],[145.50676,-38.08818]],[[145.50675,-38.08839],[145.50542,-38.08888]],[[145.50676,-38.08818],[145.51291,-38.08535]],[[145.49462,-38.09129],[145.50416,-38.0891]],[[145.51371,-38.08517],[145.51335,-38.08535]]]}}