{"b":[{"h":6,"g":[[145.74016,-37.233579],[145.740179,-37.233814],[145.740309,-37.233807],[145.740289,-37.233572],[145.74016,-37.233579]]},{"h":6,"g":[[145.740603,-37.233725],[145.740606,-37.233771],[145.740647,-37.233802],[145.740776,-37.233799],[145.740777,-37.233821],[145.740823,-37.233855],[145.74088,-37.233855],[145.740919,-37.23382],[145.740917,-37.233791],[145.741035,-37.233787],[145.741031,-37.233723],[145.741091,-37.233721],[145.741088,-37.233669],[145.740652,-37.233686],[145.740603,-37.233725]]},{"h":6,"g":[[145.741693,-37.234118],[145.741815,-37.234119],[145.741818,-37.233964],[145.741768,-37.233964],[145.741769,-37.233916],[145.741697,-37.233915],[145.741693,-37.234118]]},{"h":6,"g":[[145.739969,-37.233577],[145.739974,-37.233653],[145.740054,-37.23365],[145.740055,-37.233661],[145.740115,-37.233658],[145.740112,-37.233612],[145.740077,-37.233614],[145.740074,-37.233572],[145.739969,-37.233577]]}]}