{"b":[{"h":6,"g":[[145.74452,-37.510622],[145.744523,-37.510719],[145.74463,-37.510717],[145.74463,-37.510744],[145.744731,-37.510743],[145.744727,-37.510619],[145.74452,-37.510622]]},{"h":6,"g":[[145.743804,-37.511287],[145.743848,-37.511317],[145.743889,-37.51129],[145.743962,-37.511349],[145.744068,-37.511268],[145.743944,-37.511176],[145.743804,-37.511287]]},{"h":6,"g":[[145.742734,-37.510307],[145.742739,-37.510397],[145.743065,-37.510392],[145.743057,-37.510328],[145.74293,-37.510333],[145.742923,-37.510303],[145.742734,-37.510307]]},{"h":6,"g":[[145.743722,-37.509954],[145.743738,-37.510209],[145.743835,-37.510204],[145.743819,-37.509952],[145.743722,-37.509954]]}]}