{"b":[{"h":6,"g":[[145.722737,-37.508019],[145.722795,-37.508056],[145.722841,-37.50801],[145.722783,-37.507974],[145.722737,-37.508019]]},{"h":6,"g":[[145.743771,-37.509526],[145.743776,-37.509574],[145.743925,-37.509579],[145.743932,-37.509638],[145.743776,-37.509638],[145.743781,-37.509719],[145.744009,-37.509716],[145.744011,-37.509674],[145.744082,-37.509674],[145.744075,-37.509625],[145.744005,-37.509628],[145.744004,-37.509525],[145.743771,-37.509526]]}]}