{"b":[{"h":6,"g":[[145.722631,-38.168116],[145.722716,-38.168134],[145.72275,-38.168031],[145.722665,-38.168014],[145.722631,-38.168116]]},{"h":6,"g":[[145.723146,-38.165983],[145.723235,-38.166009],[145.723203,-38.166077],[145.723271,-38.166097],[145.72335,-38.165932],[145.723288,-38.165914],[145.723323,-38.165842],[145.723226,-38.165814],[145.723146,-38.165983]]},{"h":6,"g":[[145.724443,-38.163815],[145.724571,-38.163853],[145.724693,-38.163601],[145.724639,-38.163585],[145.724658,-38.163544],[145.724584,-38.163522],[145.724443,-38.163815]]}]}