{"b":[{"h":6,"g":[[145.724793,-38.311069],[145.724955,-38.311088],[145.72494,-38.311164],[145.725021,-38.311173],[145.725043,-38.311055],[145.725082,-38.31106],[145.725094,-38.310997],[145.724813,-38.310964],[145.724793,-38.311069]]}]}