{"b":[{"h":6,"g":[[145.723097,-38.416615],[145.723212,-38.416638],[145.723251,-38.416523],[145.723137,-38.416499],[145.723097,-38.416615]]}]}