{"b":[{"h":6,"g":[[145.722639,-38.521694],[145.722781,-38.521712],[145.722805,-38.5216],[145.722663,-38.521581],[145.722639,-38.521694]]},{"h":6,"g":[[145.724844,-38.518506],[145.724941,-38.518519],[145.724975,-38.518357],[145.724878,-38.518344],[145.724844,-38.518506]]},{"h":6,"g":[[145.724701,-38.518743],[145.724935,-38.518789],[145.724959,-38.518714],[145.724726,-38.518667],[145.724701,-38.518743]]},{"h":6,"g":[[145.724436,-38.518397],[145.724546,-38.518426],[145.724589,-38.518328],[145.724479,-38.518299],[145.724436,-38.518397]]}]}