{"b":[{"h":6,"g":[[145.329757,-37.254842],[145.329861,-37.254968],[145.329941,-37.254926],[145.329836,-37.2548],[145.329757,-37.254842]]},{"h":6,"g":[[145.327919,-37.25437],[145.328002,-37.25438],[145.328015,-37.254316],[145.328117,-37.254329],[145.328134,-37.254242],[145.327949,-37.254218],[145.327919,-37.25437]]},{"h":6,"g":[[145.327327,-37.261991],[145.327448,-37.262077],[145.327687,-37.261865],[145.327566,-37.261778],[145.327327,-37.261991]]}]}