{"b":[{"h":6,"g":[[145.335742,-37.317897],[145.335874,-37.317935],[145.335929,-37.317817],[145.335797,-37.317778],[145.335742,-37.317897]]},{"h":6,"g":[[145.336287,-37.318191],[145.336445,-37.318255],[145.336491,-37.318183],[145.336333,-37.318119],[145.336287,-37.318191]]}]}