{"b":[{"h":6,"g":[[145.334023,-37.245958],[145.334042,-37.246005],[145.334189,-37.245968],[145.334171,-37.245921],[145.334023,-37.245958]]},{"h":6,"g":[[145.333641,-37.245899],[145.333682,-37.246002],[145.33398,-37.245927],[145.333939,-37.245824],[145.333641,-37.245899]]}]}