{"b":[{"h":6,"g":[[145.337579,-37.555452],[145.337585,-37.555465],[145.337596,-37.555475],[145.33761,-37.555482],[145.337634,-37.555484],[145.33765,-37.555479],[145.337663,-37.555471],[145.337673,-37.555458],[145.337675,-37.555445],[145.337672,-37.555432],[145.337659,-37.555417],[145.337645,-37.55541],[145.337622,-37.555408],[145.337606,-37.555412],[145.337592,-37.555419],[145.337586,-37.555426],[145.33758,-37.555438],[145.337579,-37.555452]]}]}