{"b":[{"h":6,"g":[[145.339885,-37.491528],[145.340011,-37.491593],[145.340117,-37.491447],[145.339991,-37.491409],[145.339885,-37.491528]]}]}