{"b":[{"h":6,"g":[[145.340395,-37.705653],[145.340397,-37.70566],[145.340604,-37.705753],[145.34067,-37.70566],[145.340493,-37.705581],[145.340472,-37.705609],[145.340437,-37.705594],[145.340395,-37.705653]]}]}