{"b":[{"h":6,"g":[[145.340205,-38.182762],[145.340253,-38.182819],[145.340351,-38.182769],[145.340303,-38.182711],[145.340205,-38.182762]]},{"h":6,"g":[[145.340204,-38.183005],[145.34035,-38.183165],[145.340538,-38.183059],[145.340469,-38.182983],[145.340405,-38.183019],[145.340328,-38.182935],[145.340204,-38.183005]]},{"h":6,"g":[[145.339875,-38.183162],[145.340004,-38.183163],[145.340005,-38.183089],[145.339876,-38.183088],[145.339875,-38.183162]]}]}