{"b":[{"h":6,"g":[[145.336712,-38.222644],[145.336916,-38.222845],[145.33701,-38.222786],[145.336806,-38.222584],[145.336712,-38.222644]]},{"h":6,"g":[[145.336986,-38.222596],[145.337035,-38.222652],[145.337089,-38.222623],[145.33704,-38.222567],[145.336986,-38.222596]]},{"h":6,"g":[[145.336665,-38.222476],[145.336703,-38.222513],[145.336775,-38.222469],[145.336737,-38.222431],[145.336665,-38.222476]]}]}