{"b":[{"h":6,"g":[[145.348196,-38.373466],[145.348315,-38.37353],[145.34849,-38.373277],[145.348586,-38.373235],[145.348522,-38.373151],[145.348403,-38.373192],[145.348196,-38.373466]]},{"h":6,"g":[[145.347687,-38.373932],[145.347732,-38.373983],[145.34779,-38.373952],[145.347745,-38.373901],[145.347687,-38.373932]]},{"h":6,"g":[[145.347721,-38.373828],[145.347886,-38.373855],[145.34793,-38.373693],[145.347846,-38.373679],[145.347826,-38.373752],[145.347746,-38.373738],[145.347721,-38.373828]]},{"h":6,"g":[[145.345174,-38.36113],[145.345205,-38.361335],[145.34528,-38.361328],[145.34525,-38.361123],[145.345174,-38.36113]]}]}