{"b":[{"h":6,"g":[[145.33781,-38.499613],[145.337836,-38.499672],[145.337811,-38.499687],[145.337826,-38.499717],[145.337825,-38.49976],[145.338238,-38.499774],[145.338221,-38.499709],[145.338209,-38.499616],[145.338109,-38.49958],[145.338034,-38.499597],[145.33797,-38.499566],[145.33781,-38.499613]]},{"h":6,"g":[[145.33677,-38.499157],[145.336805,-38.499211],[145.336833,-38.499199],[145.336798,-38.499146],[145.33677,-38.499157]]},{"h":6,"g":[[145.336819,-38.499227],[145.336903,-38.499267],[145.33692,-38.499246],[145.336835,-38.499206],[145.336819,-38.499227]]},{"h":6,"g":[[145.336906,-38.499177],[145.336983,-38.499369],[145.337099,-38.499339],[145.337109,-38.499317],[145.337103,-38.4993],[145.33708,-38.499292],[145.337046,-38.499299],[145.33701,-38.499205],[145.337048,-38.499196],[145.33706,-38.499178],[145.337052,-38.499155],[145.337029,-38.499148],[145.336906,-38.499177]]}]}