{"n":{"rail":[[[144.73146,-37.76429],[144.63881,-37.72402]],[[144.63883,-37.72399],[144.73398,-37.76523]]],"freeway":[[[144.65704,-37.72695],[144.65451,-37.72573],[144.65243,-37.72556]],[[144.64727,-37.72076],[144.64944,-37.72164]],[[144.65346,-37.72212],[144.65393,-37.72403]],[[144.65269,-37.72553],[144.65139,-37.726]],[[144.65137,-37.72173],[144.65313,-37.72146]],[[144.65301,-37.72158],[144.6531,-37.72163]],[[144.65368,-37.72103],[144.65346,-37.72212]],[[144.65144,-37.72641],[144.6507,-37.72565]],[[144.63516,-37.7122],[144.64645,-37.72027]],[[144.67,-37.73456],[144.66066,-37.72907]],[[144.66066,-37.72907],[144.66093,-37.72878]],[[144.66093,-37.72878],[144.67107,-37.73466]],[[144.64727,-37.72076],[144.65718,-37.72658]],[[144.65704,-37.72695],[144.64595,-37.72042]],[[144.65039,-37.72462],[144.64938,-37.72272],[144.64595,-37.72042]],[[144.65243,-37.72556],[144.65132,-37.72574]],[[144.65137,-37.72173],[144.65301,-37.72158]],[[144.66066,-37.72907],[144.65704,-37.72695]],[[144.65718,-37.72658],[144.66093,-37.72878]],[[144.65393,-37.72403],[144.65718,-37.72658]],[[144.6531,-37.72163],[144.65346,-37.72212]],[[144.64645,-37.72027],[144.64727,-37.72076]],[[144.64944,-37.72164],[144.65137,-37.72173]],[[144.6507,-37.72565],[144.65039,-37.72462]],[[144.65122,-37.72575],[144.6507,-37.72565]]]}}