{"n":{"rail":[[[144.67999,-37.89188],[144.66359,-37.89853]],[[144.67998,-37.89171],[144.66358,-37.89841]],[[144.66358,-37.89849],[144.67999,-37.89177]],[[144.65032,-37.90366],[144.61575,-37.91708]],[[144.61579,-37.91712],[144.65035,-37.90371]],[[144.66348,-37.89845],[144.65916,-37.90013]],[[144.65916,-37.90013],[144.65848,-37.90043]],[[144.66358,-37.89841],[144.66348,-37.89845]],[[144.66007,-37.89992],[144.6625,-37.89893]],[[144.66002,-37.89984],[144.66308,-37.89869]],[[144.6625,-37.89893],[144.66308,-37.89869]],[[144.6631,-37.89873],[144.65956,-37.90016]],[[144.6625,-37.89893],[144.6631,-37.89873]],[[144.66347,-37.89858],[144.6631,-37.89873]],[[144.66378,-37.89845],[144.66439,-37.89816]],[[144.66448,-37.89812],[144.66512,-37.8979]],[[144.66308,-37.89869],[144.66347,-37.89853]],[[144.66347,-37.89853],[144.66358,-37.89849]],[[144.66359,-37.89853],[144.66347,-37.89858]],[[144.65906,-37.90032],[144.66007,-37.89992]],[[144.65917,-37.90028],[144.66002,-37.89984]],[[144.65868,-37.90047],[144.65906,-37.90032]],[[144.65696,-37.90114],[144.65868,-37.90047]],[[144.65848,-37.90043],[144.65694,-37.90109]],[[144.65228,-37.90296],[144.65565,-37.90165]],[[144.65225,-37.90291],[144.65563,-37.9016]],[[144.65563,-37.9016],[144.65694,-37.90109]],[[144.65565,-37.90165],[144.65696,-37.90114]],[[144.65225,-37.90291],[144.65032,-37.90366]],[[144.65035,-37.90371],[144.65228,-37.90296]]],"freeway":[[[144.65465,-37.90392],[144.65514,-37.90428]],[[144.65399,-37.90266],[144.65413,-37.90303]],[[144.65277,-37.90302],[144.65386,-37.90264]],[[144.66173,-37.90251],[144.66183,-37.90256]],[[144.66792,-37.89981],[144.66783,-37.89971]],[[144.66594,-37.90033],[144.66656,-37.90031]],[[144.6565,-37.9052],[144.65837,-37.90436]],[[144.65413,-37.90303],[144.65392,-37.90276]],[[144.66483,-37.90117],[144.66475,-37.90107]],[[144.66613,-37.90051],[144.66656,-37.90031]],[[144.65465,-37.90392],[144.65413,-37.90303]],[[144.66125,-37.90278],[144.66279,-37.90189]],[[144.64479,-37.90814],[144.64671,-37.90596],[144.65277,-37.90302]],[[144.6666,-37.90042],[144.66619,-37.9006]],[[144.66706,-37.90007],[144.66988,-37.89866]],[[144.655,-37.90478],[144.65517,-37.90441]],[[144.66553,-37.90076],[144.66571,-37.90032]],[[144.66554,-37.90088],[144.66298,-37.90191]],[[144.65853,-37.90426],[144.6586,-37.90434]],[[144.6565,-37.90535],[144.65585,-37.90492]],[[144.66553,-37.90076],[144.666,-37.90057]],[[144.66286,-37.90198],[144.66089,-37.90307]],[[144.65781,-37.90478],[144.6565,-37.90535]],[[144.66291,-37.90183],[144.66526,-37.90087]],[[144.65386,-37.90264],[144.65399,-37.90266]],[[144.65392,-37.90276],[144.65277,-37.90302]],[[144.65392,-37.90276],[144.65386,-37.90264]],[[144.65399,-37.90266],[144.65392,-37.90276]],[[144.666,-37.90057],[144.66613,-37.90051]],[[144.66298,-37.90191],[144.66286,-37.90198]],[[144.66291,-37.90183],[144.66298,-37.90191]],[[144.66279,-37.90189],[144.66291,-37.90183]],[[144.6607,-37.90307],[144.66076,-37.90314]],[[144.66089,-37.90307],[144.66076,-37.90314]],[[144.66076,-37.90314],[144.6586,-37.90434]],[[144.6607,-37.90307],[144.66125,-37.90278]],[[144.65853,-37.90426],[144.6607,-37.90307]],[[144.6586,-37.90434],[144.65781,-37.90478]],[[144.65837,-37.90436],[144.65853,-37.90426]],[[144.66526,-37.90087],[144.66553,-37.90076]],[[144.66619,-37.9006],[144.66607,-37.90066]],[[144.66607,-37.90066],[144.66554,-37.90088]],[[144.66656,-37.90031],[144.66706,-37.90007]],[[144.65773,-37.90471],[144.65781,-37.90478]],[[144.65996,-37.90349],[144.66001,-37.90354]],[[144.65943,-37.90386],[144.65937,-37.90381]],[[144.66221,-37.90223],[144.66228,-37.90231]],[[144.66286,-37.90198],[144.66279,-37.90189]],[[144.65543,-37.90454],[144.65465,-37.90392]],[[144.66941,-37.89908],[144.66792,-37.89981]],[[144.66792,-37.89981],[144.66713,-37.90018]],[[144.6668,-37.90033],[144.6666,-37.90042]],[[144.66713,-37.90018],[144.6668,-37.90033]],[[144.65635,-37.90517],[144.6565,-37.90535]],[[144.65614,-37.90506],[144.65635,-37.90517]],[[144.65635,-37.90517],[144.6565,-37.9052]],[[144.65585,-37.90492],[144.65543,-37.90454]],[[144.65552,-37.90446],[144.65614,-37.90506]],[[144.65514,-37.90428],[144.65552,-37.90446]]]}}