{"n":{"rail":[[[144.65032,-37.90366],[144.61575,-37.91708]],[[144.61579,-37.91712],[144.65035,-37.90371]]],"freeway":[[[144.65713,-37.92022],[144.65702,-37.92026]],[[144.65801,-37.91992],[144.65713,-37.92022]],[[144.65702,-37.92001],[144.6579,-37.91971]],[[144.6579,-37.91971],[144.65841,-37.91955]],[[144.65889,-37.91963],[144.65801,-37.91992]],[[144.65702,-37.92026],[144.64713,-37.92358]],[[144.64579,-37.92386],[144.65024,-37.92231]],[[144.65024,-37.92231],[144.65702,-37.92001]],[[144.64713,-37.92358],[144.64179,-37.92543]],[[144.6763,-37.91369],[144.65889,-37.91963]],[[144.65841,-37.91955],[144.67487,-37.91394]]]}}