{"n":{"rail":[[[145.27363,-37.80075],[145.27335,-37.80116]],[[145.2733,-37.80114],[145.27358,-37.80074]],[[145.28422,-37.79328],[145.27843,-37.7966]],[[145.2784,-37.79654],[145.28428,-37.79316]],[[145.27358,-37.80074],[145.27531,-37.79861],[145.27746,-37.79715]],[[145.27793,-37.79693],[145.27521,-37.79876],[145.27363,-37.80075]],[[145.27843,-37.7966],[145.27793,-37.79693]],[[145.27746,-37.79715],[145.2784,-37.79654]],[[145.27335,-37.80116],[145.2715,-37.80354],[145.26634,-37.80706]],[[145.26634,-37.80702],[145.27118,-37.80375],[145.2733,-37.80114]]],"freeway":[[[145.26587,-37.79003],[145.26595,-37.79016]],[[145.27341,-37.78758],[145.26353,-37.7912]],[[145.25737,-37.79536],[145.26322,-37.79124]],[[145.26948,-37.78878],[145.27335,-37.78744]],[[145.26334,-37.79133],[145.26322,-37.79142]],[[145.26322,-37.79142],[145.25741,-37.79549]],[[145.26353,-37.7912],[145.26334,-37.79133]],[[145.26322,-37.79124],[145.26948,-37.78878]],[[145.26338,-37.79131],[145.26322,-37.79124]]]}}