{"n":{"rail":[[[145.28126,-38.10014],[145.27897,-38.09858]],[[145.28066,-38.09962],[145.28018,-38.09921]],[[145.28038,-38.0994],[145.28013,-38.0992]],[[145.28013,-38.0992],[145.27808,-38.09771]],[[145.2799,-38.09902],[145.27804,-38.09774]],[[145.28018,-38.09921],[145.27816,-38.09763]],[[145.27996,-38.09898],[145.27812,-38.09767]],[[145.28018,-38.09921],[145.27822,-38.09763]],[[145.28013,-38.0992],[145.27801,-38.09777]],[[145.27844,-38.09819],[145.28234,-38.10067]],[[145.27943,-38.09885],[145.27897,-38.09858]],[[145.27844,-38.09819],[145.27885,-38.0985]],[[145.27897,-38.09858],[145.27885,-38.0985]],[[145.27885,-38.0985],[145.27633,-38.09601]],[[145.27633,-38.09601],[145.26497,-38.08108]],[[145.26451,-38.08036],[145.27732,-38.0972],[145.27844,-38.09819]]],"freeway":[[[145.28308,-38.08371],[145.28293,-38.08325]],[[145.28316,-38.08328],[145.28014,-38.08285]],[[145.27901,-38.08247],[145.28179,-38.08295]],[[145.28014,-38.08285],[145.27923,-38.08267]],[[145.28179,-38.08295],[145.28305,-38.08311]],[[145.28305,-38.08311],[145.28327,-38.08314]],[[145.28339,-38.08331],[145.28316,-38.08328]]]}}