{"n":{"rail":[[[145.26222,-38.07747],[145.2534,-38.06554]],[[145.25342,-38.06549],[145.26207,-38.07715]],[[145.27633,-38.09601],[145.26497,-38.08108]],[[145.26451,-38.08036],[145.27732,-38.0972]],[[145.26228,-38.07744],[145.26448,-38.08032]],[[145.26444,-38.08038],[145.26231,-38.07759]],[[145.26497,-38.08108],[145.26447,-38.08042]],[[145.26448,-38.08032],[145.26451,-38.08036]],[[145.26447,-38.08042],[145.26444,-38.08038]],[[145.26231,-38.07759],[145.26222,-38.07747]],[[145.26207,-38.07715],[145.26228,-38.07744]]],"freeway":[[[145.27889,-38.08261],[145.27802,-38.08247]],[[145.27839,-38.08236],[145.27876,-38.08243]],[[145.27675,-38.08213],[145.27839,-38.08236]],[[145.27661,-38.08228],[145.27635,-38.08225]],[[145.27617,-38.08155],[145.27675,-38.08213]],[[145.27624,-38.08206],[145.2765,-38.0821]],[[145.26776,-38.06866],[145.26793,-38.06858]],[[145.27125,-38.07416],[145.26776,-38.06866]],[[145.2715,-38.07421],[145.27503,-38.07976]],[[145.27512,-38.08026],[145.27132,-38.07425]],[[145.2765,-38.0821],[145.27661,-38.08228]],[[145.26694,-38.06736],[145.26665,-38.06695]],[[145.26793,-38.06858],[145.27143,-38.07411]],[[145.27608,-38.0818],[145.27577,-38.0813]],[[145.2715,-38.07421],[145.27132,-38.07425]],[[145.27719,-38.08237],[145.27679,-38.08231]],[[145.26304,-38.05868],[145.26622,-38.06581]],[[145.27617,-38.08155],[145.27643,-38.08198]],[[145.27125,-38.07416],[145.27143,-38.07411]],[[145.27635,-38.08225],[145.27624,-38.08206]],[[145.27143,-38.07411],[145.2715,-38.07421]],[[145.27901,-38.08247],[145.27899,-38.08263]],[[145.27569,-38.08077],[145.27608,-38.08139]],[[145.27132,-38.07425],[145.27125,-38.07416]],[[145.27577,-38.0813],[145.27512,-38.08026]],[[145.27624,-38.08206],[145.27608,-38.0818]],[[145.2765,-38.0821],[145.27675,-38.08213]],[[145.27608,-38.08139],[145.27617,-38.08155]],[[145.266,-38.06588],[145.26306,-38.05936]],[[145.26776,-38.06866],[145.26694,-38.06736]],[[145.26665,-38.06695],[145.26603,-38.06595]],[[145.27889,-38.08261],[145.27901,-38.08247]],[[145.26603,-38.06595],[145.266,-38.06588]],[[145.26622,-38.06581],[145.26631,-38.06598]],[[145.26631,-38.06598],[145.26603,-38.06595]],[[145.266,-38.06588],[145.26622,-38.06581]],[[145.26631,-38.06598],[145.26793,-38.06858]],[[145.27679,-38.08231],[145.27661,-38.08228]],[[145.27923,-38.08267],[145.27899,-38.08263]],[[145.27876,-38.08243],[145.27901,-38.08247]],[[145.27901,-38.08247],[145.28179,-38.08295]],[[145.27643,-38.08198],[145.2765,-38.0821]],[[145.27899,-38.08263],[145.27889,-38.08261]],[[145.27802,-38.08247],[145.27719,-38.08237]],[[145.28014,-38.08285],[145.27923,-38.08267]],[[145.27503,-38.07976],[145.27569,-38.08077]]]}}