{"n":{"rail":[[[145.26813,-38.01774],[145.26045,-38.01673]],[[145.26049,-38.0167],[145.26813,-38.01768]],[[145.28695,-38.01964],[145.27272,-38.01825]],[[145.27272,-38.01818],[145.28695,-38.0196]],[[145.26813,-38.01768],[145.27272,-38.01818]],[[145.27272,-38.01825],[145.26813,-38.01774]]],"freeway":[[[145.27963,-38.00915],[145.28965,-38.01393]],[[145.28976,-38.0142],[145.27985,-38.00949]]]}}