{"n":{"rail":[[[144.91828,-37.7078],[144.92232,-37.72023],[144.92768,-37.72897],[144.92936,-37.73762]],[[144.92932,-37.73762],[144.92764,-37.72898],[144.92226,-37.72019],[144.91823,-37.70781]]],"freeway":[[[144.92104,-37.73308],[144.92348,-37.73343]],[[144.92397,-37.73274],[144.92465,-37.73341]],[[144.92559,-37.73512],[144.92539,-37.73545]],[[144.9275,-37.73477],[144.9282,-37.73521]],[[144.92494,-37.734],[144.92355,-37.73362]],[[144.92481,-37.73379],[144.92823,-37.73543]],[[144.92348,-37.73343],[144.92481,-37.73379]],[[144.92827,-37.73575],[144.92494,-37.734]],[[144.92823,-37.73543],[144.92938,-37.73637]],[[144.92944,-37.73679],[144.92827,-37.73575]],[[144.91844,-37.73297],[144.91509,-37.73267],[144.91247,-37.73293]],[[144.92484,-37.73335],[144.9275,-37.73477]],[[144.92365,-37.73308],[144.92484,-37.73335]],[[144.92807,-37.73647],[144.92682,-37.73578]],[[144.92891,-37.73572],[144.92934,-37.73615]],[[144.9282,-37.73521],[144.92891,-37.73572]],[[144.92426,-37.73334],[144.92465,-37.73341]],[[144.91441,-37.73247],[144.91844,-37.73275]],[[144.91247,-37.73293],[144.90476,-37.7355]],[[144.92543,-37.73377],[144.9275,-37.73477]],[[144.90464,-37.73533],[144.91072,-37.73313]],[[144.92699,-37.73519],[144.92494,-37.734]],[[144.92559,-37.73512],[144.92511,-37.73495]],[[144.92109,-37.73329],[144.91844,-37.73297]],[[144.92355,-37.73362],[144.92173,-37.73337]],[[144.91844,-37.73275],[144.92104,-37.73308]],[[144.92465,-37.73341],[144.92543,-37.73377]],[[144.91215,-37.73258],[144.91542,-37.73233],[144.92001,-37.73283]],[[144.90726,-37.7343],[144.91105,-37.73291]],[[144.92173,-37.73337],[144.92109,-37.73329]],[[144.90872,-37.7336],[144.91215,-37.73258]],[[144.91247,-37.73293],[144.9077,-37.73469]],[[144.92682,-37.73578],[144.92559,-37.73512]],[[144.91072,-37.73313],[144.91441,-37.73247]],[[144.92768,-37.73579],[144.92699,-37.73519]],[[144.91105,-37.73291],[144.9131,-37.73261]],[[144.92891,-37.73572],[144.92931,-37.73601]],[[144.92001,-37.73283],[144.92365,-37.73308]],[[144.92824,-37.73617],[144.92768,-37.73579]]]}}