{"n":{"rail":[[[144.91649,-37.68924],[144.91627,-37.6898]],[[144.91627,-37.6898],[144.91535,-37.69554],[144.91145,-37.70047]],[[144.9179,-37.68532],[144.91645,-37.68843],[144.91575,-37.69118],[144.91557,-37.69405]],[[144.91065,-37.70133],[144.91145,-37.70047]],[[144.91557,-37.69405],[144.91585,-37.69053],[144.91701,-37.68656],[144.91786,-37.68531]],[[144.91824,-37.68477],[144.91867,-37.68428]],[[144.91927,-37.68346],[144.91805,-37.68487]],[[144.92019,-37.68234],[144.9176,-37.6858],[144.91653,-37.68864],[144.9157,-37.69799],[144.91653,-37.70212]],[[144.92137,-37.68111],[144.9176,-37.68594],[144.91649,-37.68924]],[[144.91145,-37.70047],[144.90541,-37.70736]],[[144.91065,-37.70133],[144.91487,-37.69633],[144.91557,-37.69405]],[[144.91649,-37.70213],[144.91565,-37.69796],[144.91649,-37.68859],[144.91758,-37.68576],[144.92033,-37.68211]],[[144.9191,-37.68367],[144.91879,-37.68413]]],"freeway":[[[144.92307,-37.69446],[144.91627,-37.69451]],[[144.915,-37.69422],[144.91628,-37.69438]],[[144.91628,-37.69438],[144.92307,-37.69431]],[[144.91627,-37.69451],[144.91497,-37.69435]],[[144.91087,-37.69397],[144.90757,-37.69374]],[[144.9126,-37.69379],[144.91387,-37.69387]],[[144.91387,-37.69387],[144.91529,-37.69368]],[[144.91514,-37.69522],[144.91503,-37.69476]],[[144.90805,-37.69359],[144.91382,-37.69408]],[[144.91518,-37.69464],[144.91496,-37.69469]],[[144.91093,-37.69412],[144.90753,-37.69383]],[[144.91379,-37.69453],[144.91093,-37.69412]],[[144.91503,-37.69476],[144.91496,-37.69469]],[[144.92307,-37.69431],[144.92708,-37.69404]],[[144.92708,-37.69404],[144.93808,-37.69312]],[[144.92707,-37.6942],[144.92307,-37.69446]],[[144.93812,-37.69327],[144.92707,-37.6942]],[[144.91382,-37.69408],[144.915,-37.69422]],[[144.91497,-37.69435],[144.91385,-37.69422]],[[144.91387,-37.69387],[144.91526,-37.69396]],[[144.90811,-37.69346],[144.9126,-37.69379]],[[144.91496,-37.69469],[144.91379,-37.69453]],[[144.91385,-37.69422],[144.91087,-37.69397]]]}}