{"n":{"rail":[[[144.92768,-37.72897],[144.92936,-37.73762]],[[144.92941,-37.73797],[144.92924,-37.74061],[144.92798,-37.74293],[144.92598,-37.74465],[144.91996,-37.74798],[144.91802,-37.75023],[144.91673,-37.75326]],[[144.92936,-37.73762],[144.92941,-37.73797]],[[144.91673,-37.75326],[144.91683,-37.75287]],[[144.91659,-37.75355],[144.91776,-37.75059],[144.91957,-37.74829],[144.92161,-37.74675],[144.92621,-37.74447],[144.928,-37.74283],[144.9292,-37.7406],[144.92937,-37.738]],[[144.92937,-37.738],[144.92932,-37.73762]],[[144.92932,-37.73762],[144.92764,-37.72898]],[[144.91673,-37.75326],[144.91662,-37.75359]]],"tram":[[[144.88933,-37.73605],[144.90998,-37.7444]],[[144.91001,-37.74445],[144.8893,-37.73607]],[[144.90998,-37.7444],[144.91762,-37.75495]],[[144.91759,-37.75498],[144.91001,-37.74445]],[[144.9106,-37.74509],[144.91078,-37.74528]]],"freeway":[[[144.92938,-37.73637],[144.93045,-37.73788],[144.93124,-37.74039],[144.93262,-37.74213]],[[144.93039,-37.73694],[144.92898,-37.73647]],[[144.92823,-37.73543],[144.92938,-37.73637]],[[144.92944,-37.73679],[144.92827,-37.73575]],[[144.92898,-37.73647],[144.92824,-37.73617]],[[144.93043,-37.73852],[144.92965,-37.73746]],[[144.92807,-37.73647],[144.92682,-37.73578]],[[144.92965,-37.73746],[144.92807,-37.73647]],[[144.93234,-37.74214],[144.93107,-37.74053],[144.93024,-37.73794],[144.92944,-37.73679]],[[144.92931,-37.73601],[144.93005,-37.73651]],[[144.92891,-37.73572],[144.92934,-37.73615]],[[144.93005,-37.73651],[144.93248,-37.7375]],[[144.932,-37.73749],[144.93039,-37.73694]],[[144.93007,-37.73696],[144.93182,-37.74101]],[[144.92934,-37.73615],[144.93007,-37.73696]],[[144.92891,-37.73572],[144.92931,-37.73601]],[[144.92824,-37.73617],[144.92768,-37.73579]]]}}