{"n":{"rail":[[[144.91779,-37.7836],[144.92565,-37.78391],[144.92768,-37.78492],[144.92884,-37.78657]],[[144.91741,-37.78359],[144.91779,-37.7836]],[[144.92286,-37.77674],[144.92307,-37.77698]],[[144.92307,-37.77698],[144.92328,-37.77721]],[[144.92273,-37.77658],[144.92286,-37.77674]],[[144.92328,-37.77721],[144.92727,-37.78184],[144.92884,-37.78657]],[[144.92917,-37.78798],[144.92924,-37.78826]],[[144.92881,-37.78664],[144.92767,-37.78495],[144.92564,-37.78396],[144.91782,-37.78364]],[[144.91691,-37.78361],[144.91632,-37.78356]],[[144.91691,-37.78361],[144.91328,-37.78351]],[[144.91782,-37.78364],[144.91744,-37.78363]],[[144.91328,-37.78351],[144.91392,-37.7835]],[[144.92913,-37.78797],[144.92881,-37.78664]],[[144.9228,-37.77674],[144.92269,-37.77661]],[[144.92306,-37.77704],[144.9228,-37.77674]],[[144.92327,-37.77728],[144.92306,-37.77704]],[[144.9292,-37.78826],[144.92913,-37.78797]],[[144.91328,-37.78351],[144.91111,-37.7839],[144.90954,-37.78512]],[[144.91392,-37.7835],[144.91632,-37.78356]],[[144.90931,-37.78541],[144.91118,-37.78384],[144.91392,-37.7835]],[[144.91632,-37.78356],[144.91741,-37.78359]],[[144.92881,-37.78664],[144.92724,-37.78188],[144.92327,-37.77728]],[[144.92884,-37.78657],[144.92917,-37.78798]],[[144.92269,-37.77661],[144.92092,-37.7734],[144.91917,-37.76573]],[[144.9193,-37.76599],[144.92108,-37.77374],[144.92273,-37.77658]],[[144.91744,-37.78363],[144.91691,-37.78361]]],"tram":[[[144.93727,-37.7889],[144.92151,-37.78743]],[[144.92155,-37.7874],[144.93728,-37.78887]],[[144.91589,-37.77172],[144.9016,-37.77012]],[[144.90161,-37.77009],[144.91597,-37.77171]],[[144.91597,-37.77171],[144.92049,-37.77219]],[[144.92049,-37.77219],[144.92077,-37.77222]],[[144.92078,-37.77225],[144.9205,-37.77222]],[[144.92385,-37.77249],[144.92451,-37.76907]],[[144.9205,-37.77222],[144.91589,-37.77172]],[[144.92487,-37.76702],[144.92387,-37.77253]],[[144.93103,-37.77911],[144.93089,-37.77901]],[[144.93071,-37.77889],[144.93089,-37.77901]],[[144.93136,-37.77977],[144.9313,-37.77953]],[[144.9313,-37.77953],[144.93138,-37.77973]],[[144.93089,-37.77901],[144.93065,-37.77888]],[[144.9336,-37.7823],[144.93136,-37.77977]],[[144.92077,-37.77222],[144.92385,-37.77249]],[[144.92387,-37.77253],[144.92078,-37.77225]],[[144.91479,-37.78057],[144.92155,-37.7874]],[[144.92151,-37.78743],[144.91653,-37.78248]],[[144.91472,-37.78056],[144.91495,-37.77905]],[[144.91589,-37.77355],[144.91479,-37.78057]],[[144.92487,-37.76702],[144.92709,-37.77307],[144.92974,-37.77747]],[[144.93065,-37.77888],[144.92705,-37.77308],[144.92483,-37.76702]],[[144.93136,-37.77977],[144.93065,-37.77888]],[[144.93071,-37.77889],[144.93138,-37.77973]],[[144.91597,-37.77171],[144.91589,-37.77355]],[[144.93129,-37.77949],[144.93143,-37.7791]],[[144.93128,-37.77933],[144.93145,-37.77913]],[[144.93128,-37.77936],[144.93147,-37.77916]],[[144.93125,-37.77938],[144.93135,-37.77901]],[[144.9312,-37.77922],[144.93137,-37.77904]],[[144.9312,-37.77925],[144.93139,-37.77906]],[[144.93135,-37.77901],[144.93188,-37.77875]],[[144.93137,-37.77904],[144.9319,-37.77878]],[[144.93139,-37.77906],[144.93192,-37.7788]],[[144.93143,-37.7791],[144.93195,-37.77884]],[[144.93147,-37.77916],[144.93199,-37.77889]],[[144.93145,-37.77913],[144.93197,-37.77887]],[[144.93117,-37.77929],[144.9312,-37.77895]],[[144.93113,-37.77913],[144.93123,-37.77898]],[[144.93113,-37.77916],[144.93125,-37.77901]],[[144.93125,-37.77901],[144.93185,-37.77871]],[[144.93123,-37.77898],[144.93183,-37.77868]],[[144.9312,-37.77895],[144.93181,-37.77866]],[[144.93114,-37.77886],[144.93174,-37.77857]],[[144.93115,-37.77889],[144.93175,-37.77859]],[[144.93106,-37.77903],[144.93115,-37.77889]],[[144.93108,-37.77918],[144.93114,-37.77886]],[[144.93106,-37.77907],[144.93117,-37.77891]],[[144.93117,-37.77891],[144.93177,-37.77861]],[[144.93101,-37.7787],[144.9316,-37.7784]],[[144.93102,-37.77871],[144.93162,-37.77842]],[[144.93092,-37.77883],[144.93102,-37.77871]],[[144.93094,-37.779],[144.93101,-37.7787]],[[144.93091,-37.77886],[144.93104,-37.77873]],[[144.93104,-37.77873],[144.93164,-37.77844]],[[144.931,-37.77907],[144.93106,-37.77877]],[[144.93106,-37.77877],[144.93167,-37.77848]],[[144.93108,-37.77879],[144.93168,-37.7785]],[[144.9311,-37.77881],[144.9317,-37.77852]],[[144.93098,-37.77894],[144.9311,-37.77881]],[[144.93098,-37.77891],[144.93108,-37.77879]],[[144.9307,-37.77854],[144.93132,-37.77816]],[[144.93069,-37.77857],[144.93134,-37.77819]],[[144.93078,-37.77879],[144.93137,-37.77821]],[[144.93076,-37.77863],[144.93139,-37.77824]],[[144.93075,-37.77866],[144.9314,-37.77826]],[[144.9313,-37.77814],[144.93069,-37.77862],[144.9313,-37.77953]],[[144.91653,-37.78248],[144.91472,-37.78056]],[[144.91496,-37.77925],[144.91495,-37.77905]],[[144.91499,-37.77904],[144.91496,-37.77925]],[[144.91496,-37.77925],[144.9149,-37.77982]],[[144.92974,-37.77747],[144.93071,-37.77889]],[[144.93138,-37.77973],[144.93255,-37.78113]],[[144.91495,-37.77905],[144.91613,-37.77191],[144.91589,-37.77172]]],"freeway":[[[144.92529,-37.78765],[144.92518,-37.78776]],[[144.92818,-37.78794],[144.92862,-37.78801]],[[144.92518,-37.78776],[144.92466,-37.78804]],[[144.92362,-37.7887],[144.92466,-37.78804]],[[144.92518,-37.78776],[144.92504,-37.78774]],[[144.92504,-37.78774],[144.92529,-37.78765]],[[144.92873,-37.78813],[144.92824,-37.78808]],[[144.928,-37.78805],[144.92754,-37.78801]],[[144.92751,-37.78788],[144.92818,-37.78794]],[[144.9256,-37.7878],[144.92518,-37.78776]],[[144.92666,-37.78779],[144.92751,-37.78788]],[[144.92466,-37.78804],[144.92492,-37.78782]],[[144.92535,-37.78766],[144.92666,-37.78779]],[[144.92692,-37.78793],[144.92664,-37.7879]],[[144.92754,-37.78801],[144.92692,-37.78793]],[[144.92664,-37.7879],[144.92666,-37.78779]],[[144.92529,-37.78765],[144.92535,-37.78766]],[[144.92492,-37.78782],[144.92504,-37.78774]],[[144.92886,-37.78805],[144.92924,-37.78812]],[[144.92862,-37.78801],[144.92886,-37.78805]],[[144.92664,-37.7879],[144.9256,-37.7878]],[[144.92824,-37.78808],[144.928,-37.78805]],[[144.92826,-37.78795],[144.92824,-37.78808]]]}}