{"n":{"rail":[[[144.91662,-37.75359],[144.9165,-37.75394]],[[144.91637,-37.75924],[144.91635,-37.75879]],[[144.91647,-37.7539],[144.91659,-37.75355]],[[144.91659,-37.75355],[144.91776,-37.75059]],[[144.92092,-37.7734],[144.91917,-37.76573],[144.91668,-37.76071],[144.91602,-37.75621],[144.91647,-37.7539]],[[144.91635,-37.75879],[144.91701,-37.76158],[144.9193,-37.76599],[144.92108,-37.77374]],[[144.91633,-37.75859],[144.91634,-37.75447]],[[144.9163,-37.75835],[144.91618,-37.75774]],[[144.9165,-37.75394],[144.9162,-37.75514],[144.91635,-37.75879]],[[144.91673,-37.75326],[144.91662,-37.75359]]],"tram":[[[144.92503,-37.7661],[144.92643,-37.75819],[144.92604,-37.75598]],[[144.91589,-37.77172],[144.9016,-37.77012]],[[144.90161,-37.77009],[144.91597,-37.77171]],[[144.92385,-37.77249],[144.92451,-37.76907]],[[144.92487,-37.76702],[144.92387,-37.77253]],[[144.92511,-37.76567],[144.92512,-37.76586]],[[144.92607,-37.75595],[144.92646,-37.75822],[144.92503,-37.76625]],[[144.92483,-37.76702],[144.92485,-37.76666]],[[144.92495,-37.76643],[144.92487,-37.76702]],[[144.92509,-37.76557],[144.92502,-37.76595]],[[144.92502,-37.76595],[144.92503,-37.76625]],[[144.92499,-37.76622],[144.92502,-37.76595]],[[144.90998,-37.7444],[144.91762,-37.75495]],[[144.91759,-37.75498],[144.91001,-37.74445]],[[144.91762,-37.75495],[144.91736,-37.7548]],[[144.92604,-37.75598],[144.91759,-37.75498]],[[144.91762,-37.75495],[144.92607,-37.75595]],[[144.92491,-37.7664],[144.92499,-37.76622]],[[144.92503,-37.76625],[144.92495,-37.76643]],[[144.92487,-37.76702],[144.92709,-37.77307]],[[144.92705,-37.77308],[144.92483,-37.76702]],[[144.92499,-37.76622],[144.92503,-37.7661]],[[144.92482,-37.76713],[144.92483,-37.76702]],[[144.92462,-37.76846],[144.92482,-37.76713]],[[144.92451,-37.76907],[144.92462,-37.76846]],[[144.92485,-37.76666],[144.92491,-37.7664]]]}}