{"t":[{"r":"HEALESVILLE-KINGLAKE ROAD","v":808,"h":9,"c":[[145.37038,-37.53994],[145.37302,-37.53745],[145.37592,-37.53714],[145.37783,-37.53651],[145.37868,-37.53662],[145.38085,-37.53826],[145.38156,-37.53831],[145.38322,-37.53686],[145.38507,-37.53588],[145.38583,-37.53579],[145.38708,-37.53655],[145.38768,-37.53792],[145.38934,-37.53881],[145.38976,-37.54],[145.39333,-37.54092]]},{"r":"HEALESVILLE-KINGLAKE ROAD","v":802,"h":9,"c":[[145.39333,-37.54092],[145.38976,-37.54],[145.38934,-37.53881],[145.38768,-37.53792],[145.38708,-37.53655],[145.38583,-37.53579],[145.38507,-37.53588],[145.38322,-37.53686],[145.38156,-37.53831],[145.38067,-37.53817],[145.37868,-37.53662],[145.3776,-37.53655],[145.37567,-37.53719],[145.37302,-37.53745],[145.37038,-37.53994]]}]}