{"t":[{"r":"MELBA HIGHWAY","v":4783,"h":17,"c":[[145.37539,-37.69092],[145.37761,-37.68376],[145.37828,-37.6803],[145.38152,-37.67352],[145.38172,-37.67238],[145.38104,-37.67099],[145.37437,-37.66134]]},{"r":"MELBA HIGHWAY","v":4758,"h":13,"c":[[145.37437,-37.66134],[145.38172,-37.67221],[145.3816,-37.67335],[145.37834,-37.68014],[145.37761,-37.68376],[145.37539,-37.69092]]}]}