{"t":[{"r":"MAROONDAH HIGHWAY","v":4702,"h":9,"c":[[145.38488,-37.71929],[145.38659,-37.71736],[145.38709,-37.714],[145.38858,-37.7123],[145.40827,-37.70695]]},{"r":"MELBA HIGHWAY","v":2668,"h":22,"c":[[145.37932,-37.7204],[145.38424,-37.69274]]},{"r":"MELBA HIGHWAY","v":2563,"h":16,"c":[[145.38424,-37.69274],[145.37932,-37.7204]]},{"r":"MAROONDAH HIGHWAY","v":4767,"h":5,"c":[[145.40827,-37.70695],[145.38858,-37.7123],[145.38709,-37.714],[145.38659,-37.71736],[145.38488,-37.71929]]}]}