{"t":[{"r":"STEELS CREEK ROAD","v":360,"h":6,"c":[[145.37091,-37.61689],[145.37209,-37.6198],[145.3723,-37.62427],[145.37348,-37.62704],[145.3736,-37.62954],[145.37318,-37.63169]]},{"r":"STEELS CREEK ROAD","v":347,"h":6,"c":[[145.37091,-37.61689],[145.37209,-37.6198],[145.3723,-37.62427],[145.37348,-37.62704],[145.3736,-37.62954],[145.37318,-37.63169]]}]}