{"t":[{"r":"MOUNT DANDENONG TOURIST ROAD","v":4538,"h":9,"c":[[145.37086,-37.81024],[145.37174,-37.80975],[145.37247,-37.80983],[145.3744,-37.81138],[145.37559,-37.81138],[145.37816,-37.80938],[145.37882,-37.80918],[145.37983,-37.80939],[145.38121,-37.81055],[145.38102,-37.81151],[145.37954,-37.81262],[145.37901,-37.81366],[145.37908,-37.81413],[145.37957,-37.81444],[145.38083,-37.81457],[145.38209,-37.81547],[145.38194,-37.81624],[145.38044,-37.81789],[145.37968,-37.81804],[145.37825,-37.81756],[145.37633,-37.81786],[145.37313,-37.81774],[145.36913,-37.81723]]},{"r":"MOUNT DANDENONG TOURIST ROAD","v":4992,"h":9,"c":[[145.36913,-37.81723],[145.37294,-37.81775],[145.37633,-37.81786],[145.37825,-37.81756],[145.37968,-37.81804],[145.38037,-37.81791],[145.38194,-37.81624],[145.38209,-37.81547],[145.38083,-37.81457],[145.37957,-37.81444],[145.37908,-37.81413],[145.37901,-37.81366],[145.37954,-37.81262],[145.38102,-37.81151],[145.38121,-37.81055],[145.37983,-37.80939],[145.37882,-37.80918],[145.37816,-37.80938],[145.37575,-37.81129],[145.3744,-37.81138],[145.37247,-37.80983],[145.37174,-37.80975],[145.37086,-37.81024]]}]}