{"t":[{"r":"OLINDA-MONBULK ROAD","v":1575,"h":7,"c":[[145.36913,-37.8545],[145.37193,-37.85411],[145.37343,-37.8551],[145.37364,-37.8568],[145.37524,-37.85814]]},{"r":"FALLS ROAD","v":3717,"h":6,"c":[[145.37084,-37.84427],[145.37145,-37.84637],[145.37191,-37.84905],[145.37007,-37.84993]]},{"r":"OLINDA-MONBULK ROAD","v":1528,"h":7,"c":[[145.37532,-37.85824],[145.37364,-37.8568],[145.37343,-37.8551],[145.37193,-37.85411],[145.36913,-37.8545]]},{"r":"FALLS ROAD","v":3717,"h":6,"c":[[145.37084,-37.84427],[145.37145,-37.84637],[145.37191,-37.84905],[145.37007,-37.84993]]}]}