{"t":[{"r":"OLD PRINCES HIGHWAY","v":6815,"h":9,"c":[[145.36896,-38.04692],[145.37469,-38.05149]]},{"r":"BEACONSFIELD-EMERALD ROAD","v":4795,"h":8,"c":[[145.37774,-38.02893],[145.37216,-38.0349],[145.36675,-38.04413]]},{"r":"OLD PRINCES HIGHWAY","v":9596,"h":10,"c":[[145.37469,-38.05149],[145.36896,-38.04692]]},{"r":"BEACONSFIELD-EMERALD ROAD","v":4795,"h":8,"c":[[145.36675,-38.04413],[145.37216,-38.0349],[145.37774,-38.02893]]}]}