{"t":[{"r":"PRINCES FREEWAY","v":30949,"h":11,"c":[[145.37436,-38.06481],[145.38122,-38.06859],[145.38797,-38.07129],[145.39689,-38.07356]]},{"r":"PRINCES FREEWAY","v":31901,"h":11,"c":[[145.39687,-38.07375],[145.38777,-38.07143],[145.38137,-38.06887],[145.37588,-38.066],[145.37021,-38.06211]]}]}