{"t":[{"r":"WELLINGTON ROAD","v":4994,"h":4,"c":[[145.37093,-37.96024],[145.37786,-37.95854],[145.38161,-37.95641],[145.38442,-37.95441],[145.38512,-37.95285],[145.38509,-37.95107],[145.38381,-37.94825],[145.38252,-37.94078]]},{"r":"WELLINGTON ROAD","v":5287,"h":6,"c":[[145.38252,-37.94078],[145.38381,-37.94825],[145.38509,-37.95107],[145.38512,-37.95285],[145.38442,-37.95441],[145.37786,-37.95854],[145.37093,-37.96024]]}]}