{"t":[{"r":"BOUNDARY ROAD","v":792,"h":6,"c":[[145.38262,-37.97545],[145.38202,-37.97525],[145.3795,-37.97267],[145.3781,-37.97284],[145.37808,-37.9739],[145.37751,-37.97473],[145.36681,-37.97347]]},{"r":"MANESTAR ROAD","v":792,"h":6,"c":[[145.38263,-37.97545],[145.38559,-37.97555],[145.38673,-37.9762],[145.38725,-37.97695],[145.39009,-37.97781],[145.3925,-37.97958]]},{"r":"MANESTAR ROAD","v":836,"h":6,"c":[[145.38263,-37.97545],[145.38559,-37.97555],[145.38673,-37.9762],[145.38725,-37.97695],[145.39009,-37.97781],[145.3925,-37.97958]]},{"r":"BOUNDARY ROAD","v":836,"h":6,"c":[[145.38262,-37.97545],[145.38202,-37.97525],[145.3795,-37.97267],[145.3781,-37.97284],[145.37808,-37.9739],[145.37751,-37.97473],[145.36681,-37.97347]]}]}