{"t":[{"r":"MANESTAR ROAD","v":792,"h":6,"c":[[145.39009,-37.97781],[145.3925,-37.97958],[145.3952,-37.9805]]},{"r":"MANESTAR ROAD","v":836,"h":6,"c":[[145.39009,-37.97781],[145.3925,-37.97958],[145.3952,-37.9805]]}]}