{"t":[{"r":"TOORADIN STATION ROAD","v":3717,"h":6,"c":[[145.38882,-38.19283],[145.3882,-38.19548],[145.38661,-38.1987],[145.38346,-38.20212],[145.38079,-38.20693]]},{"r":"TOORADIN STATION ROAD","v":3717,"h":6,"c":[[145.38882,-38.19283],[145.3882,-38.19548],[145.38661,-38.1987],[145.38346,-38.20212],[145.38079,-38.20693]]}]}