{"t":[{"r":"PHILLIP ISLAND ROAD","v":5438,"h":8,"c":[[145.37828,-38.5212],[145.38578,-38.52204],[145.39032,-38.52097],[145.39304,-38.52082],[145.41939,-38.52433]]},{"r":"PHILLIP ISLAND ROAD","v":6804,"h":7,"c":[[145.36835,-38.52068],[145.37214,-38.52042],[145.37828,-38.5212]]},{"r":"PHILLIP ISLAND ROAD","v":6924,"h":7,"c":[[145.37828,-38.5212],[145.37214,-38.52042],[145.36835,-38.52068]]},{"r":"PHILLIP ISLAND ROAD","v":5500,"h":8,"c":[[145.41939,-38.52433],[145.39304,-38.52082],[145.39032,-38.52097],[145.38578,-38.52204],[145.37828,-38.5212]]}]}