{"b":[{"h":6,"g":[[144.976175,-37.249047],[144.976256,-37.249061],[144.976262,-37.249026],[144.976185,-37.249014],[144.976175,-37.249047]]},{"h":6,"g":[[144.976127,-37.249212],[144.976204,-37.249228],[144.976215,-37.249191],[144.976134,-37.249178],[144.976127,-37.249212]]}]}