{"b":[{"h":6,"g":[[144.986272,-37.596468],[144.986284,-37.596497],[144.986288,-37.596507],[144.986282,-37.596509],[144.986362,-37.5967],[144.986528,-37.596656],[144.986501,-37.596592],[144.986481,-37.596598],[144.986452,-37.596529],[144.986484,-37.596521],[144.986446,-37.596429],[144.986371,-37.596449],[144.986366,-37.596436],[144.986286,-37.596457],[144.986289,-37.596463],[144.986272,-37.596468]]},{"h":6,"g":[[144.987234,-37.596487],[144.987359,-37.5965],[144.987376,-37.596398],[144.987393,-37.596399],[144.987402,-37.59634],[144.98735,-37.596335],[144.987354,-37.596313],[144.987278,-37.596305],[144.987275,-37.596319],[144.987261,-37.596317],[144.987234,-37.596487]]},{"h":6,"g":[[144.987315,-37.596821],[144.987488,-37.59684],[144.987486,-37.596855],[144.987565,-37.596864],[144.987573,-37.596814],[144.987601,-37.596817],[144.987613,-37.596748],[144.987607,-37.596747],[144.98761,-37.596731],[144.987587,-37.596728],[144.987569,-37.596726],[144.987568,-37.596731],[144.987485,-37.596722],[144.987485,-37.596718],[144.987445,-37.596714],[144.987445,-37.596717],[144.987335,-37.596705],[144.987315,-37.596821]]}]}