{"b":[{"h":6,"g":[[144.990482,-38.352546],[144.990566,-38.352615],[144.990725,-38.352496],[144.990641,-38.352427],[144.990482,-38.352546]]},{"h":6,"g":[[144.980355,-38.34462],[144.980412,-38.344635],[144.98043,-38.344592],[144.980374,-38.344577],[144.980355,-38.34462]]},{"h":6,"g":[[144.980009,-38.345079],[144.980051,-38.34517],[144.98014,-38.345145],[144.980098,-38.345054],[144.980009,-38.345079]]}]}