{"b":[{"h":6,"g":[[144.994211,-38.460696],[144.994461,-38.460732],[144.994486,-38.460624],[144.994236,-38.460589],[144.994211,-38.460696]]},{"h":6,"g":[[144.98947,-38.460708],[144.989525,-38.460751],[144.989684,-38.460627],[144.989629,-38.460584],[144.98947,-38.460708]]},{"h":6,"g":[[144.989289,-38.460539],[144.989466,-38.460682],[144.989566,-38.460606],[144.989389,-38.460463],[144.989289,-38.460539]]}]}