{"b":[{"h":6,"g":[[145.015525,-37.331602],[145.015562,-37.3316],[145.015583,-37.331596],[145.015605,-37.331588],[145.015626,-37.331575],[145.015646,-37.331559],[145.015596,-37.331528],[145.015586,-37.33154],[145.015571,-37.331547],[145.015551,-37.331552],[145.015534,-37.33155],[145.015525,-37.331602]]},{"h":6,"g":[[145.015383,-37.331229],[145.015451,-37.331235],[145.015459,-37.331182],[145.015391,-37.331175],[145.015383,-37.331229]]},{"h":6,"g":[[145.01578,-37.331295],[145.015919,-37.331315],[145.015924,-37.331292],[145.015785,-37.331273],[145.01578,-37.331295]]},{"h":6,"g":[[145.015947,-37.331314],[145.016022,-37.331323],[145.016029,-37.331286],[145.015953,-37.331276],[145.015947,-37.331314]]}]}