{"b":[{"h":6,"g":[[145.002173,-37.474261],[145.002293,-37.474286],[145.002333,-37.474168],[145.002213,-37.474143],[145.002173,-37.474261]]},{"h":6,"g":[[144.998842,-37.472695],[144.999176,-37.472724],[144.999192,-37.472612],[144.998858,-37.472583],[144.998842,-37.472695]]},{"h":6,"g":[[144.998503,-37.472852],[144.998579,-37.472861],[144.998625,-37.472632],[144.998549,-37.472622],[144.998503,-37.472852]]}]}