{"b":[{"h":6,"g":[[145.00819,-37.54473],[145.00823,-37.544793],[145.008271,-37.544795],[145.008285,-37.544777],[145.008246,-37.544744],[145.008239,-37.544704],[145.008206,-37.544705],[145.00819,-37.54473]]},{"h":6,"g":[[145.008815,-37.544912],[145.008964,-37.544928],[145.008956,-37.544978],[145.009026,-37.544985],[145.009021,-37.545015],[145.009134,-37.545026],[145.009142,-37.544976],[145.009156,-37.544977],[145.009174,-37.544868],[145.008947,-37.544844],[145.008953,-37.544806],[145.008835,-37.544794],[145.008815,-37.544912]]}]}