{"b":[{"h":6,"g":[[145.004162,-37.542973],[145.004204,-37.543094],[145.004448,-37.543026],[145.004397,-37.542912],[145.004162,-37.542973]]}]}