{"b":[{"h":6,"g":[[145.012844,-38.267896],[145.012861,-38.267974],[145.012909,-38.268047],[145.012981,-38.268122],[145.013051,-38.268182],[145.0131,-38.268209],[145.013157,-38.268228],[145.013335,-38.268268],[145.013374,-38.268255],[145.013437,-38.268089],[145.013321,-38.268031],[145.013326,-38.268025],[145.013276,-38.267971],[145.013261,-38.267945],[145.013254,-38.267916],[145.013139,-38.26793],[145.013131,-38.267887],[145.012979,-38.26789],[145.01299,-38.267826],[145.013254,-38.267852],[145.013263,-38.267825],[145.013516,-38.267886],[145.013591,-38.267711],[145.013525,-38.267694],[145.013076,-38.267587],[145.012911,-38.267739],[145.012863,-38.267809],[145.012844,-38.267896]]},{"h":6,"g":[[145.013809,-38.267815],[145.013918,-38.267842],[145.013948,-38.267773],[145.013838,-38.267746],[145.013809,-38.267815]]},{"h":6,"g":[[145.013131,-38.267584],[145.013529,-38.26768],[145.013537,-38.26766],[145.013543,-38.267662],[145.01355,-38.26764],[145.013571,-38.267645],[145.013573,-38.26764],[145.013554,-38.267636],[145.013564,-38.267611],[145.013558,-38.26761],[145.013565,-38.267593],[145.013631,-38.267609],[145.013651,-38.267562],[145.0136,-38.26755],[145.013619,-38.267504],[145.01361,-38.267501],[145.01363,-38.267451],[145.013685,-38.267464],[145.013706,-38.26741],[145.013719,-38.267412],[145.013759,-38.267372],[145.013802,-38.267345],[145.013815,-38.26731],[145.013854,-38.267321],[145.013863,-38.267321],[145.01387,-38.267319],[145.013876,-38.267314],[145.01388,-38.267307],[145.013885,-38.26729],[145.013898,-38.267275],[145.013903,-38.267261],[145.013906,-38.267247],[145.013907,-38.267232],[145.013935,-38.267163],[145.014133,-38.267211],[145.014209,-38.267014],[145.013802,-38.266916],[145.013745,-38.26694],[145.01372,-38.267011],[145.013691,-38.267021],[145.013681,-38.267047],[145.013654,-38.267057],[145.013641,-38.267092],[145.013592,-38.267082],[145.013515,-38.267278],[145.013417,-38.267255],[145.013169,-38.267494],[145.013131,-38.267584]]},{"h":3.2,"g":[[145.011154,-38.269354],[145.011444,-38.26962],[145.011267,-38.269744],[145.011347,-38.269819],[145.011422,-38.269763],[145.01141,-38.269748],[145.011486,-38.269694],[145.011515,-38.269718],[145.011833,-38.269502],[145.011452,-38.269156],[145.011393,-38.269196],[145.011443,-38.269246],[145.011269,-38.269361],[145.011208,-38.269315],[145.011154,-38.269354]]}]}