{"b":[{"h":6,"g":[[145.017977,-38.415006],[145.018035,-38.415062],[145.018096,-38.415024],[145.018106,-38.415033],[145.018196,-38.414976],[145.018163,-38.414944],[145.018182,-38.414932],[145.018111,-38.414864],[145.018032,-38.414914],[145.018068,-38.414949],[145.017977,-38.415006]]}]}