{"b":[{"h":6,"g":[[145.017193,-38.482161],[145.017238,-38.482193],[145.017283,-38.482226],[145.017347,-38.482189],[145.017244,-38.48212],[145.017193,-38.482161]]}]}