{"b":[{"h":6,"g":[[144.593307,-37.202018],[144.593434,-37.202061],[144.593474,-37.201984],[144.593347,-37.201942],[144.593307,-37.202018]]}]}