{"b":[{"h":6,"g":[[144.592853,-37.311515],[144.592872,-37.311512],[144.592869,-37.311528],[144.592942,-37.311529],[144.592944,-37.311514],[144.592958,-37.311518],[144.592989,-37.311347],[144.592942,-37.311329],[144.592891,-37.311332],[144.592888,-37.311362],[144.592861,-37.31136],[144.592853,-37.311418],[144.592875,-37.311419],[144.592853,-37.311515]]},{"h":6,"g":[[144.592691,-37.312241],[144.592866,-37.312259],[144.592884,-37.312146],[144.592837,-37.312141],[144.592849,-37.312066],[144.592721,-37.312053],[144.592691,-37.312241]]},{"h":6,"g":[[144.586593,-37.307851],[144.586638,-37.307863],[144.586667,-37.307793],[144.586623,-37.307781],[144.586593,-37.307851]]},{"h":6,"g":[[144.58693,-37.308056],[144.58705,-37.308134],[144.587121,-37.308064],[144.587001,-37.307986],[144.58693,-37.308056]]}]}