{"b":[{"h":6,"g":[[144.587582,-37.503793],[144.587638,-37.503799],[144.587634,-37.503823],[144.587737,-37.503833],[144.587756,-37.503715],[144.587823,-37.503721],[144.587834,-37.503656],[144.587771,-37.50365],[144.587775,-37.503621],[144.587612,-37.503605],[144.587582,-37.503793]]}]}