{"b":[{"h":6,"g":[[144.592639,-37.563547],[144.592645,-37.563548],[144.59264,-37.563561],[144.592708,-37.563577],[144.592713,-37.563565],[144.592754,-37.563575],[144.592782,-37.563505],[144.592666,-37.563477],[144.592639,-37.563547]]}]}