{"b":[{"h":6,"g":[[144.595297,-37.63202],[144.595403,-37.632031],[144.595431,-37.631867],[144.595325,-37.631856],[144.595297,-37.63202]]},{"h":6,"g":[[144.595561,-37.631889],[144.595684,-37.631907],[144.595761,-37.631582],[144.595638,-37.631564],[144.595561,-37.631889]]}]}