{"b":[{"h":6,"g":[[144.592298,-37.653522],[144.592461,-37.653537],[144.592488,-37.653403],[144.592319,-37.65338],[144.592298,-37.653522]]},{"h":6,"g":[[144.59254,-37.652768],[144.59254,-37.652834],[144.592668,-37.652834],[144.592671,-37.652773],[144.59254,-37.652768]]}]}