{"b":[{"h":6,"g":[[144.600647,-37.911617],[144.600829,-37.91164],[144.600848,-37.911545],[144.600804,-37.911539],[144.600806,-37.91153],[144.600695,-37.911516],[144.600686,-37.911562],[144.600659,-37.911558],[144.600647,-37.911617]]},{"h":6,"g":[[144.600655,-37.911159],[144.600827,-37.911179],[144.600842,-37.911094],[144.600701,-37.911078],[144.600696,-37.911107],[144.600665,-37.911103],[144.600655,-37.911159]]},{"h":6,"g":[[144.600748,-37.912736],[144.600768,-37.912738],[144.600766,-37.91275],[144.600982,-37.912774],[144.601001,-37.912665],[144.600864,-37.91265],[144.600866,-37.912638],[144.600785,-37.91263],[144.600777,-37.912675],[144.600754,-37.912673],[144.600749,-37.912703],[144.600754,-37.912703],[144.600748,-37.912736]]},{"h":6,"g":[[144.601044,-37.912772],[144.601125,-37.912782],[144.601128,-37.912768],[144.601186,-37.912775],[144.601198,-37.912712],[144.601185,-37.912711],[144.601208,-37.912593],[144.601109,-37.912582],[144.601099,-37.912636],[144.60106,-37.912631],[144.601049,-37.912688],[144.60106,-37.912689],[144.601044,-37.912772]]}]}