{"b":[{"h":6,"g":[[144.596015,-37.782785],[144.596228,-37.782801],[144.596238,-37.78271],[144.59613,-37.782702],[144.596132,-37.782683],[144.596028,-37.782675],[144.596015,-37.782785]]},{"h":6,"g":[[144.595664,-37.782744],[144.595751,-37.782756],[144.595767,-37.782682],[144.59568,-37.78267],[144.595664,-37.782744]]},{"h":6,"g":[[144.594973,-37.782661],[144.595038,-37.782669],[144.595047,-37.782619],[144.594983,-37.782611],[144.594973,-37.782661]]},{"h":6,"g":[[144.597668,-37.78229],[144.597728,-37.782405],[144.597829,-37.782372],[144.59777,-37.782257],[144.597668,-37.78229]]}]}