{"b":[{"h":6,"g":[[144.597443,-37.945322],[144.597603,-37.945529],[144.598966,-37.944878],[144.598924,-37.944823],[144.598827,-37.94487],[144.598709,-37.944716],[144.598344,-37.944891],[144.597443,-37.945322]]}]}