{"t":[{"r":"MAROONDAH HIGHWAY","v":1046,"h":12,"c":[[145.60332,-37.6159],[145.60384,-37.61366],[145.60556,-37.61315],[145.60766,-37.61062],[145.60964,-37.60935],[145.61157,-37.60747],[145.61454,-37.60589]]},{"r":"MAROONDAH HIGHWAY","v":1052,"h":15,"c":[[145.61454,-37.60589],[145.61157,-37.60747],[145.60964,-37.60935],[145.60766,-37.61062],[145.60556,-37.61315],[145.60371,-37.61378],[145.60332,-37.6159]]}]}