{"t":[{"r":"MAROONDAH HIGHWAY","v":1046,"h":12,"c":[[145.5887,-37.63271],[145.59414,-37.63014],[145.59826,-37.62508],[145.59865,-37.62348],[145.59839,-37.62181],[145.60229,-37.61787],[145.60332,-37.6159],[145.60384,-37.61366]]},{"r":"MAROONDAH HIGHWAY","v":1052,"h":15,"c":[[145.60371,-37.61378],[145.60332,-37.6159],[145.60229,-37.61787],[145.59839,-37.62181],[145.59865,-37.62348],[145.59826,-37.62508],[145.59414,-37.63014],[145.5887,-37.63271]]}]}