{"t":[{"r":"SOUTH GIPPSLAND HIGHWAY","v":3689,"h":23,"c":[[145.61812,-38.33481],[145.59518,-38.33034],[145.59332,-38.32971],[145.58878,-38.32617]]},{"r":"SOUTH GIPPSLAND HIGHWAY","v":3758,"h":24,"c":[[145.58878,-38.32617],[145.59332,-38.32971],[145.59518,-38.33034],[145.61812,-38.33481]]}]}