{"t":[{"r":"CALDER FREEWAY","v":9889,"h":14,"c":[[144.5505,-37.35356],[144.548,-37.37064],[144.54838,-37.37345],[144.55031,-37.37922],[144.55039,-37.383],[144.54914,-37.38649],[144.545,-37.39253]]},{"r":"CALDER FREEWAY","v":9808,"h":14,"c":[[144.54475,-37.39237],[144.54866,-37.38678],[144.5501,-37.38284],[144.54998,-37.37919],[144.54801,-37.37328],[144.54768,-37.37066],[144.55017,-37.35353]]}]}