{"t":[{"r":"CALDER FREEWAY","v":9849,"h":11,"c":[[144.55101,-37.35009],[144.5505,-37.35356]]},{"r":"CALDER FREEWAY","v":9889,"h":14,"c":[[144.5505,-37.35356],[144.548,-37.37064]]},{"r":"CALDER FREEWAY","v":9052,"h":13,"c":[[144.55017,-37.35353],[144.5507,-37.35005]]},{"r":"CALDER FREEWAY","v":9808,"h":14,"c":[[144.54768,-37.37066],[144.55017,-37.35353]]}]}