{"t":[{"r":"BLACK FOREST DRIVE","v":4106,"h":5,"c":[[144.53033,-37.40042],[144.53737,-37.40481],[144.54078,-37.41092]]},{"r":"CALDER FREEWAY","v":9889,"h":14,"c":[[144.54914,-37.38649],[144.545,-37.39253],[144.54419,-37.39466],[144.54379,-37.39687],[144.54398,-37.40042],[144.54571,-37.40658]]},{"r":"BLACK FOREST DRIVE","v":4168,"h":4,"c":[[144.54078,-37.41092],[144.53737,-37.40481],[144.53033,-37.40042]]},{"r":"CALDER FREEWAY","v":9808,"h":14,"c":[[144.54527,-37.40568],[144.54371,-37.40055],[144.54347,-37.39728],[144.54385,-37.3948],[144.54475,-37.39237],[144.54866,-37.38678]]}]}