{"t":[{"r":"ROBERTSON STREET","v":1797,"h":11,"c":[[144.56636,-37.48947],[144.55761,-37.48205],[144.55563,-37.48077],[144.53461,-37.47631]]},{"r":"GISBORNE ROAD","v":1724,"h":12,"c":[[144.53461,-37.47631],[144.55563,-37.48077],[144.55761,-37.48205],[144.56636,-37.48947]]}]}