{"t":[{"r":"CALDER FREEWAY","v":12476,"h":11,"c":[[144.54378,-37.4186],[144.54264,-37.42445],[144.54277,-37.42735],[144.54399,-37.43074],[144.54588,-37.43332],[144.54836,-37.43546],[144.56276,-37.44603]]},{"r":"BLACK FOREST DRIVE","v":1118,"h":7,"c":[[144.55267,-37.41999],[144.55377,-37.42373],[144.55413,-37.42762],[144.55468,-37.42895],[144.5562,-37.4302],[144.56108,-37.43275]]},{"r":"BLACK FOREST DRIVE","v":1097,"h":5,"c":[[144.56108,-37.43275],[144.5562,-37.4302],[144.55468,-37.42895],[144.55413,-37.42762],[144.55377,-37.42373],[144.55267,-37.41999]]},{"r":"CALDER FREEWAY","v":12343,"h":13,"c":[[144.56325,-37.44669],[144.5475,-37.43518],[144.5453,-37.4331],[144.54328,-37.42997],[144.54231,-37.42628],[144.54244,-37.42343],[144.54355,-37.41787]]}]}