{"t":[{"r":"CALDER FREEWAY","v":12476,"h":11,"c":[[144.54836,-37.43546],[144.56276,-37.44603]]},{"r":"CALDER FREEWAY","v":12343,"h":13,"c":[[144.56325,-37.44669],[144.5475,-37.43518]]}]}