{"t":[{"r":"DIGGERS REST-COIMADAI ROAD","v":1312,"h":25,"c":[[144.52806,-37.61696],[144.56818,-37.61198]]},{"r":"DIGGERS REST-COIMADAI ROAD","v":1524,"h":17,"c":[[144.56818,-37.61198],[144.52806,-37.61696]]}]}