{"t":[{"r":"HARKNESS ROAD","v":2460,"h":0,"c":[[144.53968,-37.64098],[144.53088,-37.68628]]},{"r":"HARKNESS ROAD","v":2460,"h":0,"c":[[144.53968,-37.64098],[144.53088,-37.68628]]}]}