{"t":[{"r":"PRINCES FREEWAY","v":29461,"h":13,"c":[[144.53348,-37.9818],[144.53763,-37.97965]]},{"r":"PRINCES FREEWAY","v":29461,"h":13,"c":[[144.53763,-37.97965],[144.55408,-37.97074]]},{"r":"PRINCES FREEWAY","v":29850,"h":14,"c":[[144.53683,-37.98031],[144.53354,-37.98198]]},{"r":"PRINCES FREEWAY","v":29850,"h":14,"c":[[144.54712,-37.97502],[144.53683,-37.98031]]}]}