{"t":[{"r":"BELLARINE HIGHWAY","v":10609,"h":10,"c":[[144.50989,-38.20902],[144.54192,-38.22607]]},{"r":"GRUBB ROAD","v":4387,"h":4,"c":[[144.54827,-38.19292],[144.54192,-38.22607]]},{"r":"BELLARINE HIGHWAY","v":10378,"h":8,"c":[[144.54192,-38.22608],[144.50981,-38.20919]]},{"r":"GRUBB ROAD","v":4413,"h":6,"c":[[144.54192,-38.22607],[144.54827,-38.19292]]}]}