{"t":[{"r":"GRUBB ROAD","v":4387,"h":4,"c":[[144.55021,-38.18485],[144.55139,-38.18731],[144.55156,-38.18843],[144.55054,-38.19035],[144.54905,-38.19153],[144.54827,-38.19292],[144.54192,-38.22607]]},{"r":"GRUBB ROAD","v":4413,"h":6,"c":[[144.54192,-38.22607],[144.54827,-38.19292],[144.54905,-38.19153],[144.55054,-38.19035],[144.55156,-38.18843],[144.55139,-38.18731],[144.55021,-38.18485]]}]}