{"t":[{"r":"FOREST STREET","v":1560,"h":6,"c":[[144.46772,-37.3351],[144.47453,-37.3347],[144.4779,-37.33314],[144.48134,-37.33268],[144.48344,-37.33281],[144.48536,-37.33373],[144.50079,-37.34598]]},{"r":"TYLDEN-WOODEND ROAD","v":1561,"h":8,"c":[[144.50079,-37.34598],[144.48536,-37.33373],[144.48344,-37.33281],[144.48134,-37.33268],[144.4779,-37.33314],[144.47453,-37.3347],[144.46772,-37.3351]]}]}