{"t":[{"r":"ROBERTSON STREET","v":1797,"h":11,"c":[[144.47771,-37.517],[144.47719,-37.52766],[144.47516,-37.53327],[144.47198,-37.53784],[144.46678,-37.5475]]},{"r":"GISBORNE ROAD","v":1724,"h":12,"c":[[144.46678,-37.5475],[144.47198,-37.53784],[144.47516,-37.53327],[144.47719,-37.52766],[144.47771,-37.517]]}]}