{"t":[{"r":"ROBERTSON STREET","v":1797,"h":11,"c":[[144.4964,-37.49855],[144.48892,-37.5026],[144.48435,-37.50608],[144.4811,-37.5096],[144.48039,-37.51056]]},{"r":"GISBORNE ROAD","v":1724,"h":12,"c":[[144.48039,-37.51056],[144.4811,-37.5096],[144.48435,-37.50608],[144.48892,-37.5026],[144.4964,-37.49855]]}]}