{"t":[{"r":"ROBERTSON STREET","v":1797,"h":11,"c":[[144.4811,-37.5096],[144.48039,-37.51056],[144.47771,-37.517],[144.47719,-37.52766]]},{"r":"GISBORNE ROAD","v":1724,"h":12,"c":[[144.47719,-37.52766],[144.47771,-37.517],[144.48039,-37.51056],[144.4811,-37.5096]]}]}