{"t":[{"r":"DIGGERS REST-COIMADAI ROAD","v":1312,"h":25,"c":[[144.48424,-37.63145],[144.48839,-37.63353],[144.49043,-37.63407],[144.49368,-37.63387]]},{"r":"DIGGERS REST-COIMADAI ROAD","v":1524,"h":17,"c":[[144.49382,-37.63386],[144.49043,-37.63407],[144.48839,-37.63353],[144.48424,-37.63145]]}]}