{"t":[{"r":"PARWAN-EXFORD ROAD","v":538,"h":6,"c":[[144.45788,-37.70548],[144.47174,-37.70706],[144.48968,-37.71333],[144.50583,-37.72528]]},{"r":"PARWAN-EXFORD ROAD","v":572,"h":6,"c":[[144.45788,-37.70548],[144.47174,-37.70706],[144.48968,-37.71333],[144.50583,-37.72528]]}]}