{"t":[{"r":"DIGGERS REST-COIMADAI ROAD","v":1312,"h":25,"c":[[144.46736,-37.62922],[144.48424,-37.63145],[144.48839,-37.63353]]},{"r":"ROBERTSON STREET","v":1797,"h":11,"c":[[144.47046,-37.61206],[144.4696,-37.62021]]},{"r":"GISBORNE ROAD","v":1724,"h":12,"c":[[144.4696,-37.62021],[144.47046,-37.61206]]},{"r":"DIGGERS REST-COIMADAI ROAD","v":1524,"h":17,"c":[[144.48839,-37.63353],[144.48424,-37.63145],[144.46736,-37.62922]]}]}