{"t":[{"r":"BALLAN ROAD","v":1798,"h":13,"c":[[144.47989,-37.79505],[144.46027,-37.78654]]},{"r":"BALLAN ROAD","v":1842,"h":14,"c":[[144.46027,-37.78654],[144.47989,-37.79505]]}]}