{"t":[{"r":"YOU YANGS ROAD","v":490,"h":6,"c":[[144.48224,-37.95921],[144.49991,-37.96103]]},{"r":"YOU YANGS ROAD","v":534,"h":6,"c":[[144.48224,-37.95921],[144.49991,-37.96103]]}]}