{"t":[{"r":"OLD MELBOURNE ROAD","v":404,"h":14,"c":[[144.50778,-37.97709],[144.49023,-37.98951]]},{"r":"OLD MELBOURNE ROAD","v":355,"h":13,"c":[[144.50778,-37.97709],[144.49023,-37.98951]]}]}