{"t":[{"r":"PRINCES FREEWAY","v":36115,"h":9,"c":[[144.47163,-38.01143],[144.51277,-37.9924]]},{"r":"OLD MELBOURNE ROAD","v":404,"h":14,"c":[[144.50778,-37.97709],[144.49023,-37.98951],[144.43357,-38.02648]]},{"r":"PRINCES FREEWAY","v":36811,"h":8,"c":[[144.51395,-37.99208],[144.47421,-38.01053]]},{"r":"OLD MELBOURNE ROAD","v":355,"h":13,"c":[[144.50778,-37.97709],[144.49023,-37.98951],[144.43357,-38.02648]]}]}