{"t":[{"r":"BELLARINE HIGHWAY","v":16528,"h":8,"c":[[144.42027,-38.17839],[144.47898,-38.1928]]},{"r":"PORTARLINGTON ROAD","v":12700,"h":6,"c":[[144.42907,-38.17084],[144.54768,-38.18507]]},{"r":"PORTARLINGTON ROAD","v":17636,"h":3,"c":[[144.53283,-38.1833],[144.4293,-38.17108]]}]}