{"t":[{"r":"BARWON HEADS-OCEAN GROVE ROAD","v":3946,"h":6,"c":[[144.48262,-38.27274],[144.48855,-38.27448],[144.48718,-38.28184],[144.49362,-38.28262]]},{"r":"BARWON HEADS ROAD","v":5372,"h":8,"c":[[144.46567,-38.2678],[144.48262,-38.27274]]},{"r":"BARWON HEADS ROAD","v":1825,"h":5,"c":[[144.49362,-38.28262],[144.48718,-38.28184],[144.48855,-38.27448],[144.48262,-38.27274]]},{"r":"BARWON HEADS ROAD","v":5360,"h":5,"c":[[144.48262,-38.27274],[144.46567,-38.2678]]}]}