{"t":[{"r":"DON ROAD","v":796,"h":6,"c":[[145.56642,-37.69971],[145.56929,-37.70126]]},{"r":"DON ROAD","v":796,"h":6,"c":[[145.57128,-37.70191],[145.57234,-37.70117]]},{"r":"DONNA BUANG ROAD","v":830,"h":9,"c":[[145.57234,-37.70117],[145.57128,-37.70191]]},{"r":"DONNA BUANG ROAD","v":830,"h":9,"c":[[145.56944,-37.70128],[145.56642,-37.69971]]}]}