{"t":[{"r":"MAROONDAH HIGHWAY","v":1046,"h":12,"c":[[145.5887,-37.63271],[145.59414,-37.63014]]},{"r":"MAROONDAH HIGHWAY","v":1052,"h":15,"c":[[145.59414,-37.63014],[145.5887,-37.63271]]}]}