{"t":[{"r":"MAROONDAH HIGHWAY","v":1046,"h":12,"c":[[145.56863,-37.64671],[145.57195,-37.64416],[145.57448,-37.64395],[145.57554,-37.64305],[145.57688,-37.64306],[145.57685,-37.64171],[145.57835,-37.64147],[145.57844,-37.64084],[145.57933,-37.63952],[145.58084,-37.63972],[145.58163,-37.6394],[145.58106,-37.63729],[145.58148,-37.63687],[145.58254,-37.63721],[145.58327,-37.63692],[145.58347,-37.63476],[145.58326,-37.63354],[145.5836,-37.63323],[145.58618,-37.63338],[145.5887,-37.63271],[145.59414,-37.63014]]},{"r":"MAROONDAH HIGHWAY","v":1052,"h":15,"c":[[145.59414,-37.63014],[145.5887,-37.63271],[145.58638,-37.63337],[145.58455,-37.63312],[145.58333,-37.63336],[145.58337,-37.63672],[145.58287,-37.6372],[145.58117,-37.63701],[145.58168,-37.63924],[145.58135,-37.63957],[145.57933,-37.63952],[145.57817,-37.6416],[145.57685,-37.64171],[145.57688,-37.64306],[145.57543,-37.64308],[145.57448,-37.64395],[145.57195,-37.64416],[145.56863,-37.64671]]}]}