{"t":[{"r":"DALRY ROAD","v":3717,"h":6,"c":[[145.56847,-37.75803],[145.57182,-37.75843],[145.57528,-37.75695],[145.57607,-37.75692],[145.57742,-37.75727],[145.58021,-37.75941],[145.58428,-37.75987]]}]}