{"t":[{"r":"SOUTH GIPPSLAND HIGHWAY","v":3689,"h":23,"c":[[145.57787,-38.31063],[145.57029,-38.30506],[145.56579,-38.30352]]},{"r":"SOUTH GIPPSLAND HIGHWAY","v":3758,"h":24,"c":[[145.56579,-38.30352],[145.57029,-38.30506],[145.57787,-38.31063]]}]}