{"t":[{"r":"SOUTH GIPPSLAND HIGHWAY","v":3689,"h":23,"c":[[145.59332,-38.32971],[145.58878,-38.32617],[145.58697,-38.32309]]},{"r":"SOUTH GIPPSLAND HIGHWAY","v":3758,"h":24,"c":[[145.58697,-38.32309],[145.58878,-38.32617],[145.59332,-38.32971]]}]}