{"t":[{"r":"SOUTH GIPPSLAND HIGHWAY","v":3689,"h":23,"c":[[145.58878,-38.32617],[145.58697,-38.32309],[145.58502,-38.32094],[145.58463,-38.32011],[145.58408,-38.3155],[145.58208,-38.31268],[145.57787,-38.31063],[145.57029,-38.30506]]},{"r":"SOUTH GIPPSLAND HIGHWAY","v":3758,"h":24,"c":[[145.57029,-38.30506],[145.57787,-38.31063],[145.58232,-38.31289],[145.58408,-38.3155],[145.58463,-38.32011],[145.58502,-38.32094],[145.58697,-38.32309],[145.58878,-38.32617]]}]}