{"t":[{"r":"WHITE ROAD","v":5194,"h":9,"c":[[145.57679,-38.58547],[145.57337,-38.57799],[145.56824,-38.57125]]},{"r":"BASS HIGHWAY","v":5348,"h":13,"c":[[145.56824,-38.57125],[145.57337,-38.57799],[145.57679,-38.58547]]}]}