{"t":[{"r":"WHITE ROAD","v":5194,"h":9,"c":[[145.58418,-38.5904],[145.58092,-38.58882],[145.57679,-38.58547],[145.57337,-38.57799]]},{"r":"BASS HIGHWAY","v":5348,"h":13,"c":[[145.57337,-38.57799],[145.57679,-38.58547],[145.58092,-38.58882],[145.58418,-38.5904]]}]}