{"n":{"rail":[[[144.73146,-37.76429],[144.63881,-37.72402]],[[144.63883,-37.72399],[144.73398,-37.76523]]],"freeway":[[[144.71647,-37.74953],[144.70972,-37.74825]],[[144.70103,-37.74804],[144.70005,-37.7475]],[[144.70067,-37.74408],[144.70039,-37.74292],[144.6993,-37.74271]],[[144.69974,-37.74257],[144.7009,-37.7424]],[[144.70208,-37.74644],[144.701,-37.74583]],[[144.69288,-37.74214],[144.69553,-37.74294],[144.6974,-37.74288]],[[144.70972,-37.74825],[144.70596,-37.74768]],[[144.70596,-37.74768],[144.70468,-37.74753]],[[144.70088,-37.74262],[144.69948,-37.74266],[144.69869,-37.74317],[144.69876,-37.74407],[144.69979,-37.74473]],[[144.68727,-37.73995],[144.69288,-37.74214]],[[144.70123,-37.7454],[144.70609,-37.74719],[144.72349,-37.75051]],[[144.70972,-37.74825],[144.70545,-37.7474],[144.70075,-37.74563]],[[144.69974,-37.74257],[144.70088,-37.74262]],[[144.69275,-37.74249],[144.68533,-37.73975]],[[144.69979,-37.74473],[144.70269,-37.74597]],[[144.70075,-37.74563],[144.69979,-37.74525]],[[144.69979,-37.74525],[144.69275,-37.74249]],[[144.69419,-37.74265],[144.70123,-37.7454]],[[144.69288,-37.74214],[144.69419,-37.74265]],[[144.701,-37.74583],[144.69992,-37.74543]],[[144.69992,-37.74543],[144.6968,-37.74425]],[[144.70005,-37.7475],[144.69928,-37.7454],[144.69275,-37.74249]],[[144.70468,-37.74753],[144.70168,-37.748]],[[144.6974,-37.74288],[144.69974,-37.74257]]]}}