{"n":{"rail":[[[144.72186,-37.87649],[144.71071,-37.87943],[144.6803,-37.89176]],[[144.68029,-37.89163],[144.71073,-37.87938],[144.72185,-37.87646]],[[144.68029,-37.89157],[144.71072,-37.87933],[144.72174,-37.87643]]],"freeway":[[[144.70935,-37.8873],[144.70857,-37.88471],[144.7085,-37.88211]],[[144.70953,-37.88083],[144.70529,-37.88248]],[[144.71202,-37.88061],[144.71079,-37.88062]],[[144.69797,-37.88588],[144.69785,-37.88576]],[[144.69718,-37.88626],[144.69707,-37.88612]],[[144.69138,-37.88893],[144.69129,-37.88881]],[[144.70755,-37.89734],[144.70959,-37.89199]],[[144.70935,-37.8873],[144.70897,-37.88407],[144.70948,-37.88253],[144.71052,-37.88111]],[[144.69164,-37.88881],[144.69149,-37.88908]],[[144.70174,-37.88408],[144.70141,-37.88405]],[[144.70074,-37.88436],[144.70088,-37.8843]],[[144.70104,-37.88442],[144.70084,-37.88452]],[[144.71423,-37.87928],[144.71175,-37.88058]],[[144.70141,-37.88405],[144.70391,-37.88289]],[[144.70967,-37.88724],[144.70994,-37.88835]],[[144.69471,-37.8874],[144.69403,-37.88772]],[[144.71052,-37.88111],[144.71107,-37.88059]],[[144.71107,-37.88059],[144.71311,-37.87939]],[[144.71175,-37.88058],[144.71109,-37.88118]],[[144.71109,-37.88118],[144.70946,-37.88401],[144.70967,-37.88724]],[[144.70826,-37.89482],[144.70959,-37.89199]],[[144.69945,-37.88502],[144.70011,-37.8847]],[[144.70016,-37.88487],[144.70011,-37.8847]],[[144.70011,-37.8847],[144.70027,-37.88481]],[[144.70039,-37.88476],[144.70027,-37.88481]],[[144.70016,-37.88487],[144.70006,-37.88492]],[[144.70084,-37.88452],[144.70039,-37.88476]],[[144.70088,-37.8843],[144.70141,-37.88405]],[[144.70011,-37.8847],[144.70074,-37.88436]],[[144.69785,-37.88576],[144.69881,-37.88531]],[[144.69707,-37.88612],[144.69785,-37.88576]],[[144.69797,-37.88588],[144.69718,-37.88626]],[[144.70006,-37.88492],[144.69988,-37.885]],[[144.70174,-37.88408],[144.70104,-37.88442]],[[144.70391,-37.88289],[144.70394,-37.88303]],[[144.70959,-37.89199],[144.70995,-37.89011],[144.70935,-37.8873]],[[144.70625,-37.88219],[144.70529,-37.88248]],[[144.70394,-37.88303],[144.70174,-37.88408]],[[144.69881,-37.88531],[144.69945,-37.88502]],[[144.69906,-37.88538],[144.69797,-37.88588]],[[144.69988,-37.885],[144.69906,-37.88538]],[[144.70914,-37.88131],[144.70831,-37.88171]],[[144.7085,-37.88211],[144.70813,-37.88176]],[[144.70831,-37.88171],[144.70813,-37.88176]],[[144.70644,-37.8817],[144.70784,-37.88112]],[[144.70498,-37.88244],[144.70644,-37.8817]],[[144.69411,-37.88769],[144.69402,-37.88754]],[[144.7085,-37.88211],[144.70831,-37.88171]],[[144.69149,-37.88908],[144.69123,-37.889]],[[144.70391,-37.88289],[144.70498,-37.88244]],[[144.70529,-37.88248],[144.70394,-37.88303]],[[144.70813,-37.88176],[144.70625,-37.88219]],[[144.71079,-37.88062],[144.71026,-37.88066]],[[144.70498,-37.88244],[144.70971,-37.88049]],[[144.71125,-37.87979],[144.71321,-37.87919]],[[144.70971,-37.88049],[144.71321,-37.87919]],[[144.71026,-37.88066],[144.70914,-37.88131]],[[144.70784,-37.88112],[144.70792,-37.88094]],[[144.70027,-37.88481],[144.70016,-37.88487]],[[144.70994,-37.88835],[144.71021,-37.8908],[144.70956,-37.89296]],[[144.71026,-37.88066],[144.70953,-37.88083]],[[144.70114,-37.88418],[144.70104,-37.88442]],[[144.69644,-37.8866],[144.69471,-37.8874]],[[144.69718,-37.88626],[144.69644,-37.8866]],[[144.69403,-37.88772],[144.69214,-37.88858]],[[144.69214,-37.88858],[144.69138,-37.88893]],[[144.69138,-37.88893],[144.68737,-37.89079]],[[144.68315,-37.8926],[144.69707,-37.88612]]]}}