{"n":{"rail":[[[144.71471,-37.83084],[144.7092,-37.83258],[144.7044,-37.83309]],[[144.69598,-37.83236],[144.68402,-37.83072]],[[144.7044,-37.83309],[144.70344,-37.83309]],[[144.70344,-37.83306],[144.7044,-37.83306]],[[144.69615,-37.83234],[144.70344,-37.83306]],[[144.7044,-37.83306],[144.70918,-37.83254],[144.71468,-37.83081]],[[144.69598,-37.83232],[144.69615,-37.83234]],[[144.70344,-37.83309],[144.69614,-37.83238]],[[144.69614,-37.83238],[144.69598,-37.83236]],[[144.68403,-37.83068],[144.69598,-37.83232]]],"freeway":[[[144.69395,-37.83479],[144.692,-37.83448]],[[144.692,-37.83448],[144.69117,-37.83463]],[[144.71381,-37.83662],[144.71013,-37.8363]],[[144.70845,-37.83614],[144.70735,-37.83607]],[[144.70285,-37.8357],[144.69544,-37.83498]],[[144.70868,-37.83671],[144.70845,-37.83614]],[[144.70961,-37.83625],[144.70884,-37.8364]],[[144.70334,-37.83574],[144.70285,-37.8357]],[[144.70873,-37.83617],[144.70845,-37.83614]],[[144.69074,-37.83572],[144.69084,-37.83522]],[[144.69084,-37.83633],[144.69023,-37.83921]],[[144.692,-37.83448],[144.69102,-37.83436]],[[144.70909,-37.8362],[144.70873,-37.83617]],[[144.69119,-37.83645],[144.6908,-37.83656]],[[144.71132,-37.8362],[144.71565,-37.83659]],[[144.70735,-37.83607],[144.70436,-37.83582]],[[144.70812,-37.83586],[144.70878,-37.83567]],[[144.70898,-37.8355],[144.70921,-37.83595]],[[144.70859,-37.8359],[144.70891,-37.83593]],[[144.69562,-37.83484],[144.70272,-37.83552]],[[144.70322,-37.83556],[144.705,-37.8357]],[[144.70272,-37.83552],[144.70322,-37.83556]],[[144.69092,-37.83487],[144.69067,-37.83432]],[[144.69084,-37.83522],[144.69092,-37.83487]],[[144.69092,-37.83487],[144.69102,-37.83436]],[[144.69062,-37.83634],[144.69074,-37.83572]],[[144.69097,-37.83567],[144.69084,-37.83633]],[[144.69117,-37.83463],[144.69097,-37.83567]],[[144.69036,-37.83761],[144.69062,-37.83634]],[[144.69017,-37.83858],[144.69026,-37.83813]],[[144.69026,-37.83813],[144.69036,-37.83761]],[[144.68972,-37.84083],[144.69017,-37.83858]],[[144.69023,-37.83921],[144.69009,-37.8399]],[[144.69009,-37.8399],[144.68987,-37.841]],[[144.6912,-37.83438],[144.69117,-37.83463]],[[144.69082,-37.83641],[144.69062,-37.83634]],[[144.69062,-37.83634],[144.69084,-37.83633]],[[144.69562,-37.83484],[144.69559,-37.835]],[[144.69104,-37.83419],[144.69123,-37.83421]],[[144.69102,-37.83436],[144.69104,-37.83419]],[[144.69123,-37.83421],[144.6912,-37.83438]],[[144.71013,-37.8363],[144.70961,-37.83625]],[[144.70961,-37.83625],[144.70909,-37.8362]],[[144.71013,-37.83603],[144.71132,-37.8362]],[[144.70921,-37.83595],[144.71013,-37.83603]],[[144.70891,-37.83593],[144.70921,-37.83595]],[[144.70812,-37.83586],[144.70859,-37.8359]],[[144.70727,-37.83582],[144.70812,-37.83586]],[[144.70588,-37.83577],[144.70727,-37.83582]],[[144.705,-37.8357],[144.70588,-37.83577]],[[144.70436,-37.83582],[144.70334,-37.83574]],[[144.69123,-37.83421],[144.69562,-37.83484]],[[144.69544,-37.83498],[144.69395,-37.83479]],[[144.70041,-37.83537],[144.70039,-37.83559]],[[144.69544,-37.83498],[144.69547,-37.83482]]]}}