{"t":[{"r":"FOREST STREET","v":1560,"h":6,"c":[[144.4227,-37.33436],[144.45922,-37.33864]]},{"r":"FOREST STREET","v":1560,"h":6,"c":[[144.46106,-37.33847],[144.46772,-37.3351],[144.47453,-37.3347]]},{"r":"TYLDEN-WOODEND ROAD","v":1561,"h":8,"c":[[144.47453,-37.3347],[144.46772,-37.3351],[144.46106,-37.33847]]},{"r":"TYLDEN-WOODEND ROAD","v":1561,"h":8,"c":[[144.45922,-37.33864],[144.4227,-37.33436]]}]}