{"t":[{"r":"ROBERTSON STREET","v":1797,"h":11,"c":[[144.47198,-37.53784],[144.46678,-37.5475]]},{"r":"GISBORNE ROAD","v":1724,"h":12,"c":[[144.46678,-37.5475],[144.47198,-37.53784]]}]}