{"t":[{"r":"ROBERTSON STREET","v":1797,"h":11,"c":[[144.47198,-37.53784],[144.46678,-37.5475],[144.46135,-37.55648],[144.45987,-37.55967],[144.45867,-37.56104],[144.45579,-37.56332]]},{"r":"GISBORNE ROAD","v":1724,"h":12,"c":[[144.45579,-37.56332],[144.45867,-37.56104],[144.46009,-37.55932],[144.46135,-37.55648],[144.46678,-37.5475],[144.47198,-37.53784]]}]}