{"t":[{"r":"ROBERTSON STREET","v":1797,"h":11,"c":[[144.45867,-37.56104],[144.45579,-37.56332],[144.45487,-37.56472],[144.45444,-37.56622],[144.4545,-37.57135],[144.45641,-37.57641],[144.45552,-37.57969]]},{"r":"GISBORNE ROAD","v":1724,"h":12,"c":[[144.45552,-37.57969],[144.45641,-37.57641],[144.4545,-37.57135],[144.45444,-37.56622],[144.45487,-37.56472],[144.45579,-37.56332],[144.45867,-37.56104]]}]}