{"t":[{"r":"ROBERTSON STREET","v":1797,"h":11,"c":[[144.45641,-37.57641],[144.45552,-37.57969],[144.4554,-37.58265],[144.46018,-37.58858],[144.46534,-37.59754]]},{"r":"GISBORNE ROAD","v":1724,"h":12,"c":[[144.46534,-37.59754],[144.46018,-37.58858],[144.4554,-37.58265],[144.45552,-37.57969],[144.45641,-37.57641]]}]}