{"t":[{"r":"MAIN STREET","v":4490,"h":3,"c":[[144.43532,-37.67553],[144.4486,-37.67731],[144.45407,-37.67848],[144.45877,-37.68176],[144.46286,-37.68529]]},{"r":"WESTERN FREEWAY","v":16483,"h":13,"c":[[144.45116,-37.66601],[144.45985,-37.66715],[144.46285,-37.66837],[144.46472,-37.66981],[144.46621,-37.67188],[144.46675,-37.67362],[144.46713,-37.67804],[144.46786,-37.67965],[144.46921,-37.68126],[144.47167,-37.68287]]},{"r":"WESTERN FREEWAY","v":19153,"h":12,"c":[[144.47338,-37.68388],[144.47018,-37.68232],[144.46779,-37.68007],[144.46666,-37.67758],[144.46644,-37.67387],[144.46606,-37.67241],[144.46487,-37.67044],[144.46339,-37.66907],[144.4598,-37.66744],[144.45136,-37.66636]]},{"r":"MAIN STREET","v":7447,"h":4,"c":[[144.46286,-37.68529],[144.45877,-37.68176],[144.45407,-37.67848],[144.4486,-37.67731],[144.43532,-37.67553]]}]}