{"t":[{"r":"GEELONG-BACCHUS MARSH ROAD","v":2882,"h":9,"c":[[144.4507,-37.71912],[144.44537,-37.74876]]},{"r":"GEELONG-BACCHUS MARSH ROAD","v":3613,"h":9,"c":[[144.44537,-37.74876],[144.4507,-37.71912]]}]}