{"t":[{"r":"ROBERTSON STREET","v":1797,"h":11,"c":[[144.46018,-37.58858],[144.46534,-37.59754],[144.46765,-37.60725],[144.46998,-37.61063],[144.47046,-37.61206],[144.4696,-37.62021]]},{"r":"GISBORNE ROAD","v":1724,"h":12,"c":[[144.4696,-37.62021],[144.47046,-37.61206],[144.46998,-37.61063],[144.46765,-37.60725],[144.46534,-37.59754],[144.46018,-37.58858]]}]}