{"t":[{"r":"GISBORNE ROAD","v":2701,"h":10,"c":[[144.46736,-37.62922],[144.46308,-37.63586],[144.46213,-37.64214],[144.46016,-37.64458],[144.45904,-37.64715],[144.4577,-37.64824],[144.45307,-37.65048]]},{"r":"GISBORNE ROAD","v":2625,"h":10,"c":[[144.45293,-37.6506],[144.45805,-37.64804],[144.45904,-37.64715],[144.46016,-37.64458],[144.46213,-37.64214],[144.46308,-37.63586],[144.46736,-37.62922]]}]}