{"t":[{"r":"GISBORNE ROAD","v":2701,"h":10,"c":[[144.4577,-37.64824],[144.45307,-37.65048],[144.45141,-37.65383],[144.44804,-37.65701]]},{"r":"WESTERN FREEWAY","v":16483,"h":13,"c":[[144.4473,-37.66463],[144.45116,-37.66601],[144.45985,-37.66715]]},{"r":"WESTERN FREEWAY","v":19153,"h":12,"c":[[144.4598,-37.66744],[144.45136,-37.66636],[144.44645,-37.66472]]},{"r":"GISBORNE ROAD","v":2625,"h":10,"c":[[144.44804,-37.65701],[144.45141,-37.65383],[144.45293,-37.6506],[144.45805,-37.64804]]}]}