{"t":[{"r":"BELLARINE HIGHWAY","v":16528,"h":8,"c":[[144.42027,-38.17839],[144.47898,-38.1928]]},{"r":"BELLARINE HIGHWAY","v":16163,"h":5,"c":[[144.47897,-38.19302],[144.46218,-38.18865],[144.43518,-38.18239]]}]}