{"t":[{"r":"BARWON HEADS ROAD","v":5372,"h":8,"c":[[144.43939,-38.26464],[144.46567,-38.2678],[144.48262,-38.27274]]},{"r":"BARWON HEADS ROAD","v":5360,"h":5,"c":[[144.48262,-38.27274],[144.46567,-38.2678],[144.43939,-38.26464]]}]}