{"b":[{"h":6,"g":[[145.311445,-37.271498],[145.311491,-37.271563],[145.311629,-37.271501],[145.311583,-37.271436],[145.311445,-37.271498]]},{"h":6,"g":[[145.325729,-37.265475],[145.325742,-37.265539],[145.325824,-37.265529],[145.325812,-37.265464],[145.325729,-37.265475]]}]}