{"b":[{"h":6,"g":[[145.323284,-37.246702],[145.323321,-37.246767],[145.323443,-37.246724],[145.323406,-37.246658],[145.323387,-37.246665],[145.323284,-37.246702]]},{"h":6,"g":[[145.323269,-37.246455],[145.323387,-37.246665],[145.323406,-37.246658],[145.32351,-37.246621],[145.323392,-37.246411],[145.323269,-37.246455]]}]}