{"b":[{"h":6,"g":[[145.321333,-37.491154],[145.32151,-37.49129],[145.321612,-37.491222],[145.321429,-37.491082],[145.321333,-37.491154]]},{"h":6,"g":[[145.321757,-37.491018],[145.321875,-37.49103],[145.321859,-37.490979],[145.321918,-37.490984],[145.321928,-37.490911],[145.321848,-37.490916],[145.321859,-37.490864],[145.3218,-37.49086],[145.321757,-37.491018]]}]}