{"b":[{"h":6,"g":[[145.309993,-37.666777],[145.310186,-37.666853],[145.31024,-37.66676],[145.310046,-37.666683],[145.309993,-37.666777]]}]}