{"b":[{"h":6,"g":[[145.311811,-37.665014],[145.311924,-37.665095],[145.312015,-37.665002],[145.311903,-37.664925],[145.311811,-37.665014]]},{"h":6,"g":[[145.311999,-37.665116],[145.312031,-37.665222],[145.312251,-37.665172],[145.312214,-37.66507],[145.311999,-37.665116]]},{"h":6,"g":[[145.3173,-37.659384],[145.317434,-37.659447],[145.317538,-37.659307],[145.317404,-37.659244],[145.3173,-37.659384]]},{"h":6,"g":[[145.316932,-37.653157],[145.317108,-37.653181],[145.317135,-37.653056],[145.316959,-37.653032],[145.316932,-37.653157]]}]}