{"b":[{"h":6,"g":[[145.316055,-37.691775],[145.316471,-37.691804],[145.31649,-37.691555],[145.316077,-37.691529],[145.316055,-37.691775]]}]}