{"b":[{"h":6,"g":[[145.325179,-37.610664],[145.325224,-37.610711],[145.325329,-37.610647],[145.325283,-37.6106],[145.325179,-37.610664]]},{"h":6,"g":[[145.305291,-37.606186],[145.305302,-37.606312],[145.305542,-37.606267],[145.305507,-37.606155],[145.305291,-37.606186]]},{"h":6,"g":[[145.31492,-37.608446],[145.315042,-37.608457],[145.315059,-37.608343],[145.314936,-37.608332],[145.31492,-37.608446]]}]}