{"b":[{"h":6,"g":[[145.324095,-37.712875],[145.324291,-37.712951],[145.324461,-37.712673],[145.324265,-37.712598],[145.324095,-37.712875]]},{"h":6,"g":[[145.305807,-37.715692],[145.30587,-37.715713],[145.305893,-37.715662],[145.305829,-37.715643],[145.305807,-37.715692]]},{"h":6,"g":[[145.306522,-37.70679],[145.306647,-37.706802],[145.306658,-37.706718],[145.306536,-37.706706],[145.306522,-37.70679]]}]}