{"b":[{"h":6,"g":[[145.323003,-38.194318],[145.323038,-38.194456],[145.323342,-38.194407],[145.323307,-38.194269],[145.323003,-38.194318]]}]}