{"b":[{"h":6,"g":[[145.306539,-38.286074],[145.306586,-38.28608],[145.3066,-38.286012],[145.306553,-38.286006],[145.306539,-38.286074]]},{"h":6,"g":[[145.307043,-38.286309],[145.307124,-38.286323],[145.307133,-38.286289],[145.307052,-38.286276],[145.307043,-38.286309]]},{"h":6,"g":[[145.306837,-38.286345],[145.306913,-38.28636],[145.306893,-38.286425],[145.307012,-38.286447],[145.30705,-38.286323],[145.306938,-38.286302],[145.30693,-38.286326],[145.306847,-38.28631],[145.306837,-38.286345]]},{"h":6,"g":[[145.306972,-38.286241],[145.307186,-38.286257],[145.3072,-38.286141],[145.307144,-38.286137],[145.307141,-38.286161],[145.306983,-38.286149],[145.306972,-38.286241]]}]}