{"b":[{"h":6,"g":[[145.320173,-38.411171],[145.320299,-38.411452],[145.32042,-38.411418],[145.320332,-38.411223],[145.320546,-38.411164],[145.320507,-38.411078],[145.320173,-38.411171]]}]}