{"b":[{"h":6,"g":[[145.313723,-38.374633],[145.313849,-38.374645],[145.313862,-38.374564],[145.313736,-38.374552],[145.313723,-38.374633]]},{"h":6,"g":[[145.314046,-38.374793],[145.31412,-38.374805],[145.314132,-38.374759],[145.314215,-38.374773],[145.31423,-38.374716],[145.314131,-38.3747],[145.314148,-38.374638],[145.31409,-38.374628],[145.314046,-38.374793]]},{"h":6,"g":[[145.308445,-38.364056],[145.308605,-38.364075],[145.308618,-38.364012],[145.308458,-38.363992],[145.308445,-38.364056]]}]}