{"b":[{"h":6,"g":[[145.08555,-37.210976],[145.085565,-37.211158],[145.085611,-37.211156],[145.085607,-37.211107],[145.085717,-37.211101],[145.085706,-37.210968],[145.08555,-37.210976]]}]}