{"b":[{"h":6,"g":[[145.087918,-37.558362],[145.087925,-37.558408],[145.087956,-37.558448],[145.087982,-37.558471],[145.088011,-37.55849],[145.088011,-37.558511],[145.088075,-37.558527],[145.088084,-37.558562],[145.088106,-37.55861],[145.088161,-37.558624],[145.088172,-37.558595],[145.088216,-37.558478],[145.088311,-37.55849],[145.088381,-37.558408],[145.088262,-37.558389],[145.088264,-37.558369],[145.088214,-37.558359],[145.088238,-37.558277],[145.088194,-37.558273],[145.08817,-37.558334],[145.08809,-37.558315],[145.088092,-37.558289],[145.088035,-37.558284],[145.08798,-37.558298],[145.087929,-37.558324],[145.087918,-37.558362]]},{"h":6,"g":[[145.088161,-37.558624],[145.08827,-37.558791],[145.088366,-37.558754],[145.088296,-37.558644],[145.08826,-37.55866],[145.088221,-37.558598],[145.088172,-37.558595],[145.088161,-37.558624]]},{"h":6,"g":[[145.101733,-37.553006],[145.101855,-37.553019],[145.101885,-37.552842],[145.101763,-37.552829],[145.101733,-37.553006]]},{"h":6,"g":[[145.10382,-37.554422],[145.10403,-37.554437],[145.104046,-37.554291],[145.103836,-37.554277],[145.10382,-37.554422]]}]}