{"b":[{"h":6,"g":[[145.106019,-37.520154],[145.106048,-37.520216],[145.106107,-37.520199],[145.106077,-37.520136],[145.106019,-37.520154]]}]}