{"b":[{"h":6,"g":[[145.106717,-37.451739],[145.106788,-37.45176],[145.106813,-37.451713],[145.106739,-37.451689],[145.106717,-37.451739]]}]}