{"b":[{"h":6,"g":[[145.10274,-37.670334],[145.102745,-37.670411],[145.102782,-37.670481],[145.102847,-37.670538],[145.102933,-37.670574],[145.103029,-37.670584],[145.103116,-37.670571],[145.103193,-37.670537],[145.103253,-37.670485],[145.10329,-37.670421],[145.103299,-37.670352],[145.103281,-37.670283],[145.103237,-37.670222],[145.103171,-37.670175],[145.10309,-37.670147],[145.103002,-37.67014],[145.102908,-37.670158],[145.102827,-37.6702],[145.102769,-37.670261],[145.10274,-37.670334]]}]}