{"b":[{"h":6,"g":[[145.106166,-38.274452],[145.106325,-38.274629],[145.106495,-38.274535],[145.106336,-38.274357],[145.106166,-38.274452]]},{"h":6,"g":[[145.107111,-38.274672],[145.107253,-38.274859],[145.107133,-38.274915],[145.107187,-38.274986],[145.107445,-38.274865],[145.107386,-38.274788],[145.107561,-38.274706],[145.107481,-38.274601],[145.107279,-38.274696],[145.107221,-38.27462],[145.107111,-38.274672]]}]}