{"b":[{"h":6,"g":[[145.088854,-38.330721],[145.089157,-38.330784],[145.089197,-38.330668],[145.089119,-38.330652],[145.089136,-38.330602],[145.089076,-38.330589],[145.089059,-38.330639],[145.088972,-38.330621],[145.088956,-38.330669],[145.088878,-38.330652],[145.088854,-38.330721]]},{"h":6,"g":[[145.095775,-38.331143],[145.095787,-38.331227],[145.096113,-38.331198],[145.096101,-38.331114],[145.095775,-38.331143]]},{"h":6,"g":[[145.091401,-38.340072],[145.091464,-38.340073],[145.091465,-38.339985],[145.091403,-38.339984],[145.091401,-38.340072]]},{"h":6,"g":[[145.091528,-38.340523],[145.091653,-38.340537],[145.091677,-38.340405],[145.091813,-38.34042],[145.091828,-38.340338],[145.091727,-38.340327],[145.091719,-38.34037],[145.091685,-38.340366],[145.09169,-38.340334],[145.091566,-38.34032],[145.091528,-38.340523]]}]}