{"b":[{"h":6,"g":[[145.086177,-38.316616],[145.086322,-38.316842],[145.086465,-38.316784],[145.086322,-38.31656],[145.086177,-38.316616]]}]}