{"b":[{"h":6,"g":[[145.105303,-38.360418],[145.10547,-38.360655],[145.105837,-38.36048],[145.10567,-38.360253],[145.105554,-38.360306],[145.10564,-38.360433],[145.105504,-38.360498],[145.105412,-38.36037],[145.105303,-38.360418]]}]}