{"b":[{"h":6,"g":[[144.805449,-37.250038],[144.805472,-37.250153],[144.80555,-37.250143],[144.805527,-37.250029],[144.805449,-37.250038]]},{"h":6,"g":[[144.805201,-37.249998],[144.80522,-37.250092],[144.805271,-37.250085],[144.80529,-37.250178],[144.805384,-37.250166],[144.805347,-37.249979],[144.805201,-37.249998]]},{"h":6,"g":[[144.804387,-37.2496],[144.804452,-37.24963],[144.804468,-37.249607],[144.804528,-37.249665],[144.804491,-37.249689],[144.804516,-37.249713],[144.804636,-37.249635],[144.804606,-37.249605],[144.804613,-37.249601],[144.804619,-37.249606],[144.804681,-37.249566],[144.804632,-37.249518],[144.804574,-37.249555],[144.804569,-37.24955],[144.804534,-37.249573],[144.80451,-37.24955],[144.804521,-37.249535],[144.804457,-37.249505],[144.804387,-37.2496]]}]}