{"b":[{"h":6,"g":[[144.819109,-37.297321],[144.819333,-37.297351],[144.819356,-37.297241],[144.819132,-37.297211],[144.819109,-37.297321]]}]}