{"b":[{"h":6,"g":[[144.81972,-37.342076],[144.819854,-37.342089],[144.819879,-37.34193],[144.819746,-37.341916],[144.81972,-37.342076]]}]}