{"b":[{"h":6,"g":[[144.805116,-37.553465],[144.805239,-37.553475],[144.805286,-37.553184],[144.805155,-37.553177],[144.805116,-37.553465]]},{"h":6,"g":[[144.810808,-37.557929],[144.810909,-37.557945],[144.810951,-37.557769],[144.810841,-37.557754],[144.810808,-37.557929]]}]}