{"b":[{"h":6,"g":[[144.816702,-37.491799],[144.817017,-37.492031],[144.817129,-37.491927],[144.817077,-37.491892],[144.81698,-37.491814],[144.816906,-37.491756],[144.816881,-37.491761],[144.816814,-37.491701],[144.816702,-37.491799]]},{"h":6,"g":[[144.816902,-37.49218],[144.816922,-37.492182],[144.816909,-37.492271],[144.817017,-37.492275],[144.817047,-37.492111],[144.816918,-37.4921],[144.816902,-37.49218]]}]}