{"b":[{"h":6,"g":[[144.820592,-37.502394],[144.82076,-37.502405],[144.820776,-37.502285],[144.820599,-37.502272],[144.820592,-37.502394]]}]}