{"b":[{"h":6,"g":[[144.809363,-37.434329],[144.809614,-37.434348],[144.809637,-37.434162],[144.809385,-37.434143],[144.809363,-37.434329]]},{"h":6,"g":[[144.808828,-37.434085],[144.809344,-37.434116],[144.809352,-37.434031],[144.809204,-37.434021],[144.809213,-37.433925],[144.809056,-37.433915],[144.809053,-37.433942],[144.809015,-37.43394],[144.809018,-37.433913],[144.808845,-37.433902],[144.808828,-37.434085]]},{"h":6,"g":[[144.808082,-37.433649],[144.808338,-37.433672],[144.808387,-37.433321],[144.808131,-37.433299],[144.808082,-37.433649]]}]}