{"b":[{"h":6,"g":[[144.804292,-37.683097],[144.804345,-37.683195],[144.804313,-37.683206],[144.80433,-37.683236],[144.804562,-37.683149],[144.804487,-37.683026],[144.804292,-37.683097]]},{"h":6,"g":[[144.815948,-37.683844],[144.815967,-37.683847],[144.815976,-37.68381],[144.816027,-37.683818],[144.816039,-37.683771],[144.816077,-37.683778],[144.816121,-37.683611],[144.816153,-37.683616],[144.816169,-37.683556],[144.8161,-37.683545],[144.816096,-37.683559],[144.816037,-37.683549],[144.816027,-37.683588],[144.816037,-37.683589],[144.81599,-37.683766],[144.815961,-37.683762],[144.815949,-37.683809],[144.815957,-37.68381],[144.815948,-37.683844]]}]}