{"b":[{"h":6,"g":[[144.804751,-37.592656],[144.804926,-37.59268],[144.804973,-37.592317],[144.8048,-37.592295],[144.804751,-37.592656]]}]}