{"b":[{"h":6,"g":[[144.813489,-37.875099],[144.813511,-37.875168],[144.813611,-37.875149],[144.81359,-37.87508],[144.813489,-37.875099]]},{"h":6,"g":[[144.803568,-37.877054],[144.803851,-37.877086],[144.803909,-37.876765],[144.803712,-37.876741],[144.80371,-37.876753],[144.803622,-37.876743],[144.803568,-37.877054]]}]}