{"b":[{"h":6,"g":[[144.801591,-38.306492],[144.801675,-38.306555],[144.801758,-38.306487],[144.801675,-38.306424],[144.801591,-38.306492]]},{"h":6,"g":[[144.801348,-38.306358],[144.801539,-38.3065],[144.801593,-38.306455],[144.801408,-38.306318],[144.801379,-38.306337],[144.801348,-38.306358]]}]}