{"b":[{"h":6,"g":[[144.806549,-38.376986],[144.806658,-38.377],[144.806686,-38.377004],[144.80669,-38.376986],[144.806767,-38.376996],[144.806785,-38.37691],[144.806579,-38.376884],[144.80657,-38.376883],[144.806549,-38.376986]]},{"h":6,"g":[[144.8065,-38.376875],[144.80657,-38.376883],[144.806579,-38.376884],[144.806584,-38.376856],[144.806505,-38.376847],[144.8065,-38.376875]]},{"h":6,"g":[[144.806631,-38.377226],[144.806707,-38.377232],[144.806776,-38.37713],[144.806714,-38.377104],[144.806631,-38.377226]]}]}