{"t":[{"r":"CALDER FREEWAY","v":14231,"h":7,"c":[[144.64847,-37.54275],[144.65031,-37.54468],[144.65659,-37.55288],[144.6579,-37.55409],[144.66396,-37.5582],[144.67635,-37.57226]]},{"r":"CALDER FREEWAY","v":14231,"h":7,"c":[[144.67052,-37.56657],[144.66377,-37.55835],[144.65817,-37.55462],[144.65609,-37.55288],[144.64977,-37.54473],[144.64781,-37.5427]]}]}