{"t":[{"r":"MAIN ROAD","v":2527,"h":7,"c":[[144.67218,-37.46556],[144.65251,-37.46812],[144.63888,-37.4757]]},{"r":"STATION ROAD","v":2584,"h":8,"c":[[144.63888,-37.4757],[144.65251,-37.46812],[144.67218,-37.46556]]}]}