{"t":[{"r":"CALDER FREEWAY","v":14231,"h":7,"c":[[144.66396,-37.5582],[144.67635,-37.57226]]},{"r":"CALDER FREEWAY","v":14231,"h":7,"c":[[144.67052,-37.56657],[144.66377,-37.55835]]}]}