{"t":[{"r":"LEAKES ROAD","v":527,"h":6,"c":[[144.65817,-37.69893],[144.65735,-37.70125],[144.65651,-37.70834],[144.65469,-37.71924]]},{"r":"WESTERN FREEWAY","v":28727,"h":14,"c":[[144.61659,-37.69892],[144.64677,-37.72045]]},{"r":"WESTERN FREEWAY","v":28727,"h":14,"c":[[144.64732,-37.72123],[144.61524,-37.69843]]}]}