{"t":[{"r":"LEAKES ROAD","v":766,"h":6,"c":[[144.66777,-37.64722],[144.66137,-37.68233]]},{"r":"HOLDEN ROAD","v":135,"h":6,"c":[[144.66777,-37.64722],[144.67732,-37.65312]]},{"r":"HOLDEN ROAD","v":250,"h":6,"c":[[144.66777,-37.64722],[144.67732,-37.65312]]},{"r":"LEAKES ROAD","v":859,"h":6,"c":[[144.66777,-37.64722],[144.66137,-37.68233]]}]}