{"t":[{"r":"HOLDEN ROAD","v":135,"h":6,"c":[[144.64527,-37.62933],[144.6559,-37.63945]]},{"r":"DIGGERS REST-COIMADAI ROAD","v":1817,"h":14,"c":[[144.64499,-37.62818],[144.64716,-37.62736],[144.64911,-37.62545],[144.65073,-37.62468],[144.65934,-37.62431],[144.66099,-37.62452],[144.66611,-37.62613],[144.67094,-37.62559]]},{"r":"DIGGERS REST-COIMADAI ROAD","v":1811,"h":15,"c":[[144.67094,-37.62559],[144.66611,-37.62613],[144.66099,-37.62452],[144.65934,-37.62431],[144.65073,-37.62468],[144.64911,-37.62545],[144.64716,-37.62736],[144.64499,-37.62818]]},{"r":"HOLDEN ROAD","v":250,"h":6,"c":[[144.64527,-37.62933],[144.6559,-37.63945]]}]}