{"t":[{"r":"TARNEIT ROAD","v":9351,"h":6,"c":[[144.66947,-37.84637],[144.66702,-37.86087]]},{"r":"TARNEIT ROAD","v":9369,"h":6,"c":[[144.66947,-37.84637],[144.66702,-37.86087]]}]}