{"t":[{"r":"DOWNING STREET","v":31,"h":0,"c":[[144.64918,-37.74481],[144.64102,-37.79886]]},{"r":"TROUPS ROAD","v":246,"h":0,"c":[[144.66783,-37.74466],[144.66332,-37.77701]]},{"r":"DOWNING STREET","v":36,"h":0,"c":[[144.64918,-37.74481],[144.64102,-37.79886]]},{"r":"TROUPS ROAD","v":333,"h":0,"c":[[144.66783,-37.74466],[144.66332,-37.77701]]}]}