{"t":[{"r":"QUEENSCLIFF ROAD","v":836,"h":10,"c":[[144.65465,-38.12506],[144.64358,-38.18194]]},{"r":"MURRADOC ROAD","v":2479,"h":7,"c":[[144.64359,-38.18194],[144.67947,-38.18615]]},{"r":"QUEENSCLIFF ROAD","v":846,"h":9,"c":[[144.64358,-38.18194],[144.65465,-38.12506]]},{"r":"MURRADOC ROAD","v":2598,"h":10,"c":[[144.67947,-38.18615],[144.64359,-38.18194]]}]}