{"t":[{"r":"FISHER STREET","v":1005,"h":6,"c":[[144.6514,-38.11483],[144.65665,-38.11547],[144.65574,-38.12005]]},{"r":"NEWCOMBE STREET","v":3545,"h":4,"c":[[144.64012,-38.11773],[144.64807,-38.11459],[144.6514,-38.11483]]},{"r":"FISHER STREET","v":954,"h":5,"c":[[144.65574,-38.12005],[144.65665,-38.11547],[144.6514,-38.11483]]},{"r":"PORTARLINGTON ROAD","v":3607,"h":4,"c":[[144.6514,-38.11483],[144.64807,-38.11459],[144.64029,-38.11764]]}]}