{"t":[{"r":"BELLARINE HIGHWAY","v":1954,"h":6,"c":[[144.64415,-38.27001],[144.64944,-38.27012],[144.65097,-38.27084],[144.6521,-38.27098],[144.65283,-38.27076],[144.65376,-38.26948],[144.65432,-38.2693],[144.65916,-38.27093],[144.66238,-38.26522],[144.66632,-38.26492],[144.66835,-38.26539]]},{"r":"WHARF STREET E","v":1757,"h":7,"c":[[144.66835,-38.26539],[144.66632,-38.26492],[144.66238,-38.26522],[144.65916,-38.27093],[144.65432,-38.2693],[144.65376,-38.26948],[144.65283,-38.27076],[144.6521,-38.27098],[144.65097,-38.27084],[144.64944,-38.27012],[144.64415,-38.27001]]}]}