{"b":[{"h":6,"g":[[144.89104,-37.54484],[144.891112,-37.544852],[144.891099,-37.544901],[144.891296,-37.544933],[144.89132,-37.544842],[144.891344,-37.544846],[144.89137,-37.544749],[144.891342,-37.544744],[144.891376,-37.544617],[144.89111,-37.544573],[144.89104,-37.54484]]}]}