{"b":[{"h":6,"g":[[144.904975,-37.526751],[144.905191,-37.526991],[144.905549,-37.526788],[144.905333,-37.526548],[144.904975,-37.526751]]}]}