{"b":[{"h":6,"g":[[144.896729,-38.432564],[144.896801,-38.432564],[144.896801,-38.432591],[144.896772,-38.432591],[144.896772,-38.43264],[144.896869,-38.432637],[144.896866,-38.432427],[144.896759,-38.432427],[144.896761,-38.432461],[144.896729,-38.432461],[144.896729,-38.432564]]},{"h":6,"g":[[144.905926,-38.443266],[144.906002,-38.443294],[144.905977,-38.44339],[144.906034,-38.443562],[144.906165,-38.443535],[144.906106,-38.443362],[144.906173,-38.443231],[144.90626,-38.443149],[144.906165,-38.443087],[144.906052,-38.443192],[144.905985,-38.443168],[144.905926,-38.443266]]},{"h":6,"g":[[144.906155,-38.443641],[144.906233,-38.443686],[144.906373,-38.443537],[144.906294,-38.443492],[144.906155,-38.443641]]},{"h":6,"g":[[144.906367,-38.443702],[144.90647,-38.443764],[144.906575,-38.443656],[144.906472,-38.443594],[144.906367,-38.443702]]}]}