{"t":[{"r":"WILDWOOD ROAD","v":207,"h":6,"c":[[144.80108,-37.5212],[144.79303,-37.56297]]},{"r":"WILDWOOD ROAD","v":264,"h":6,"c":[[144.80108,-37.5212],[144.79303,-37.56297]]}]}