{"t":[{"r":"WILDWOOD ROAD","v":207,"h":6,"c":[[144.79902,-37.60123],[144.80119,-37.60298],[144.80293,-37.60358],[144.80426,-37.60467],[144.80643,-37.6042],[144.80723,-37.60456],[144.80714,-37.60506],[144.80448,-37.60831],[144.80359,-37.60907],[144.80238,-37.60907],[144.80176,-37.60957],[144.80413,-37.61341],[144.80461,-37.61373],[144.8089,-37.61417],[144.81053,-37.61317],[144.81165,-37.61322],[144.81973,-37.61998]]},{"r":"WILDWOOD ROAD","v":264,"h":6,"c":[[144.79902,-37.60123],[144.80119,-37.60298],[144.80293,-37.60358],[144.80426,-37.60467],[144.80643,-37.6042],[144.80723,-37.60456],[144.80714,-37.60506],[144.80448,-37.60831],[144.80359,-37.60907],[144.80238,-37.60907],[144.80176,-37.60957],[144.80413,-37.61341],[144.80461,-37.61373],[144.8089,-37.61417],[144.81053,-37.61317],[144.81165,-37.61322],[144.81973,-37.61998]]}]}