{"t":[{"r":"CALDER FREEWAY","v":22449,"h":8,"c":[[144.77109,-37.67614],[144.80348,-37.69631]]},{"r":"CALDER FREEWAY","v":27826,"h":8,"c":[[144.80325,-37.69652],[144.77084,-37.67635]]}]}