{"t":[{"r":"QUEEN STREET","v":8255,"h":7,"c":[[144.79501,-37.8754],[144.80763,-37.87681],[144.81395,-37.87374]]},{"r":"QUEEN STREET","v":7491,"h":7,"c":[[144.81395,-37.87374],[144.80778,-37.87681],[144.79501,-37.8754]]}]}