{"t":[{"r":"DUNDAS STREET","v":1245,"h":6,"c":[[144.81688,-38.40883],[144.81998,-38.41088],[144.82126,-38.41178],[144.82284,-38.41375]]},{"r":"DUNDAS STREET","v":1196,"h":6,"c":[[144.81688,-38.40883],[144.81998,-38.41088],[144.82126,-38.41178],[144.82284,-38.41375]]}]}